sigma_pos,sigma_theta,sigma_encoder,k,connected,limb_id,child_id,cost_per_obs,cov_trace,cj_x,cj_y,cj_theta,movement_low,movement_high
0.001,0.0017,0.0009,10,True,0,1,1.3929461441653455,6.040277413725029e-07,-0.02009057555362669,0.0003925073214591701,0.001239285059970571,-1.1780972450961724,-0.39269908169872414
0.001,0.0017,0.0009,10,False,0,3,11452.085232907486,6.000001320789266e-07,-0.1494943826936294,-0.00032614953975660294,0.27108104352584284,-1.1780972450961724,-0.39269908169872414
0.001,0.0017,0.0009,10,False,0,6,11465.797441915287,6.000001785011751e-07,-0.14993177029524432,-0.000721167923509808,0.2703935056101606,-1.1780972450961724,-0.39269908169872414
0.001,0.0017,0.0009,10,True,1,2,1.7488547434761248,6.054412795494744e-07,0.0006160529158339423,-0.010691432762545137,0.0006997652405655066,-1.1780972450961724,-0.39269908169872414
0.001,0.0017,0.0009,10,False,3,0,14107.924220253504,6.000001311764432e-07,-0.15050916476070997,0.0003141385890127822,0.30673847253337505,-1.1780972450961724,-0.39269908169872414
0.001,0.0017,0.0009,10,True,3,4,1.2791861454829407,6.040096923080686e-07,-0.02038184747453221,-7.504140271199536e-05,-1.676753680334574e-05,-1.1780972450961724,-0.39269908169872414
0.001,0.0017,0.0009,10,False,3,6,14031.153158533027,6.000001340505661e-07,-0.15042849628468694,-0.00039939546183633565,0.30525418696670503,-1.1780972450961724,-0.39269908169872414
0.001,0.0017,0.0009,10,True,4,5,2.754460121537484,6.053808854969404e-07,-0.00016862996454348016,-0.009848053736780792,0.00028757353950191526,-1.1780972450961724,-0.39269908169872414
0.001,0.0017,0.0009,10,False,4,7,18181.426038543643,6.000405462454021e-07,-0.14284202236405827,-0.010095766104602383,0.3315060171971828,-1.1780972450961724,-0.39269908169872414
0.001,0.0017,0.0009,10,False,6,0,20905.143482894207,6.000001822074225e-07,-0.15010746560030605,0.0007280029795668443,0.36482190118815827,-1.1780972450961724,-0.39269908169872414
0.001,0.0017,0.0009,10,False,6,3,20776.840685644915,6.000001471726683e-07,-0.14956492705707297,0.00046185926042952697,0.3640251516326947,-1.1780972450961724,-0.39269908169872414
0.001,0.0017,0.0009,10,True,6,7,1.7474646268346745,6.040585563504553e-07,-0.019594641846126533,0.00038448106531565734,0.001771282757134724,-1.1780972450961724,-0.39269908169872414
0.001,0.0017,0.0009,10,True,7,8,1.9097038388671013,6.05365328129934e-07,-0.0003864081038223716,-0.009842567385842856,0.0002922355690138562,-1.1780972450961724,-0.39269908169872414
0.001,0.0017,0.0009,10,False,1,4,14155.702864104818,6.000077650555311e-07,-0.14770276114897696,-0.003744085539137519,0.3115878261823516,-1.1780972450961724,-0.39269908169872414
0.001,0.0017,0.0009,10,False,6,4,809.6082419736867,6.040332240860412e-07,-0.020319450458675704,0.008945130041071463,0.048742672052819326,-1.1780972450961724,-0.39269908169872414
0.001,0.0017,0.0009,10,False,3,7,849.0085982915546,6.040356843308695e-07,-0.020038054813571737,-0.004048221311332484,-0.02023603388051599,-1.1780972450961724,-0.39269908169872414
0.001,0.0017,0.0009,10,False,7,4,18381.60307634232,6.000083588003287e-07,-0.15283901560382798,0.003821128347202089,0.35150586038566733,-1.1780972450961724,-0.39269908169872414
0.001,0.0017,0.0009,10,False,0,4,514.5308260215913,6.040370801899237e-07,-0.019961605379591185,-0.0019097605385387257,-0.008837095269548692,-1.1780972450961724,-0.39269908169872414
0.001,0.0017,0.0009,10,False,1,7,11957.20035458131,6.000353875445199e-07,-0.14468991391525723,-0.0098424492694079,0.2799421857998329,-1.1780972450961724,-0.39269908169872414
0.001,0.0017,0.0009,10,False,3,1,528.7561008348501,6.040088472038558e-07,-0.020431370966344294,0.002559649849191544,0.009890242078670725,-1.1780972450961724,-0.39269908169872414
0.001,0.0017,0.0009,10,False,4,1,21982.683642107033,6.000041732213297e-07,-0.15235522464635032,0.0020159762885003946,0.35108782670633126,-1.1780972450961724,-0.39269908169872414
0.001,0.0017,0.0009,10,False,0,7,1122.1638881354936,6.040219166953007e-07,-0.02029706892276187,-0.004951370450925665,-0.020752439721442167,-1.1780972450961724,-0.39269908169872414
0.001,0.0017,0.0009,10,False,7,1,21859.04906514333,6.000051545525721e-07,-0.14893299673392169,-0.00011273568287622414,0.38746460522763243,-1.1780972450961724,-0.39269908169872414
0.001,0.0017,0.0009,10,False,6,1,929.6594869728393,6.04023579802127e-07,-0.020175256634514218,0.0004428601810455314,-0.0012139474827842383,-1.1780972450961724,-0.39269908169872414
0.001,0.0017,0.0009,10,True,0,1,2.1294401297294447,6.04007365604778e-07,-0.02041960574588937,-0.00022182642027442014,-0.0005801142783958289,-1.1780972450961724,-0.39269908169872414
0.001,0.0017,0.0009,10,False,0,3,17294.145788137626,6.000004117868634e-07,-0.15085172382333925,-0.0007477880231221847,0.41344197940623517,-1.1780972450961724,-0.39269908169872414
0.001,0.0017,0.0009,10,False,0,6,17254.658529339293,6.000001825274311e-07,-0.15070044694083862,-0.00031663859037849246,0.4131890060908077,-1.1780972450961724,-0.39269908169872414
0.001,0.0017,0.0009,10,True,1,2,0.9182111083187193,6.053998790598442e-07,6.532046674779514e-05,-0.010316702907716784,0.00027610105823695346,-1.1780972450961724,-0.39269908169872414
0.001,0.0017,0.0009,10,False,2,5,14576.56205467301,6.000826188280167e-07,-0.13775917714139696,-0.012484680457135218,0.317757705359444,-1.1780972450961724,-0.39269908169872414
0.001,0.0017,0.0009,10,False,3,0,25787.32886836507,6.000004339971379e-07,-0.14919938734906207,0.0008627306162664358,0.5280178309677045,-1.1780972450961724,-0.39269908169872414
0.001,0.0017,0.0009,10,True,3,4,1.5196049168400685,6.040346815816225e-07,-0.019979458197927312,0.00043686691586202744,0.00027149643944055407,-1.1780972450961724,-0.39269908169872414
0.001,0.0017,0.0009,10,False,3,6,25761.49849706537,6.000001270851434e-07,-0.1499224914058955,0.0004485675962031533,0.5278066236721529,-1.1780972450961724,-0.39269908169872414
0.001,0.0017,0.0009,10,True,4,5,1.1740479111693438,6.05412122485501e-07,0.0002781817688204504,-0.009683207561861768,-0.000636844362869142,-1.1780972450961724,-0.39269908169872414
0.001,0.0017,0.0009,10,False,6,0,22806.826479319734,6.000001991786838e-07,-0.14926393163169502,0.00035293246324312184,0.4677419305286009,-1.1780972450961724,-0.39269908169872414
0.001,0.0017,0.0009,10,False,6,3,22964.652626076197,6.000001300149204e-07,-0.15015938684558094,-0.00044169878096379783,0.46778370249853496,-1.1780972450961724,-0.39269908169872414
0.001,0.0017,0.0009,10,True,6,7,2.2477612964152613,6.040223473011255e-07,-0.020177900437309746,-0.00047204685443543565,-0.000190943302152327,-1.1780972450961724,-0.39269908169872414
0.001,0.0017,0.0009,10,True,7,8,1.8338168585086492,6.053965196852519e-07,5.950143027898578e-05,-0.009697382309129587,-0.00023245735103177178,-1.1780972450961724,-0.39269908169872414
0.001,0.0017,0.0009,10,False,2,8,13274.273581532612,6.00068877946182e-07,-0.14075760950820446,-0.01209102921414359,0.3148934945348449,-1.1780972450961724,-0.39269908169872414
0.001,0.0017,0.0009,10,False,5,8,25230.2926248021,6.000619375847512e-07,-0.13563823999039604,-0.0035309668705031856,0.4218684419596277,-1.1780972450961724,-0.39269908169872414
0.001,0.0017,0.0009,10,False,4,2,1558.6776877949587,6.052411325330109e-07,-0.0018691277599363829,0.001252396119392355,0.04739195877947199,-1.1780972450961724,-0.39269908169872414
0.001,0.0017,0.0009,10,False,4,7,27263.603164218155,6.00007555084543e-07,-0.15067903034197674,-9.685002308503979e-05,0.507186315660548,-1.1780972450961724,-0.39269908169872414
0.001,0.0017,0.0009,10,False,8,5,19777.869335479998,6.000361421383952e-07,-0.14096957048926406,-0.005066642139358638,0.36905501862589357,-1.1780972450961724,-0.39269908169872414
0.001,0.0017,0.0009,10,False,8,2,19707.390618240264,6.00018151164412e-07,-0.14293181810937425,0.00021400647750390624,0.3566718547597172,-1.1780972450961724,-0.39269908169872414
0.001,0.0017,0.0009,10,False,7,2,766.0479331481727,6.055339877275868e-07,0.0021117249021172972,-0.0060768803212170736,0.027822910564512075,-1.1780972450961724,-0.39269908169872414
0.001,0.0017,0.0009,10,True,0,1,1.5034282744033836,6.040757428383362e-07,-0.019321712346928425,-0.0008392887220359004,-0.00022287480268237336,-1.1780972450961724,-0.39269908169872414
0.001,0.0017,0.0009,10,False,0,3,13969.379920402916,6.00000227165217e-07,-0.14946433942106183,-0.0006193578997353518,0.37302963825197083,-1.1780972450961724,-0.39269908169872414
0.001,0.0017,0.0009,10,False,0,6,13967.068256614672,6.000001722192068e-07,-0.14962737228707043,-0.0004309869128074767,0.37296722389802084,-1.1780972450961724,-0.39269908169872414
0.001,0.0017,0.0009,10,True,1,2,2.5366274659627757,6.053815692544178e-07,-0.00017832460377932737,-0.010136255809462936,0.0002695530189724967,-1.1780972450961724,-0.39269908169872414
0.001,0.0017,0.0009,10,False,3,0,25893.206145250642,6.000001986926059e-07,-0.1505666847821121,0.0004694158086904436,0.5362696667584542,-1.1780972450961724,-0.39269908169872414
0.001,0.0017,0.0009,10,True,3,4,2.2806497543792505,6.040267347049769e-07,-0.020108049539898424,-0.0005837088223915705,-0.0010504358808136334,-1.1780972450961724,-0.39269908169872414
0.001,0.0017,0.0009,10,False,3,6,25845.286875554615,6.000000793486739e-07,-0.15024544720779434,0.0002317370920623341,0.5361260281723799,-1.1780972450961724,-0.39269908169872414
0.001,0.0017,0.0009,10,True,4,5,2.3199811748675048,6.053767528998403e-07,-0.0002088671951737607,-0.00957179434771586,-0.00023222226361232243,-1.1780972450961724,-0.39269908169872414
0.001,0.0017,0.0009,10,False,6,0,22733.86716393842,6.000001758913962e-07,-0.15048747710139704,0.0003218864827030332,0.4916135272685471,-1.1780972450961724,-0.39269908169872414
0.001,0.0017,0.0009,10,False,6,3,22704.692327069337,6.000000707168385e-07,-0.1497802627455836,-0.0001629043665706869,0.49153227370333885,-1.1780972450961724,-0.39269908169872414
0.001,0.0017,0.0009,10,False,6,4,1298.4061781264227,6.040028006754834e-07,-0.020651315654669197,-0.0059620372846793295,-0.031752204593646284,-1.1780972450961724,-0.39269908169872414
0.001,0.0017,0.0009,10,True,6,7,1.9637909593030696,6.040421059443224e-07,-0.019859701335870398,0.00043046713126864826,-0.0002635259152624891,-1.1780972450961724,-0.39269908169872414
0.001,0.0017,0.0009,10,True,7,8,1.2545566223283602,6.053606215648265e-07,-0.00048309198062322086,-0.01030643429554926,0.0002960182266054778,-1.1780972450961724,-0.39269908169872414
0.001,0.0017,0.0009,10,False,1,4,22273.706425052093,6.000118718358333e-07,-0.14906454864826296,-0.001909689523485761,0.4521743901334244,-1.1780972450961724,-0.39269908169872414
0.001,0.0017,0.0009,10,False,5,2,23493.796183561128,6.000336901504341e-07,-0.14054062966318553,9.041445735103975e-05,0.394527104523092,-1.1780972450961724,-0.39269908169872414
0.001,0.0017,0.0009,10,False,3,7,1063.762566670775,6.04015012391341e-07,-0.020359769458722483,0.003232841212097141,0.016369665985388606,-1.1780972450961724,-0.39269908169872414
0.001,0.0017,0.0009,10,False,4,1,19004.53668744309,6.000492442284537e-07,-0.14161521642921918,-0.00986187129292962,0.4357665788452846,-1.1780972450961724,-0.39269908169872414
0.001,0.0017,0.0009,10,False,7,4,25206.04729058387,6.000084653681672e-07,-0.147252187494986,-0.0030963930387144013,0.5119523500359426,-1.1780972450961724,-0.39269908169872414
0.001,0.0017,0.0009,10,False,0,4,1878.7550329267197,6.039961812491489e-07,-0.020708793188138012,0.004427948305155354,0.026335733268046613,-1.1780972450961724,-0.39269908169872414
0.001,0.0017,0.0009,10,False,3,1,1874.262838567564,6.040638587060389e-07,-0.019648678045168025,-0.005369603253229032,-0.026802786019250853,-1.1780972450961724,-0.39269908169872414
0.001,0.0017,0.0009,10,False,4,8,824.8431425259399,6.05079406196566e-07,-0.004186749878201418,0.0013966065258076957,0.04120976727757391,-1.1780972450961724,-0.39269908169872414
0.001,0.0017,0.0009,10,False,0,7,1253.799103365899,6.040164422505176e-07,-0.020455434257942526,0.0064213106909723015,0.03189445205478539,-1.1780972450961724,-0.39269908169872414
0.001,0.0017,0.0009,10,False,1,8,247.04564807897995,6.049030236086446e-07,-0.006704114425257416,-0.0005801002778082548,0.01852893782517802,-1.1780972450961724,-0.39269908169872414
0.001,0.0017,0.0009,10,False,1,7,19462.933442886064,6.000111659764961e-07,-0.15386095156983454,0.0042184085975665786,0.4307235991202283,-1.1780972450961724,-0.39269908169872414
0.001,0.0017,0.0009,10,False,7,1,18748.262019599995,6.000201405608173e-07,-0.1446984654660419,-0.00605597507167993,0.43094882764144155,-1.1780972450961724,-0.39269908169872414
0.001,0.0017,0.0009,10,True,0,1,1.7004024855303161,6.04017929344816e-07,-0.020248517320510775,-0.00029661673281365186,-5.856424599841494e-05,-1.1780972450961724,-0.39269908169872414
0.001,0.0017,0.0009,10,False,0,3,18558.734991129182,6.000000297126194e-07,-0.15000958046870286,0.0001756221778940325,0.42361183369915134,-1.1780972450961724,-0.39269908169872414
0.001,0.0017,0.0009,10,False,0,6,18642.60225564318,6.000001527506012e-07,-0.15011545852892252,-0.0006862035381782732,0.42472049231394293,-1.1780972450961724,-0.39269908169872414
0.001,0.0017,0.0009,10,True,1,2,1.451049513749472,6.054009628708038e-07,0.00010615204698988834,-0.009938034022224191,0.0001154929278441554,-1.1780972450961724,-0.39269908169872414
0.001,0.0017,0.0009,10,False,3,0,22886.609770870014,6.000000313283335e-07,-0.15001579974627513,-0.00019495792643365657,0.48100859451289457,-1.1780972450961724,-0.39269908169872414
0.001,0.0017,0.0009,10,True,3,4,1.3904657244418304,6.040562680333458e-07,-0.019631268793375428,2.432592206248935e-05,0.0007784161357881824,-1.1780972450961724,-0.39269908169872414
0.001,0.0017,0.0009,10,False,3,6,22935.49910632291,6.000002786051043e-07,-0.1501049800874579,-0.0009783229284956517,0.4803630257073589,-1.1780972450961724,-0.39269908169872414
0.001,0.0017,0.0009,10,True,4,5,1.8903971669220698,6.054010815138504e-07,6.830481302553656e-05,-0.010508601101202436,0.000871108796118214,-1.1780972450961724,-0.39269908169872414
0.001,0.0017,0.0009,10,False,6,0,15912.432974600739,6.00000173206017e-07,-0.14987166898008886,0.0007486329007097267,0.4020966162069213,-1.1780972450961724,-0.39269908169872414
0.001,0.0017,0.0009,10,False,6,3,15737.839607997332,6.000002613325666e-07,-0.1498545461302167,0.0009320345944240291,0.4003423847533759,-1.1780972450961724,-0.39269908169872414
0.001,0.0017,0.0009,10,True,6,7,1.1252593581328874,6.040813398092149e-07,-0.01922998297393672,0.0005963906299218353,0.0005612025815289774,-1.1780972450961724,-0.39269908169872414
0.001,0.0017,0.0009,10,True,7,8,3.0436873993877454,6.054307282037047e-07,0.0004963673848497918,-0.01030077178388114,-0.00015547268531066036,-1.1780972450961724,-0.39269908169872414
0.001,0.0017,0.0009,10,False,6,1,1105.7507984895742,6.040263981137803e-07,-0.02018629357953369,-0.003798248610603621,-0.01911190546768919,-1.1780972450961724,-0.39269908169872414
0.001,0.0017,0.0009,10,False,4,7,18522.011407749644,6.000285822507458e-07,-0.14553598635333687,-0.00807838550571794,0.4013283971206402,-1.1780972450961724,-0.39269908169872414
0.001,0.0017,0.0009,10,False,1,5,1502.1571716895382,6.050948437381115e-07,-0.004120793092379307,-0.006447561694305067,-0.0003860777832685888,-1.1780972450961724,-0.39269908169872414
0.001,0.0017,0.0009,10,True,0,1,2.1101748565432095,6.040059464138639e-07,-0.020443653680217434,-0.00039202255066943383,-0.0005850727111843743,-1.1780972450961724,-0.39269908169872414
0.001,0.0017,0.0009,10,False,0,3,18035.76660802077,6.000001784312395e-07,-0.15044625214350113,-0.0004999998922109941,0.43817308310009884,-1.1780972450961724,-0.39269908169872414
0.001,0.0017,0.0009,10,False,0,6,18087.420151125676,6.000001762203751e-07,-0.1505341448324772,2.6388514244264026e-06,0.43798834944448267,-1.1780972450961724,-0.39269908169872414
0.001,0.0017,0.0009,10,True,1,2,2.6696637531704273,6.05379801727581e-07,-0.00016677990739079164,-0.009572105471345368,-0.0011909821077479886,-1.1780972450961724,-0.39269908169872414
0.001,0.0017,0.0009,10,False,1,7,22056.423234551294,6.000224375441836e-07,-0.14407448381449608,-0.005645673413814781,0.48817595286125093,-1.1780972450961724,-0.39269908169872414
0.001,0.0017,0.0009,10,False,2,8,18989.526564177104,6.000259291025517e-07,-0.14342393594961061,-0.005959746911653039,0.44487029858858707,-1.1780972450961724,-0.39269908169872414
0.001,0.0017,0.0009,10,False,3,0,13790.494619389667,6.000002001720894e-07,-0.14942997817972828,0.00047197089196631797,0.3787223601045582,-1.1780972450961724,-0.39269908169872414
0.001,0.0017,0.0009,10,True,3,4,1.9301866530036151,6.040279686107574e-07,-0.02008618179996134,1.9311515770148424e-06,0.00017483253894923987,-1.1780972450961724,-0.39269908169872414
0.001,0.0017,0.0009,10,False,3,6,13777.855243359216,6.000001011818637e-07,-0.15002440173428175,0.00046526303252221435,0.37861719706241803,-1.1780972450961724,-0.39269908169872414
0.001,0.0017,0.0009,10,True,4,5,2.8187964351248516,6.054028052078385e-07,0.0001515568671372202,-0.009635175596223488,-0.0003360172607296412,-1.1780972450961724,-0.39269908169872414
0.001,0.0017,0.0009,10,False,6,0,21477.10244302505,6.000001712977921e-07,-0.14948744870250824,-1.7226350804903793e-05,0.47681656699239716,-1.1780972450961724,-0.39269908169872414
0.001,0.0017,0.0009,10,False,6,3,21432.066398537405,6.000001090381642e-07,-0.1498779191075328,-0.00048761763542368386,0.4768961266676886,-1.1780972450961724,-0.39269908169872414
0.001,0.0017,0.0009,10,True,6,7,2.137810523139567,6.040477799906821e-07,-0.019768203616547842,-0.0001572546610615354,-0.00017785542650145992,-1.1780972450961724,-0.39269908169872414
0.001,0.0017,0.0009,10,True,7,8,1.7051512380701621,6.05388023622919e-07,-7.528551510785684e-05,-0.009943330119380972,-0.00029901902366805876,-1.1780972450961724,-0.39269908169872414
0.001,0.0017,0.0009,10,False,6,4,1293.9724458667197,6.040620055792424e-07,-0.019566153504947975,0.0010032820028163902,0.006675657224726649,-1.1780972450961724,-0.39269908169872414
0.001,0.0017,0.0009,10,False,7,4,24891.884020708552,6.00012666862274e-07,-0.1472858001056627,-0.0032694987183873006,0.4945018412750498,-1.1780972450961724,-0.39269908169872414
0.001,0.0017,0.0009,10,False,3,7,1225.6563008930584,6.040238194433112e-07,-0.02018088320596136,-0.0008867757911740298,-0.003973964429625979,-1.1780972450961724,-0.39269908169872414
0.001,0.0017,0.0009,10,False,7,1,28518.15412977573,6.000083926067984e-07,-0.15101827438740378,0.0006947279550838853,0.5548104058242983,-1.1780972450961724,-0.39269908169872414
0.001,0.0017,0.0009,10,False,0,7,1648.0343305345682,6.03999123771373e-07,-0.020702538301771274,-0.005617994237604213,-0.03056173807999691,-1.1780972450961724,-0.39269908169872414
0.001,0.0017,0.0009,10,False,1,4,26722.71805784027,6.000084047408997e-07,-0.14997912590674123,0.001418078343575404,0.5448817408129922,-1.1780972450961724,-0.39269908169872414
0.001,0.0017,0.0009,10,False,4,1,12940.495689380003,6.000224902499626e-07,-0.14559947786700733,-0.0068428201028640145,0.36949233515062624,-1.1780972450961724,-0.39269908169872414
0.001,0.0017,0.0009,10,False,8,2,21006.131828678714,6.000125122008809e-07,-0.14807469035767643,0.0023346659129998967,0.45499958732385004,-1.1780972450961724,-0.39269908169872414
0.001,0.0017,0.0009,10,False,6,1,1843.8324208401987,6.039890803330053e-07,-0.021006860828449388,0.008215695129757361,0.04622761007786945,-1.1780972450961724,-0.39269908169872414
0.001,0.0017,0.0009,10,False,7,2,388.13954781036557,6.052391845210475e-07,-0.001966965872398813,-0.0036163664441516714,0.030771074587336907,-1.1780972450961724,-0.39269908169872414
0.001,0.0017,0.0009,10,True,0,1,1.301229302353527,6.039724561393837e-07,-0.02098694640500242,-0.0007649282386562337,5.574978725187885e-05,-1.1780972450961724,-0.39269908169872414
0.001,0.0017,0.0009,10,False,0,3,28807.549823814898,6.000001461438071e-07,-0.15049368967856652,4.367620276920104e-05,0.5671502061686943,-1.1780972450961724,-0.39269908169872414
0.001,0.0017,0.0009,10,False,0,6,28597.30817747414,6.00000415567279e-07,-0.15101874365011886,-0.0006851457234749891,0.565956179677144,-1.1780972450961724,-0.39269908169872414
0.001,0.0017,0.0009,10,True,1,2,1.8912618015609663,6.053985804797166e-07,0.00012513334566885138,-0.00910410195259531,-0.0001423750324979016,-1.1780972450961724,-0.39269908169872414
0.001,0.0017,0.0009,10,False,3,0,13903.95880933216,6.000001418887784e-07,-0.14953646172606638,-0.00010716086503054367,0.3905088470831149,-1.1780972450961724,-0.39269908169872414
0.001,0.0017,0.0009,10,True,3,4,1.789793117050032,6.040640438424244e-07,-0.019508736487389374,-0.0007218284006891689,-0.0005766202596711334,-1.1780972450961724,-0.39269908169872414
0.001,0.0017,0.0009,10,False,3,6,13938.125457976445,6.000002153667509e-07,-0.1506793556151286,-0.0005237948889337994,0.3901911672433931,-1.1780972450961724,-0.39269908169872414
0.001,0.0017,0.0009,10,True,4,5,1.067894753229033,6.052846991100509e-07,-0.0015288081171580589,-0.009987188449829959,-0.00011389156203474802,-1.1780972450961724,-0.39269908169872414
0.001,0.0017,0.0009,10,False,6,0,20880.112329022922,6.000003788203076e-07,-0.14894800121743504,0.00048373922795226363,0.4466671735298437,-1.1780972450961724,-0.39269908169872414
0.001,0.0017,0.0009,10,False,6,3,20894.235727326908,6.0000020731081e-07,-0.14942601953959447,0.000608208262048477,0.447543517672966,-1.1780972450961724,-0.39269908169872414
0.001,0.0017,0.0009,10,True,6,7,1.8735648427799645,6.040187169781511e-07,-0.020235913312718644,-0.00022039733598918965,0.0005852568035334861,-1.1780972450961724,-0.39269908169872414
0.001,0.0017,0.0009,10,True,7,8,2.3336791992101946,6.054326113728031e-07,0.0005752808754548922,-0.009494590784796343,-0.00029586218177125515,-1.1780972450961724,-0.39269908169872414
0.001,0.0017,0.0009,10,False,0,4,1249.3467831896883,6.040373349710659e-07,-0.019974579922869332,0.0019707167935844954,0.013443365816371714,-1.1780972450961724,-0.39269908169872414
0.001,0.0017,0.0009,10,False,3,1,1237.8471236300807,6.040183160058994e-07,-0.02029219089478513,-0.0025584492997174687,-0.014548876893290999,-1.1780972450961724,-0.39269908169872414
0.001,0.0017,0.0009,10,False,5,2,25257.340298614417,6.00228238949186e-07,-0.12357141818286757,-0.011935490338728866,0.502221826657735,-1.1780972450961724,-0.39269908169872414
0.001,0.0017,0.0009,10,False,4,7,19108.057138791813,6.000136975926363e-07,-0.1472214304983187,-0.0050833788627020005,0.43165882565409497,-1.1780972450961724,-0.39269908169872414
0.001,0.0017,0.0009,10,False,5,8,23465.854183553405,6.001241845065217e-07,-0.12949298659039285,-0.005482912744462384,0.4913077836819991,-1.1780972450961724,-0.39269908169872414
0.001,0.0017,0.0009,10,False,8,5,22968.55366443705,6.002256165510283e-07,-0.1232206145555873,-0.009776849630449187,0.5159973494878849,-1.1780972450961724,-0.39269908169872414
0.001,0.0017,0.0009,10,False,1,8,674.0019620958503,6.051199652782506e-07,-0.0039566024393110286,-0.009553483961692996,-0.024929273288404708,-1.1780972450961724,-0.39269908169872414
0.001,0.0017,0.0009,10,True,0,1,1.6704888835039853,6.039911892962231e-07,-0.020684208308992615,0.0009181481400387606,0.00013626965129967997,-1.1780972450961724,-0.39269908169872414
0.001,0.0017,0.0009,10,False,0,3,21682.997450569004,6.000002084063305e-07,-0.1504637825116032,0.0005882993508576332,0.44559017777458393,-1.1780972450961724,-0.39269908169872414
0.001,0.0017,0.0009,10,False,0,6,21881.982431415578,6.000002358275079e-07,-0.1507965824728145,0.0003002032440657425,0.4471803333959122,-1.1780972450961724,-0.39269908169872414
0.001,0.0017,0.0009,10,True,1,2,1.736148428236343,6.054425491504113e-07,0.0006488074651164895,-0.010477355637711449,0.0004950069761271607,-1.1780972450961724,-0.39269908169872414
0.001,0.0017,0.0009,10,False,1,4,20272.027446251646,6.000206491454104e-07,-0.144373525441254,-0.005909259177893515,0.4595176800756888,-1.1780972450961724,-0.39269908169872414
0.001,0.0017,0.0009,10,False,3,0,25044.950097910456,6.000002039401488e-07,-0.14949928221826084,-0.0005387291703303438,0.49777485948960853,-1.1780972450961724,-0.39269908169872414
0.001,0.0017,0.0009,10,True,3,4,1.612397897566052,6.040066080833717e-07,-0.02043169399322792,0.0001843277184820439,-0.0001641034951560721,-1.1780972450961724,-0.39269908169872414
0.001,0.0017,0.0009,10,False,3,6,25268.281283289427,6.000000994187771e-07,-0.15029441327650334,-0.00025919497734594796,0.4997009170977095,-1.1780972450961724,-0.39269908169872414
0.001,0.0017,0.0009,10,True,4,5,2.0847346801325,6.054321779301897e-07,0.0005389906613154071,-0.00996417930584142,0.00022634264142067486,-1.1780972450961724,-0.39269908169872414
0.001,0.0017,0.0009,10,False,6,0,19881.061883146544,6.000002311013774e-07,-0.1492251353789621,-0.00032066736112310924,0.43858612419240206,-1.1780972450961724,-0.39269908169872414
0.001,0.0017,0.0009,10,False,6,3,19789.261119243016,6.000000790885913e-07,-0.14986303754129532,0.00020725470140065552,0.4389220512723641,-1.1780972450961724,-0.39269908169872414
0.001,0.0017,0.0009,10,True,6,7,1.2703540801689408,6.040090147831073e-07,-0.02039391647724652,0.0006571384885159804,-0.000577140148085818,-1.1780972450961724,-0.39269908169872414
0.001,0.0017,0.0009,10,True,7,8,2.3460832160075094,6.054496932679918e-07,0.000769821824700317,-0.010155753829061588,-0.000219346290797797,-1.1780972450961724,-0.39269908169872414
0.001,0.0017,0.0009,10,False,7,4,16955.371148537397,6.000297846891437e-07,-0.1432954904286326,-0.006125308706084652,0.43441768465771263,-1.1780972450961724,-0.39269908169872414
0.001,0.0017,0.0009,10,False,1,7,19858.984784314383,6.000355332978145e-07,-0.1431183385177361,-0.008625602984859202,0.45269276604179814,-1.1780972450961724,-0.39269908169872414
0.001,0.0017,0.0009,10,False,2,8,18864.590411209636,6.001272773950231e-07,-0.13036909888169249,-0.009703841295772384,0.44167053368436343,-1.1780972450961724,-0.39269908169872414
0.001,0.0017,0.0009,10,False,7,1,23418.48849686863,6.000218920130691e-07,-0.15474307478069124,0.006844194312593118,0.49004190809836884,-1.1780972450961724,-0.39269908169872414
0.001,0.0017,0.0009,10,False,0,7,1401.468566984575,6.039608834372826e-07,-0.021305834244606667,-0.00524454057279173,-0.030945020819179866,-1.1780972450961724,-0.39269908169872414
0.001,0.0017,0.0009,10,False,4,1,19301.19659502333,6.000074778844137e-07,-0.14814623574256602,-0.0036836778515907205,0.42614790508989736,-1.1780972450961724,-0.39269908169872414
0.001,0.0017,0.0009,10,False,7,5,751.0276669361209,6.049980550612898e-07,-0.005417544590077696,0.0016101597197805172,0.02130012681410862,-1.1780972450961724,-0.39269908169872414
0.001,0.0017,0.0009,10,False,6,1,1290.9373283320124,6.039948132334736e-07,-0.020778773762045614,0.005878065849424178,0.03244045209636327,-1.1780972450961724,-0.39269908169872414
0.001,0.0017,0.0009,10,False,6,4,1529.6123804813985,6.039898156892464e-07,-0.02085421800696505,0.0057094648546093685,0.03091728728750909,-1.1780972450961724,-0.39269908169872414
0.001,0.0017,0.0009,10,False,0,4,1268.0233023114104,6.039995121713671e-07,-0.0205724199785456,-0.0004658279898640285,-0.0017340133390332262,-1.1780972450961724,-0.39269908169872414
0.001,0.0017,0.0009,10,False,3,1,1318.242028619343,6.040492169855913e-07,-0.01977214192788033,3.295639532604034e-05,0.0008172626954847191,-1.1780972450961724,-0.39269908169872414
0.001,0.0017,0.0009,10,False,2,5,24818.2191728337,6.002204453226565e-07,-0.12309842634342553,-0.009839861895826503,0.5008693742670149,-1.1780972450961724,-0.39269908169872414
0.001,0.0017,0.0009,10,True,0,1,1.1688201502724982,6.040589817328612e-07,-0.019588495294268354,-0.0005822912633934816,-0.00020196921206128753,-1.1780972450961724,-0.39269908169872414
0.001,0.0017,0.0009,10,False,0,3,21967.276031536163,6.000000162157683e-07,-0.15002532265888355,-7.570661726814904e-05,0.46980927858986504,-1.1780972450961724,-0.39269908169872414
0.001,0.0017,0.0009,10,False,0,6,21885.81807902083,6.00000099868508e-07,-0.1495779292405613,-0.0002851735010089941,0.4694305424485236,-1.1780972450961724,-0.39269908169872414
0.001,0.0017,0.0009,10,True,1,2,1.6544102355351484,6.053618632423982e-07,-0.0004391094959921112,-0.009906477203385148,4.009511226613977e-05,-1.1780972450961724,-0.39269908169872414
0.001,0.0017,0.0009,10,False,3,0,23994.98530503618,6.000000159319414e-07,-0.1500052231332526,7.11262871300426e-05,0.5244414464944406,-1.1780972450961724,-0.39269908169872414
0.001,0.0017,0.0009,10,True,3,4,2.3443045512254566,6.040361432119479e-07,-0.019955275337033306,-0.00036411432690965003,-0.0006828608212827627,-1.1780972450961724,-0.39269908169872414
0.001,0.0017,0.0009,10,False,3,6,23939.01414140049,6.000001075474756e-07,-0.14959408166763585,-0.00026477280749770675,0.5238923225711385,-1.1780972450961724,-0.39269908169872414
0.001,0.0017,0.0009,10,True,4,5,2.012466813259524,6.053734383657484e-07,-0.00029049238742926786,-0.010107687112901997,0.00025673293743943805,-1.1780972450961724,-0.39269908169872414
0.001,0.0017,0.0009,10,False,6,0,23540.073354819986,6.000000965182775e-07,-0.15039957163580314,0.0002909041043593765,0.48167399921347637,-1.1780972450961724,-0.39269908169872414
0.001,0.0017,0.0009,10,False,6,3,23520.008081889595,6.000001021602497e-07,-0.15039882987285078,0.000226695555148998,0.48150360582794816,-1.1780972450961724,-0.39269908169872414
0.001,0.0017,0.0009,10,True,6,7,1.2389948482979736,6.040455997492591e-07,-0.0198028133829412,-0.00013804939348007148,-0.00021963121670270388,-1.1780972450961724,-0.39269908169872414
0.001,0.0017,0.0009,10,True,7,8,1.6393839148320872,6.05349433697603e-07,-0.0007016430400904391,-0.011156949446685,-0.00020435665121953193,-1.1780972450961724,-0.39269908169872414
0.001,0.0017,0.0009,10,False,1,7,14824.151147950372,6.000067676007986e-07,-0.14762170866293,-0.0011769887824626543,0.4111830350716614,-1.1780972450961724,-0.39269908169872414
0.001,0.0017,0.0009,10,False,3,7,1180.5498713947206,6.03999764761618e-07,-0.020617119910418626,-0.0034452374864305524,-0.018766185454034395,-1.1780972450961724,-0.39269908169872414
0.001,0.0017,0.0009,10,False,7,1,29406.59344218872,6.000090730756572e-07,-0.1536110257389178,0.0013741124243544787,0.509863916104611,-1.1780972450961724,-0.39269908169872414
0.001,0.0017,0.0009,10,False,0,7,1554.3364194522296,6.040672793945738e-07,-0.019576026411704237,-0.004920832176596239,-0.025127774344463685,-1.1780972450961724,-0.39269908169872414
0.001,0.0017,0.0009,10,False,7,2,668.8516608734485,6.046027975361767e-07,-0.011351526278373075,0.006621374473015063,0.030024558872502435,-1.1780972450961724,-0.39269908169872414
0.001,0.0017,0.0009,10,False,7,4,17522.361898858268,6.000860857024277e-07,-0.1387633266404654,-0.014051181152932616,0.4176355887830345,-1.1780972450961724,-0.39269908169872414
0.001,0.0017,0.0009,10,False,4,8,1194.6015685467119,6.047142358973998e-07,-0.00958853000222441,0.0011788447409039307,0.015395589416653935,-1.1780972450961724,-0.39269908169872414
0.001,0.0017,0.0009,10,False,1,4,15812.834177377337,6.000095227643289e-07,-0.14943200790755073,-0.002314102143321746,0.384039304811166,-1.1780972450961724,-0.39269908169872414
0.001,0.0017,0.0009,10,False,6,1,1370.3505325092215,6.040536196606086e-07,-0.01986419436326868,0.00660092040902305,0.03915180224750769,-1.1780972450961724,-0.39269908169872414
0.001,0.0017,0.0009,10,False,1,5,1161.5795497675217,6.052183703496434e-07,-0.0022581007981521827,0.004010690345700326,0.061820895207896784,-1.1780972450961724,-0.39269908169872414
0.001,0.0017,0.0009,10,False,4,1,27826.71977421876,6.000222702585576e-07,-0.15559628470866857,0.006465582186343014,0.5105799746972169,-1.1780972450961724,-0.39269908169872414
0.001,0.0017,0.0009,10,True,0,1,1.5753061754372306,6.040701879363585e-07,-0.019408321976654118,-0.0005384751669138722,0.0009625456151613796,-1.1780972450961724,-0.39269908169872414
0.001,0.0017,0.0009,10,False,0,3,25025.566913112623,6.000001442664459e-07,-0.14985645982803902,-0.0006016176930006197,0.5009780990426456,-1.1780972450961724,-0.39269908169872414
0.001,0.0017,0.0009,10,False,0,6,25071.215585015496,6.000001313519336e-07,-0.14948308383750636,-0.00019914066147581487,0.5010415030232663,-1.1780972450961724,-0.39269908169872414
0.001,0.0017,0.0009,10,True,1,2,0.8696666692633886,6.053118351295901e-07,-0.0011515820855379601,-0.01006428791919315,6.422373151594662e-05,-1.1780972450961724,-0.39269908169872414
0.001,0.0017,0.0009,10,False,3,0,28763.379619743926,6.000001321876553e-07,-0.15019500278752146,0.0005383055377199364,0.5756876622351081,-1.1780972450961724,-0.39269908169872414
0.001,0.0017,0.0009,10,True,3,4,1.222016586839303,6.040458532583858e-07,-0.019798806046205417,0.00040561577633580246,0.001178180798462142,-1.1780972450961724,-0.39269908169872414
0.001,0.0017,0.0009,10,False,3,6,28792.85869479365,6.000001106716176e-07,-0.1497090946221681,0.0003259084253496314,0.5753198433347277,-1.1780972450961724,-0.39269908169872414
0.001,0.0017,0.0009,10,True,4,5,2.385837598086616,6.053964618273394e-07,-1.6594384358069024e-05,-0.010799382633184515,-0.0004994330555750626,-1.1780972450961724,-0.39269908169872414
0.001,0.0017,0.0009,10,False,4,7,23059.479681094912,6.000049755191026e-07,-0.15124130078289807,0.0017973463422892909,0.47936328623433155,-1.1780972450961724,-0.39269908169872414
0.001,0.0017,0.0009,10,False,6,0,21809.374373215018,6.000001031090178e-07,-0.15037542292127037,0.0001946911228930361,0.4815324116550542,-1.1780972450961724,-0.39269908169872414
0.001,0.0017,0.0009,10,False,6,3,21831.167631635813,6.000001047404822e-07,-0.1502546363009142,-0.0003148337616250771,0.4811011860211326,-1.1780972450961724,-0.39269908169872414
0.001,0.0017,0.0009,10,True,6,7,1.3865708373282197,6.04038037132829e-07,-0.0199249856318945,-0.00035237636409351207,0.00010262119023171435,-1.1780972450961724,-0.39269908169872414
0.001,0.0017,0.0009,10,True,7,8,2.7986643773988,6.053315483105396e-07,-0.000860023718288234,-0.009840841486526957,0.000988445123792326,-1.1780972450961724,-0.39269908169872414
0.001,0.0017,0.0009,10,False,8,2,18894.053391916757,6.000291669706736e-07,-0.1425097083764562,-0.0038330531430752577,0.455849771281393,-1.1780972450961724,-0.39269908169872414
0.001,0.0017,0.0009,10,False,0,4,1211.4351407156362,6.040440794387265e-07,-0.01987796097682986,-0.0026116189045149994,-0.013043520393793672,-1.1780972450961724,-0.39269908169872414
0.001,0.0017,0.0009,10,False,3,1,1180.1991601019015,6.040507327248769e-07,-0.019758358294913465,0.0021794202614785936,0.013997676429642943,-1.1780972450961724,-0.39269908169872414
0.001,0.0017,0.0009,10,False,8,5,17639.292204972542,6.002253122655217e-07,-0.12081199265866507,-0.006319722077286662,0.4364635523903541,-1.1780972450961724,-0.39269908169872414
0.001,0.0017,0.0009,10,False,6,4,1055.9796424115218,6.040075335418802e-07,-0.020544957485375822,-0.005202332103119317,-0.02441793748577994,-1.1780972450961724,-0.39269908169872414
0.001,0.0017,0.0009,10,False,7,4,23189.376810530604,6.000353227917576e-07,-0.14369994671427294,-0.008202249274147262,0.4653353460682162,-1.1780972450961724,-0.39269908169872414
0.001,0.0017,0.0009,10,False,3,7,1745.0603426402854,6.040201318993134e-07,-0.020326817455050734,0.004602667252739502,0.021897929744427877,-1.1780972450961724,-0.39269908169872414
0.001,0.0017,0.0009,10,True,0,1,1.4159876706302734,6.04057134438665e-07,-0.0196195603484114,0.0008356017185570672,0.00036691200392662774,-1.1780972450961724,-0.39269908169872414
0.001,0.0017,0.0009,10,False,0,3,24951.602451446615,6.000000803956383e-07,-0.15006916125163286,0.00037070667459279167,0.5091315401422074,-1.1780972450961724,-0.39269908169872414
0.001,0.0017,0.0009,10,False,0,6,25100.32462854888,6.000001223375623e-07,-0.14965804028765606,0.00038060409019811405,0.5098535892340997,-1.1780972450961724,-0.39269908169872414
0.001,0.0017,0.0009,10,True,1,2,1.6081267038490388,6.053526239500833e-07,-0.0005996376094033237,-0.010366017302636936,-0.00014115940397434656,-1.1780972450961724,-0.39269908169872414
0.001,0.0017,0.0009,10,False,3,0,27031.56068838582,6.000000691427679e-07,-0.14991981133401217,-0.00029115791078441024,0.546588986075176,-1.1780972450961724,-0.39269908169872414
0.001,0.0017,0.0009,10,True,3,4,1.403570624163891,6.040337862360269e-07,-0.019994861273007248,-0.0007377779558869713,0.0006957385152458625,-1.1780972450961724,-0.39269908169872414
0.001,0.0017,0.0009,10,False,3,6,27115.352054505485,6.000001108333412e-07,-0.14949025601803256,7.081127765774461e-05,0.5475268728875512,-1.1780972450961724,-0.39269908169872414
0.001,0.0017,0.0009,10,True,4,5,1.3111433204231826,6.053828342685301e-07,-6.79726537250492e-05,-0.008658994761569635,0.001199321711092422,-1.1780972450961724,-0.39269908169872414
0.001,0.0017,0.0009,10,False,6,0,24960.75258371969,6.000001518561717e-07,-0.15051824826399107,-0.00035638480326845117,0.48951581442019154,-1.1780972450961724,-0.39269908169872414
0.001,0.0017,0.0009,10,False,6,3,25146.836556256872,6.000001317068392e-07,-0.1505995389659222,-4.034337462745357e-06,0.48973167118031186,-1.1780972450961724,-0.39269908169872414
0.001,0.0017,0.0009,10,True,6,7,2.6923737621765373,6.040120143112716e-07,-0.02034518420568563,0.00021298399650773484,-0.0008152333853943575,-1.1780972450961724,-0.39269908169872414
0.001,0.0017,0.0009,10,True,7,8,1.2734707339832052,6.054384349513257e-07,0.0006228357402345234,-0.0100109028417849,-1.1147220704179892e-05,-1.1780972450961724,-0.39269908169872414
0.001,0.0017,0.0009,10,False,1,4,20493.074063703854,6.000046729659727e-07,-0.15152182348701565,0.0018682700359224735,0.46911966961311136,-1.1780972450961724,-0.39269908169872414
0.001,0.0017,0.0009,10,False,4,7,25467.151814719815,6.000119042788289e-07,-0.14826057455807354,-0.0002791782279819105,0.515081793821152,-1.1780972450961724,-0.39269908169872414
0.001,0.0017,0.0009,10,False,4,1,25294.256074482793,6.000055116574929e-07,-0.15076704895265455,0.0007525065255095187,0.476064024069153,-1.1780972450961724,-0.39269908169872414
0.001,0.0017,0.0009,10,False,2,8,25178.031398962907,6.000832112725398e-07,-0.13490122261248982,-0.007412810489939857,0.5122194354416306,-1.1780972450961724,-0.39269908169872414
0.001,0.0017,0.0009,10,False,7,1,26726.002863676502,6.000119414735954e-07,-0.1517731391630591,0.0026594364823686813,0.5086729163294799,-1.1780972450961724,-0.39269908169872414
0.001,0.0017,0.0009,10,False,1,7,16690.91714192238,6.000495770084711e-07,-0.14171596148834872,-0.011499902020232785,0.4115159679888135,-1.1780972450961724,-0.39269908169872414
0.001,0.0017,0.0009,10,False,5,8,21962.933558849698,6.000573800208662e-07,-0.1414552342300197,-0.010262991032499646,0.47840842179412524,-1.1780972450961724,-0.39269908169872414
0.001,0.0017,0.0009,10,False,0,7,609.4236330866902,6.040701980984231e-07,-0.019752495689452657,-0.009372576216571102,-0.05234359530576772,-1.1780972450961724,-0.39269908169872414
0.001,0.0017,0.0009,10,False,6,1,1240.4740263622955,6.039772965454108e-07,-0.021051528970417975,0.005654322244031793,0.03208848668812783,-1.1780972450961724,-0.39269908169872414
0.001,0.0017,0.0009,10,True,0,1,1.4273687852846986,6.040179596207454e-07,-0.020248536888141138,0.00022900465640536752,-5.4194480569509815e-05,-1.1780972450961724,-0.39269908169872414
0.001,0.0017,0.0009,10,False,0,3,18786.6108158864,6.000003165874839e-07,-0.1493962057442702,0.0008806236550600894,0.4515778744765144,-1.1780972450961724,-0.39269908169872414
0.001,0.0017,0.0009,10,False,0,6,18791.510543888777,6.00000156136354e-07,-0.14943586236456172,8.195737554147064e-05,0.4521883980074779,-1.1780972450961724,-0.39269908169872414
0.001,0.0017,0.0009,10,True,1,2,1.5279092961633938,6.053937732787123e-07,2.025129724498561e-05,-0.009714432230741395,0.00028902621387917864,-1.1780972450961724,-0.39269908169872414
0.001,0.0017,0.0009,10,False,3,0,22819.529484610626,6.000002781614468e-07,-0.15057867817276596,-0.0007943737455311238,0.47927327658779884,-1.1780972450961724,-0.39269908169872414
0.001,0.0017,0.0009,10,True,3,4,3.1691991827373034,6.040326550696782e-07,-0.020011126986910075,-6.807831737369585e-05,0.0003170348182026094,-1.1780972450961724,-0.39269908169872414
0.001,0.0017,0.0009,10,False,3,6,22928.145724272257,6.00000207154599e-07,-0.15012923407955592,-0.0006883748685239616,0.479741099137398,-1.1780972450961724,-0.39269908169872414
0.001,0.0017,0.0009,10,True,4,5,1.599910648020861,6.054443398682084e-07,0.0006776601542117163,-0.010417920219440793,0.0007230951918286674,-1.1780972450961724,-0.39269908169872414
0.001,0.0017,0.0009,10,False,6,0,21657.64124193097,6.00000129486026e-07,-0.15044515415127818,-7.75412615082776e-05,0.48894251039773684,-1.1780972450961724,-0.39269908169872414
0.001,0.0017,0.0009,10,False,6,3,21562.232925036562,6.000002528886369e-07,-0.14991016440357793,0.0008305308272666889,0.4887998013231224,-1.1780972450961724,-0.39269908169872414
0.001,0.0017,0.0009,10,True,6,7,1.5260220950969572,6.040714241941617e-07,-0.019389405909656748,-0.000561794412193704,-0.0001844301571962123,-1.1780972450961724,-0.39269908169872414
0.001,0.0017,0.0009,10,True,7,8,1.722015039210227,6.053387228940369e-07,-0.0008233945034122949,-0.01077543393295026,0.0002007117586351103,-1.1780972450961724,-0.39269908169872414
0.001,0.0017,0.0009,10,False,6,4,1782.2120322089693,6.039917245806015e-07,-0.020880754588776286,-0.006616333579521495,-0.036229995461308985,-1.1780972450961724,-0.39269908169872414
0.001,0.0017,0.0009,10,False,7,4,17874.218084114204,6.000199697558578e-07,-0.14688755069698925,-0.006686130029140737,0.3892015999211253,-1.1780972450961724,-0.39269908169872414
0.001,0.0017,0.0009,10,False,3,7,1683.288805998877,6.040544535246701e-07,-0.01976732283304133,0.004425050955509745,0.03135285963017548,-1.1780972450961724,-0.39269908169872414
0.001,0.0017,0.0009,10,False,0,4,1698.9562661675154,6.040200463216162e-07,-0.020300752788717513,-0.0035918227402882523,-0.022572154996271954,-1.1780972450961724,-0.39269908169872414
0.001,0.0017,0.0009,10,False,3,1,1818.250389213071,6.039941319076926e-07,-0.02071383442778473,0.003751000784140831,0.023679134059794056,-1.1780972450961724,-0.39269908169872414
0.001,0.0017,0.0009,10,False,4,7,32230.755331751418,6.000164890584829e-07,-0.1554476338683923,0.004896551586018168,0.575697613180863,-1.1780972450961724,-0.39269908169872414
0.001,0.0017,0.0009,10,False,1,8,414.60066227845755,6.049404920871195e-07,-0.006241000787211955,-0.0008403364487476585,0.01176252571572978,-1.1780972450961724,-0.39269908169872414
0.001,0.0017,0.0009,10,True,0,1,3.32987449195504,6.040754466759223e-07,-0.01932442420787125,0.000427090906135526,0.00015935350239245966,-1.1780972450961724,-0.39269908169872414
0.001,0.0017,0.0009,10,False,0,3,24379.097763245125,6.0000006717246e-07,-0.14995481022210558,2.62474804855962e-05,0.5206848850348827,-1.1780972450961724,-0.39269908169872414
0.001,0.0017,0.0009,10,False,0,6,24589.306533682236,6.000002713360101e-07,-0.14930637021372742,0.0006598387476886451,0.521961769417706,-1.1780972450961724,-0.39269908169872414
0.001,0.0017,0.0009,10,True,1,2,1.874720256305475,6.053544497843292e-07,-0.0005789814541884235,-0.01043796231614264,-0.0005144384111221133,-1.1780972450961724,-0.39269908169872414
0.001,0.0017,0.0009,10,False,3,0,22671.79389192153,6.000000708790955e-07,-0.14999264953772753,-0.00013956199524918603,0.4850171968818317,-1.1780972450961724,-0.39269908169872414
0.001,0.0017,0.0009,10,True,3,4,2.5184654947572254,6.040643446407676e-07,-0.01950164043366927,0.00011656848953639467,0.0002809947145806755,-1.1780972450961724,-0.39269908169872414
0.001,0.0017,0.0009,10,False,3,6,22742.98970828691,6.000002872364928e-07,-0.14929239029563557,0.0005215263741733895,0.48604851916635117,-1.1780972450961724,-0.39269908169872414
0.001,0.0017,0.0009,10,True,4,5,2.240763813680536,6.054367855158748e-07,0.0005663396027691857,-0.010505175839324423,-6.295987623569509e-05,-1.1780972450961724,-0.39269908169872414
0.001,0.0017,0.0009,10,False,6,0,21426.805582493547,6.00000338693626e-07,-0.1508427474356097,-0.0007152535617809304,0.47009835970570824,-1.1780972450961724,-0.39269908169872414
0.001,0.0017,0.0009,10,False,6,3,21498.447481804447,6.00000334052986e-07,-0.15086190366753882,-0.0004919566588244985,0.4698528082794901,-1.1780972450961724,-0.39269908169872414
0.001,0.0017,0.0009,10,True,6,7,2.107995534628115,6.039890054239336e-07,-0.02071817844842529,-0.0005499100738961015,0.0005622818865899815,-1.1780972450961724,-0.39269908169872414
0.001,0.0017,0.0009,10,True,7,8,1.199336051644342,6.054328109345405e-07,0.0005487973275598846,-0.00995325486588953,-0.00035315556649230973,-1.1780972450961724,-0.39269908169872414
0.001,0.0017,0.0009,10,False,7,1,28253.783360877347,6.000107011010152e-07,-0.1519356661966427,0.0015891379679936215,0.5177845739231957,-1.1780972450961724,-0.39269908169872414
0.001,0.0017,0.0009,10,False,1,4,17586.19827716091,6.000576021450098e-07,-0.14158216603238136,-0.01210419077455084,0.39762812907571743,-1.1780972450961724,-0.39269908169872414
0.001,0.0017,0.0009,10,False,2,5,23395.594947210655,6.000609218656417e-07,-0.13757506264809077,0.0004315270882130032,0.5012323172468457,-1.1780972450961724,-0.39269908169872414
0.001,0.0017,0.0009,10,False,5,2,20582.046823474742,6.002446282626832e-07,-0.1253706020862129,-0.0191303776464652,0.45482121016150445,-1.1780972450961724,-0.39269908169872414
0.001,0.0017,0.0009,10,False,4,8,1379.7787482343606,6.048096261358223e-07,-0.008127914851258149,-0.00028755760165081757,0.012185479994297354,-1.1780972450961724,-0.39269908169872414
0.001,0.0017,0.0009,10,False,7,5,1817.7936054669578,6.05619511034089e-07,0.0031059226483987536,-0.008727794001392971,0.024763302281810857,-1.1780972450961724,-0.39269908169872414
0.001,0.0017,0.0009,10,False,1,7,19718.30362317523,6.000119342212826e-07,-0.14855810177765827,-0.004034124839418938,0.41203652413116065,-1.1780972450961724,-0.39269908169872414
0.001,0.0017,0.0009,10,False,4,1,21996.03158119696,6.000092343816735e-07,-0.147226531848937,-0.0038159742249438745,0.478544623672948,-1.1780972450961724,-0.39269908169872414
0.001,0.0017,0.0009,10,False,0,7,2045.8707281971406,6.040179892122991e-07,-0.020381092287033668,-0.005092087301786865,-0.027651002436245006,-1.1780972450961724,-0.39269908169872414
0.001,0.0017,0.0009,10,False,1,5,1015.0966067126722,6.051167738310203e-07,-0.0038656883621320903,0.008372387981501191,0.07328609427956573,-1.1780972450961724,-0.39269908169872414
0.001,0.0017,0.0009,10,False,6,1,2063.375643669809,6.040103594482118e-07,-0.020490293303931126,0.004374038608149636,0.028729783425520516,-1.1780972450961724,-0.39269908169872414
0.001,0.0017,0.0009,10,False,7,4,23267.33616591459,6.000126343053381e-07,-0.14694940894971567,-0.004950484770919067,0.48259561011845287,-1.1780972450961724,-0.39269908169872414
0.001,0.0017,0.0009,10,False,6,4,841.8530530322265,6.040281543531603e-07,-0.02012483151692633,-0.002557833676745466,-0.01421594758530463,-1.1780972450961724,-0.39269908169872414
0.001,0.0017,0.0009,10,False,8,5,23165.434786412672,6.000418905228628e-07,-0.13866672158017393,-0.0014943362579102756,0.48822820660847993,-1.1780972450961724,-0.39269908169872414
0.001,0.0017,0.0009,10,False,0,4,926.6827737654112,6.040189183363395e-07,-0.020250836380295945,0.0007191502080169986,0.0030809065421462363,-1.1780972450961724,-0.39269908169872414
0.001,0.0017,0.0009,10,False,3,1,896.2194594182951,6.03977803790196e-07,-0.020915340385643962,0.00024833656198663983,-0.003463444908909741,-1.1780972450961724,-0.39269908169872414
0.001,0.0017,0.0009,10,False,3,7,1066.0583800874153,6.040057509470758e-07,-0.020466799342464,2.0910163384527682e-07,-0.0015153038996785842,-1.1780972450961724,-0.39269908169872414
0.001,0.0017,0.0009,10,False,8,2,25488.609517304758,6.000208461523454e-07,-0.14425481139417326,-0.0021912295049289067,0.5196386571305964,-1.1780972450961724,-0.39269908169872414
0.001,0.0017,0.0009,10,True,0,1,1.6432739402472034,6.04019489104478e-07,-0.020223765398442964,-9.211692808076584e-05,-0.000192440087848899,-0.39269908169872414,0.39269908169872414
0.001,0.0017,0.0009,10,False,0,3,19255.993337777087,6.000000714201719e-07,-0.15005466829580635,0.0004581142518338912,0.20992605898394015,-0.39269908169872414,0.39269908169872414
0.001,0.0017,0.0009,10,False,0,6,19421.47526827043,6.000002202800786e-07,-0.1499239548252406,0.0008322813537535336,0.2105778561128509,-0.39269908169872414,0.39269908169872414
0.001,0.0017,0.0009,10,True,1,2,2.429237293280299,6.054011655093734e-07,0.0001311706247603826,-0.009587943533953779,-0.0006092601335061314,-0.39269908169872414,0.39269908169872414
0.001,0.0017,0.0009,10,False,3,0,14062.10961145355,6.000000651982801e-07,-0.14996032250208863,-0.00042788120148753284,0.22654915787485652,-0.39269908169872414,0.39269908169872414
0.001,0.0017,0.0009,10,True,3,4,1.2370686536602982,6.040104118572681e-07,-0.02037024201371394,-0.0002972495906857133,0.00023458021051141136,-0.39269908169872414,0.39269908169872414
0.001,0.0017,0.0009,10,False,3,6,14242.94925120373,6.000000757868135e-07,-0.14987902728818636,0.0003396736205604567,0.22796192387250053,-0.39269908169872414,0.39269908169872414
0.001,0.0017,0.0009,10,True,4,5,2.2211644685541003,6.053729276041216e-07,-0.00025032293455662407,-0.009393237464608174,-0.0014745495613461821,-0.39269908169872414,0.39269908169872414
0.001,0.0017,0.0009,10,False,6,0,22055.410938038207,6.000002079398502e-07,-0.15009615767259146,-0.0007958010494828625,0.16809379957025306,-0.39269908169872414,0.39269908169872414
0.001,0.0017,0.0009,10,False,6,3,22133.39446536207,6.00000076320642e-07,-0.15009165744519756,-0.00035218144470680455,0.16885477448190941,-0.39269908169872414,0.39269908169872414
0.001,0.0017,0.0009,10,True,6,7,1.5928390673348716,6.040075261713976e-07,-0.02041701100023088,-0.00028833658146189695,-0.0021008790132398727,-0.39269908169872414,0.39269908169872414
0.001,0.0017,0.0009,10,True,7,8,1.9227546187773612,6.054136820531122e-07,0.00027013961998742893,-0.010130616147355605,-0.0003703958170580199,-0.39269908169872414,0.39269908169872414
0.001,0.0017,0.0009,10,False,0,4,771.6775456579901,6.039974701130355e-07,-0.02080144890874673,-0.007328220553697289,-0.04216875300243198,-0.39269908169872414,0.39269908169872414
0.001,0.0017,0.0009,10,False,1,4,7328.0634911212255,6.000222876246985e-07,-0.15027147226584806,-0.009093311991528604,0.060773986271337205,-0.39269908169872414,0.39269908169872414
0.001,0.0017,0.0009,10,False,4,1,1736.2235479831597,6.000220445283886e-07,-0.14935838144737335,0.009013772945937405,0.0631119743886361,-0.39269908169872414,0.39269908169872414
0.001,0.0017,0.0009,10,False,3,1,440.30642876860986,6.039911903453788e-07,-0.020776605814792164,0.004798199260726559,0.0258662817609016,-0.39269908169872414,0.39269908169872414
0.001,0.0017,0.0009,10,False,0,7,1152.594304029051,6.039841970422567e-07,-0.02082652192025911,-0.0009333400625563685,-0.01154954516454741,-0.39269908169872414,0.39269908169872414
0.001,0.0017,0.0009,10,False,1,7,11986.179425453822,6.000066326685863e-07,-0.15212495791479944,-0.0019738772000076127,0.07581816087527171,-0.39269908169872414,0.39269908169872414
0.001,0.0017,0.0009,10,False,6,1,1148.7698441322666,6.040373454691274e-07,-0.01995675913829188,0.0007277755374288333,0.008916802135299379,-0.39269908169872414,0.39269908169872414
0.001,0.0017,0.0009,10,False,7,1,14122.496241439283,6.000063552840546e-07,-0.14825579975760023,0.002027690024556598,0.1542401520133243,-0.39269908169872414,0.39269908169872414
0.001,0.0017,0.0009,10,False,3,7,840.2833911391524,6.040183780029796e-07,-0.02027489157357202,-0.0020698313624406767,-0.01618371035996842,-0.39269908169872414,0.39269908169872414
0.001,0.0017,0.0009,10,False,4,7,4387.318866913158,6.000049077636562e-07,-0.14868242414108268,-0.0022376577087266816,0.07348325673263809,-0.39269908169872414,0.39269908169872414
0.001,0.0017,0.0009,10,False,6,4,891.9794451871057,6.040012278185593e-07,-0.02054351563525978,0.0014959815011753648,0.01416518940484185,-0.39269908169872414,0.39269908169872414
0.001,0.0017,0.0009,10,False,7,4,17756.277301787286,6.000047935800548e-07,-0.1512532068960807,0.0021575868768229675,0.16836463418708542,-0.39269908169872414,0.39269908169872414
0.001,0.0017,0.0009,10,True,0,1,1.819272635931058,6.039970898223124e-07,-0.02058693960141266,0.0005035439060126411,0.0009352806447483682,-0.39269908169872414,0.39269908169872414
0.001,0.0017,0.0009,10,False,0,3,3149.0572030022167,6.000003039522629e-07,-0.15083771327203982,-0.0005637630929082968,-0.07231486537180135,-0.39269908169872414,0.39269908169872414
0.001,0.0017,0.0009,10,False,0,6,3175.0701225096136,6.000000882899352e-07,-0.15016599043847115,-0.00012001310575032145,-0.07173219974723906,-0.39269908169872414,0.39269908169872414
0.001,0.0017,0.0009,10,True,1,2,2.7900665613257973,6.054420951259276e-07,0.0006218973474930097,-0.01074962842955019,0.00030927914645200713,-0.39269908169872414,0.39269908169872414
0.001,0.0017,0.0009,10,False,3,0,2831.594305763676,6.000003156400566e-07,-0.14927950100089607,0.000743941118281005,-0.006464030172880501,-0.39269908169872414,0.39269908169872414
0.001,0.0017,0.0009,10,True,3,4,2.6390046746937474,6.040709491141977e-07,-0.019396525222080113,0.000459292936201209,-0.0009117870736376716,-0.39269908169872414,0.39269908169872414
0.001,0.0017,0.0009,10,False,3,6,2861.4669588928105,6.000002293464655e-07,-0.1493539354772947,0.0005884995175599762,-0.004419828691252193,-0.39269908169872414,0.39269908169872414
0.001,0.0017,0.0009,10,True,4,5,1.5379606545353026,6.054379407618616e-07,0.0006327399794385973,-0.009758794974762352,0.0006523138644385477,-0.39269908169872414,0.39269908169872414
0.001,0.0017,0.0009,10,False,6,0,1223.2733784742109,6.000000962561782e-07,-0.14979754602420114,0.00019255029067895074,-0.045918773158827315,-0.39269908169872414,0.39269908169872414
0.001,0.0017,0.0009,10,False,6,3,1224.6979007581863,6.000002069265476e-07,-0.15061041178848833,-0.0005380608522519546,-0.04445723700522855,-0.39269908169872414,0.39269908169872414
0.001,0.0017,0.0009,10,True,6,7,1.2947090042814358,6.040481446964292e-07,-0.019761716334926002,-4.5244026440679726e-05,-0.000842114722036558,-0.39269908169872414,0.39269908169872414
0.001,0.0017,0.0009,10,True,7,8,2.392505626879953,6.053802880022341e-07,-0.0001501975618615485,-0.009427815534926687,-0.00044375877865989886,-0.39269908169872414,0.39269908169872414
0.001,0.0017,0.0009,10,False,3,7,884.8142977262905,6.040445613796545e-07,-0.01986722513115899,-0.0027935119679283133,-0.018149812250748583,-0.39269908169872414,0.39269908169872414
0.001,0.0017,0.0009,10,False,4,7,7202.6591092555,6.000061174436285e-07,-0.15012600229535789,-0.0035338642775468976,0.039865365847891666,-0.39269908169872414,0.39269908169872414
0.001,0.0017,0.0009,10,False,6,4,896.8498329436854,6.040384199411446e-07,-0.01996287142613481,0.0027984246321896998,0.01840097523245946,-0.39269908169872414,0.39269908169872414
0.001,0.0017,0.0009,10,False,7,4,5871.144459411493,6.000063312825877e-07,-0.15125139862724074,0.003450701586108045,0.06293783203635676,-0.39269908169872414,0.39269908169872414
0.001,0.0017,0.0009,10,False,4,2,798.9974607010022,6.053809323515168e-07,3.1013477052863856e-05,0.004993267158462505,0.010634234216901137,-0.39269908169872414,0.39269908169872414
0.001,0.0017,0.0009,10,True,0,1,2.1926574645848267,6.039719715576854e-07,-0.020993562491877775,0.00035025732046156145,-0.00011641542642882137,-0.39269908169872414,0.39269908169872414
0.001,0.0017,0.0009,10,False,0,3,4863.413366436166,6.000000878559833e-07,-0.15020572939488983,8.631503969291634e-05,-0.08763771963694202,-0.39269908169872414,0.39269908169872414
0.001,0.0017,0.0009,10,False,0,4,882.4924015326726,6.039943432329578e-07,-0.020648429156632182,0.0006554355662430824,0.0030817409870784883,-0.39269908169872414,0.39269908169872414
0.001,0.0017,0.0009,10,False,0,6,4788.845121771426,6.000003109585034e-07,-0.15080735262933181,0.0005609920014858362,-0.0880468170823836,-0.39269908169872414,0.39269908169872414
0.001,0.0017,0.0009,10,True,1,2,1.88498103370044,6.054313730597088e-07,0.0005440738032996146,-0.009706121717504328,0.0007399837809515293,-0.39269908169872414,0.39269908169872414
0.001,0.0017,0.0009,10,False,1,4,2423.1874576073287,6.000036658154694e-07,-0.148886560760639,0.0005424298688554825,-0.0598677856850205,-0.39269908169872414,0.39269908169872414
0.001,0.0017,0.0009,10,False,3,0,2560.144723983115,6.000000907694464e-07,-0.14980393259800637,-0.00015664452874710158,-0.028850056951424556,-0.39269908169872414,0.39269908169872414
0.001,0.0017,0.0009,10,True,3,4,2.7548768247533757,6.040197857972492e-07,-0.020218998020298157,8.491694220584634e-05,-0.00025441160349949773,-0.39269908169872414,0.39269908169872414
0.001,0.0017,0.0009,10,False,3,6,2646.5796798999863,6.000002358257855e-07,-0.15068752038840985,0.0004689891647312471,-0.029941715539347068,-0.39269908169872414,0.39269908169872414
0.001,0.0017,0.0009,10,False,4,1,6494.341627150433,6.000040129338715e-07,-0.1515330301733553,-0.0008702428321560158,0.04709389482254496,-0.39269908169872414,0.39269908169872414
0.001,0.0017,0.0009,10,True,4,5,1.9933528974864008,6.053362128725652e-07,-0.0008142513896021806,-0.010133401671080603,0.00039574444920732017,-0.39269908169872414,0.39269908169872414
0.001,0.0017,0.0009,10,False,6,0,3304.999076229865,6.000003636052702e-07,-0.14906205132453246,-0.0005704442333955044,0.042912302605726566,-0.39269908169872414,0.39269908169872414
0.001,0.0017,0.0009,10,False,6,3,3286.4547061179137,6.000002370679999e-07,-0.1492799429537693,-0.0004240081360149991,0.04222973980769504,-0.39269908169872414,0.39269908169872414
0.001,0.0017,0.0009,10,True,6,7,1.9573064520242416,6.040572037759986e-07,-0.019616478795737528,-0.00018892867599734192,0.00044929094489929675,-0.39269908169872414,0.39269908169872414
0.001,0.0017,0.0009,10,True,7,8,1.400046977083606,6.053299676435124e-07,-0.0009447023426144577,-0.010751336487952554,-0.0007221316070738122,-0.39269908169872414,0.39269908169872414
0.001,0.0017,0.0009,10,False,8,2,10274.360124667995,6.00011734927962e-07,-0.1460292360216153,-0.0002626235035661741,0.0763052379676651,-0.39269908169872414,0.39269908169872414
0.001,0.0017,0.0009,10,False,0,7,1089.5881977972651,6.039988693028859e-07,-0.020580360046717802,-0.00046574907613370703,-0.0020784854903772784,-0.39269908169872414,0.39269908169872414
0.001,0.0017,0.0009,10,False,1,5,1644.3959537167407,6.054416142412739e-07,0.0009354842677597265,-0.0016312570709616427,0.06461537298698684,-0.39269908169872414,0.39269908169872414
0.001,0.0017,0.0009,10,False,1,7,4383.108523203757,6.000044804639578e-07,-0.14980292297510048,-0.00023016703092452215,-0.0497561540226801,-0.39269908169872414,0.39269908169872414
0.001,0.0017,0.0009,10,False,3,1,876.367927975752,6.039852211232566e-07,-0.020798112864350158,-0.0008069202387911132,-0.0031372803441419056,-0.39269908169872414,0.39269908169872414
0.001,0.0017,0.0009,10,False,5,2,2771.9814734242227,6.000228940451163e-07,-0.14965296787859206,0.008173983497098622,-0.03756877188785226,-0.39269908169872414,0.39269908169872414
0.001,0.0017,0.0009,10,False,6,1,1108.838198656289,6.039807987626544e-07,-0.02087268405171269,3.911785769394416e-05,0.003158606752382918,-0.39269908169872414,0.39269908169872414
0.001,0.0017,0.0009,10,False,7,1,2336.8514456418307,6.000045096874788e-07,-0.15041581793249986,0.00022669534059510058,-0.02476350722265036,-0.39269908169872414,0.39269908169872414
0.001,0.0017,0.0009,10,False,2,5,5584.86538349332,6.000089057305841e-07,-0.15017102601345364,-0.0032282405439489578,0.051486510840431675,-0.39269908169872414,0.39269908169872414
0.001,0.0017,0.0009,10,False,2,8,11188.33473344141,6.000082466934496e-07,-0.1521068110085436,0.0017410066951417831,0.08535882707493575,-0.39269908169872414,0.39269908169872414
0.001,0.0017,0.0009,10,False,7,5,899.094342389941,6.054250121851075e-07,0.0007136096196254336,-0.0014041548052137365,0.013801885552908847,-0.39269908169872414,0.39269908169872414
0.001,0.0017,0.0009,10,True,0,1,1.2438756619312916,6.040302369082034e-07,-0.020050304863291082,0.0003372292681359826,-7.503259962656811e-05,-0.39269908169872414,0.39269908169872414
0.001,0.0017,0.0009,10,False,0,3,1999.0514952165206,6.000001074932458e-07,-0.1502303871893452,0.0005191405599947228,0.046572272463978714,-0.39269908169872414,0.39269908169872414
0.001,0.0017,0.0009,10,False,0,6,1955.5140126763206,6.000001136584121e-07,-0.14963780483910893,0.00043144603429499365,0.04724242099313683,-0.39269908169872414,0.39269908169872414
0.001,0.0017,0.0009,10,False,1,8,867.3618285264205,6.052899091981459e-07,-0.0012648399088110874,-0.005361540871430702,-0.0022724483205704446,-0.39269908169872414,0.39269908169872414
0.001,0.0017,0.0009,10,True,1,2,2.1279035824269084,6.054275950624772e-07,0.0004348879562799974,-0.010553049716380592,-0.0008556946343616957,-0.39269908169872414,0.39269908169872414
0.001,0.0017,0.0009,10,False,3,0,3409.808156026109,6.000001118113246e-07,-0.1497621022682705,-0.0005343794306024377,0.023871480078794565,-0.39269908169872414,0.39269908169872414
0.001,0.0017,0.0009,10,True,3,4,0.92084147490144,6.040582823324504e-07,-0.01959872540555622,0.0003369074875259966,0.0009555046576500759,-0.39269908169872414,0.39269908169872414
0.001,0.0017,0.0009,10,False,3,6,3512.006787653124,6.000001364043272e-07,-0.14937964116054941,-4.530388280721096e-05,0.0242944792119888,-0.39269908169872414,0.39269908169872414
0.001,0.0017,0.0009,10,True,4,5,1.5714958376507295,6.05384670091245e-07,-0.00016580953406135043,-0.010581015500257116,0.0001958432012372435,-0.39269908169872414,0.39269908169872414
0.001,0.0017,0.0009,10,False,6,0,2807.4353173986733,6.000001116149655e-07,-0.15042096106110023,-0.00036174708646373666,-0.09383711649028473,-0.39269908169872414,0.39269908169872414
0.001,0.0017,0.0009,10,False,6,3,2777.040928116967,6.000001259266285e-07,-0.15055772674097387,0.00016836800603837527,-0.09408426621112956,-0.39269908169872414,0.39269908169872414
0.001,0.0017,0.0009,10,True,6,7,1.5860300241358487,6.039974189793373e-07,-0.02058038230340166,-0.0002278420039014758,-0.0010173124543682414,-0.39269908169872414,0.39269908169872414
0.001,0.0017,0.0009,10,True,7,8,1.3384394094598775,6.054005378319851e-07,7.352536513404922e-05,-0.010328013960623385,0.0013217579865198153,-0.39269908169872414,0.39269908169872414
0.001,0.0017,0.0009,10,False,7,2,911.1336226046199,6.054700845027171e-07,0.0013548489913779748,0.0006168528908818462,0.03886272943443787,-0.39269908169872414,0.39269908169872414
0.001,0.0017,0.0009,10,False,3,7,1011.6267165653965,6.039997486560258e-07,-0.020651409205299145,-0.0049632265092254095,-0.027301795830303798,-0.39269908169872414,0.39269908169872414
0.001,0.0017,0.0009,10,False,4,8,729.673815281852,6.053906905183868e-07,0.0001974734395278712,-0.003793654291329721,0.017651501856200163,-0.39269908169872414,0.39269908169872414
0.001,0.0017,0.0009,10,False,4,7,4342.587580164085,6.000132295658261e-07,-0.15120315814577134,-0.006214843765139223,-0.07456463624935618,-0.39269908169872414,0.39269908169872414
0.001,0.0017,0.0009,10,False,5,8,1502.2652025592981,6.000100685277162e-07,-0.1510901431251109,-0.004884871947561325,-0.008348539752485212,-0.39269908169872414,0.39269908169872414
0.001,0.0017,0.0009,10,False,6,4,903.8620575613315,6.039918133099401e-07,-0.020775812776659616,0.004776237738445544,0.026306676436238453,-0.39269908169872414,0.39269908169872414
0.001,0.0017,0.0009,10,False,7,4,2131.552820806358,6.000132710969966e-07,-0.14951988305867878,0.006326892399557017,0.033315081385017487,-0.39269908169872414,0.39269908169872414
0.001,0.0017,0.0009,10,False,8,5,4217.35745971115,6.000103733809925e-07,-0.1486418144909826,0.004958567967719244,-0.020180073673398385,-0.39269908169872414,0.39269908169872414
0.001,0.0017,0.0009,10,False,1,4,3000.0434141419855,6.000088376220624e-07,-0.15033859285728204,0.003958610125806264,-0.00539141679501919,-0.39269908169872414,0.39269908169872414
0.001,0.0017,0.0009,10,False,4,1,6152.415319318179,6.000087820386654e-07,-0.15060147904992682,-0.0038950583697970474,-0.02759992641252508,-0.39269908169872414,0.39269908169872414
0.001,0.0017,0.0009,10,False,0,4,930.2801823632238,6.040533726977488e-07,-0.01996857740560419,0.00846214281664931,0.04168833119323524,-0.39269908169872414,0.39269908169872414
0.001,0.0017,0.0009,10,False,3,1,1538.206500894962,6.040226245435527e-07,-0.020263438643024097,-0.004116996004866431,-0.025084139653744307,-0.39269908169872414,0.39269908169872414
0.001,0.0017,0.0009,10,True,0,1,1.921846605961365,6.040421497383175e-07,-0.019858596621528047,-2.219573069889828e-05,0.00029257430831578586,-0.39269908169872414,0.39269908169872414
0.001,0.0017,0.0009,10,False,0,3,2518.7926035382434,6.000001439017658e-07,-0.14951321231538942,-0.00015004532713189733,-0.10103330457403029,-0.39269908169872414,0.39269908169872414
0.001,0.0017,0.0009,10,False,0,6,2471.730630954903,6.000000437489012e-07,-0.14994368113691764,-0.00012357374182318952,-0.10061269463305532,-0.39269908169872414,0.39269908169872414
0.001,0.0017,0.0009,10,True,1,2,2.2831466927171893,6.054178621677356e-07,0.0003448012760051028,-0.009889820341442299,0.00019691492897706424,-0.39269908169872414,0.39269908169872414
0.001,0.0017,0.0009,10,False,3,0,2909.822420143092,6.000001328141407e-07,-0.1504530898151603,6.269283690468687e-05,-0.1116977951676163,-0.39269908169872414,0.39269908169872414
0.001,0.0017,0.0009,10,True,3,4,1.257962541211457,6.040217528571264e-07,-0.020187007356838156,0.00025080838885416267,-0.0006991578418146239,-0.39269908169872414,0.39269908169872414
0.001,0.0017,0.0009,10,False,3,6,2974.205467423307,6.00000093193154e-07,-0.1503798289280684,3.0016657097090795e-05,-0.11101187518995205,-0.39269908169872414,0.39269908169872414
0.001,0.0017,0.0009,10,True,4,5,1.6566799786069855,6.053735730902735e-07,-0.0002854730805177954,-0.010067951380655207,-0.00038969909044198444,-0.39269908169872414,0.39269908169872414
0.001,0.0017,0.0009,10,False,6,0,1547.593309392969,6.00000039719131e-07,-0.15001286517652063,-3.415354635710307e-06,-0.0006792958409088264,-0.39269908169872414,0.39269908169872414
0.001,0.0017,0.0009,10,False,6,3,1539.1443074948256,6.000001056269224e-07,-0.14955124570198236,1.2112175301976186e-05,-0.00041398552870470227,-0.39269908169872414,0.39269908169872414
0.001,0.0017,0.0009,10,True,6,7,2.877287563005459,6.040726067450112e-07,-0.019368833401334013,0.0001253540343088664,0.0002353765802422789,-0.39269908169872414,0.39269908169872414
0.001,0.0017,0.0009,10,True,7,8,2.1996810277712866,6.053721673387735e-07,-0.0003135916864128925,-0.01019154172189558,-0.00037078684780735574,-0.39269908169872414,0.39269908169872414
0.001,0.0017,0.0009,10,False,6,1,859.4004050979299,6.040226946383716e-07,-0.020384390204853445,-0.007197110153195152,-0.039988881048131523,-0.39269908169872414,0.39269908169872414
0.001,0.0017,0.0009,10,False,0,7,616.2693405226521,6.040329130886979e-07,-0.02005694075408686,0.003257093616400136,0.022109499839573363,-0.39269908169872414,0.39269908169872414
0.001,0.0017,0.0009,10,False,1,7,4783.065809967108,6.000068269003629e-07,-0.14944654893479248,0.004406600459547785,-0.020112950165440645,-0.39269908169872414,0.39269908169872414
0.001,0.0017,0.0009,10,False,7,1,3453.2710254863805,6.000069612931466e-07,-0.1508778337340206,-0.00442300994054846,-0.03736258548995693,-0.39269908169872414,0.39269908169872414
0.001,0.0017,0.0009,10,False,3,7,1463.4141275549646,6.040680842491513e-07,-0.019649602262089432,-0.006894101688613783,-0.03709438226055889,-0.39269908169872414,0.39269908169872414
0.001,0.0017,0.0009,10,False,4,7,8971.40683812171,6.00021389821016e-07,-0.15204484811999036,-0.00800559045355415,-0.08483520515177989,-0.39269908169872414,0.39269908169872414
0.001,0.0017,0.0009,10,False,6,4,1488.7190052809974,6.040367017170819e-07,-0.020137721559087846,0.006620113447966982,0.037881474025420456,-0.39269908169872414,0.39269908169872414
0.001,0.0017,0.0009,10,False,7,4,6899.550171191935,6.000211536374007e-07,-0.15099372278681417,0.00813710080625931,0.071033806226418,-0.39269908169872414,0.39269908169872414
0.001,0.0017,0.0009,10,True,0,1,1.3073290466899379,6.039803940002692e-07,-0.02085605734893319,-0.0002465939063511146,-0.000484819760185773,-0.39269908169872414,0.39269908169872414
0.001,0.0017,0.0009,10,False,0,3,2717.1918613944426,6.0000018115476e-07,-0.1506189071753719,-0.00024246954834558518,-0.02996277554200882,-0.39269908169872414,0.39269908169872414
0.001,0.0017,0.0009,10,False,0,6,2714.837916432412,6.000000993785479e-07,-0.15012189595724246,-0.0005176520251462699,-0.02995844093593803,-0.39269908169872414,0.39269908169872414
0.001,0.0017,0.0009,10,True,1,2,1.3093825987482104,6.054685550350235e-07,0.001002965068715577,-0.01057978827987277,-0.0003126387694579576,-0.39269908169872414,0.39269908169872414
0.001,0.0017,0.0009,10,False,3,0,2034.5187578196055,6.000001707532552e-07,-0.1494341188402893,0.00027289410234355494,-0.04519120867849043,-0.39269908169872414,0.39269908169872414
0.001,0.0017,0.0009,10,True,3,4,2.8445012947974693,6.040782100754422e-07,-0.019279052395330495,-0.00015760666320067487,0.0009123765934877759,-0.39269908169872414,0.39269908169872414
0.001,0.0017,0.0009,10,False,3,6,2034.6370219353878,6.00000137139526e-07,-0.14949528212493168,-0.0002838772691484759,-0.046264707204878186,-0.39269908169872414,0.39269908169872414
0.001,0.0017,0.0009,10,True,4,5,1.1363026683779032,6.053908522979506e-07,-4.752283851933e-05,-0.01012358871717908,0.0004324400698867387,-0.39269908169872414,0.39269908169872414
0.001,0.0017,0.0009,10,False,6,0,2524.156703258391,6.000000848030831e-07,-0.1499232812147921,0.000459208508121141,-0.0992443474761877,-0.39269908169872414,0.39269908169872414
0.001,0.0017,0.0009,10,False,6,3,2532.3105538900186,6.000001387273992e-07,-0.15049670820627875,0.0003095225939027203,-0.1003221802428923,-0.39269908169872414,0.39269908169872414
0.001,0.0017,0.0009,10,True,6,7,1.654993768621526,6.040475955008171e-07,-0.019770147368163255,-7.599164558167858e-05,-0.0009492982514114215,-0.39269908169872414,0.39269908169872414
0.001,0.0017,0.0009,10,True,7,8,0.9881484239876321,6.05358668554437e-07,-0.00048827583848547114,-0.009983250923071365,-0.0005770964332456554,-0.39269908169872414,0.39269908169872414
0.001,0.0017,0.0009,10,False,1,5,1388.2439594409238,6.054207981001246e-07,0.0005310049329923959,0.006667444289494547,0.0218335004619605,-0.39269908169872414,0.39269908169872414
0.001,0.0017,0.0009,10,False,3,1,1941.7579178821823,6.039855640627336e-07,-0.020809801390824233,-0.00013853129470742703,0.0016199511067787479,-0.39269908169872414,0.39269908169872414
0.001,0.0017,0.0009,10,False,1,4,6511.915831037754,6.00006082879739e-07,-0.15035959684468939,-0.0003199559728309689,-0.0842532820150264,-0.39269908169872414,0.39269908169872414
0.001,0.0017,0.0009,10,False,4,1,4118.27124471776,6.000061244033407e-07,-0.15049003098736935,0.00042398331490309493,0.026547598601208817,-0.39269908169872414,0.39269908169872414
0.001,0.0017,0.0009,10,True,0,1,2.310001207219531,6.039884080693702e-07,-0.020726974974234983,0.0004742634718444267,0.0011348758127530424,-0.39269908169872414,0.39269908169872414
0.001,0.0017,0.0009,10,False,0,3,4912.24224012807,6.000001106394681e-07,-0.15034341979301813,0.00019641244763134844,0.00507815548607993,-0.39269908169872414,0.39269908169872414
0.001,0.0017,0.0009,10,False,0,6,5173.139501468575,6.000002028935174e-07,-0.15057061175039474,-0.00044454751182281015,0.005349899543171044,-0.39269908169872414,0.39269908169872414
0.001,0.0017,0.0009,10,True,1,2,1.4623642991903414,6.054499399166853e-07,0.0007429186820696856,-0.01059265438755052,0.00034699546492781094,-0.39269908169872414,0.39269908169872414
0.001,0.0017,0.0009,10,False,3,0,5480.784405990222,6.000001052951993e-07,-0.14963821462485655,-3.7460993780577595e-05,0.07088102761353825,-0.39269908169872414,0.39269908169872414
0.001,0.0017,0.0009,10,True,3,4,3.247263576421516,6.040451840649291e-07,-0.019809956923045113,-0.000293092712618242,0.000161856637904598,-0.39269908169872414,0.39269908169872414
0.001,0.0017,0.0009,10,False,3,6,5392.2809217206595,6.000001660191527e-07,-0.15027070993219568,-0.0004923243441824994,0.07159344414663618,-0.39269908169872414,0.39269908169872414
0.001,0.0017,0.0009,10,True,4,5,1.1224571471766667,6.053898331156935e-07,-5.35323814170351e-05,-0.01000129898648486,-0.0009496407517194962,-0.39269908169872414,0.39269908169872414
0.001,0.0017,0.0009,10,False,6,0,4807.2669790580685,6.000001969563869e-07,-0.14950758537097283,0.0005038226052696165,-0.0014692737205425968,-0.39269908169872414,0.39269908169872414
0.001,0.0017,0.0009,10,False,6,3,4894.697427045399,6.000002257197376e-07,-0.14975517550459994,0.000725481153473435,-0.0010286035982283747,-0.39269908169872414,0.39269908169872414
0.001,0.0017,0.0009,10,True,6,7,1.9787615599215047,6.040346138120966e-07,-0.019982052193649767,0.0007951240000395113,-0.0005199254743193178,-0.39269908169872414,0.39269908169872414
0.001,0.0017,0.0009,10,True,7,8,1.3281261567999674,6.054275347513361e-07,0.0004878164739522396,-0.00976377969369047,0.0009948970521561754,-0.39269908169872414,0.39269908169872414
0.001,0.0017,0.0009,10,False,0,4,1635.0116516257208,6.039626649338214e-07,-0.021176153671807606,0.0006239622853328167,0.0030523151623255158,-0.39269908169872414,0.39269908169872414
0.001,0.0017,0.0009,10,False,6,1,1485.8296223493242,6.039765668195027e-07,-0.020993006402972754,-0.003584136270437019,-0.026829660485019117,-0.39269908169872414,0.39269908169872414
0.001,0.0017,0.0009,10,False,8,2,3199.592287515651,6.000103778206211e-07,-0.1483291511987039,0.004743044089103494,-0.017393712887203882,-0.39269908169872414,0.39269908169872414
0.001,0.0017,0.0009,10,False,0,7,1458.0154736724685,6.040156409871937e-07,-0.020497136165644733,0.006961065993999081,0.03404699698258304,-0.39269908169872414,0.39269908169872414
0.001,0.0017,0.0009,10,False,1,7,2122.8734980557506,6.000166765499703e-07,-0.14966894906790282,0.006928858800668558,0.015700832711817124,-0.39269908169872414,0.39269908169872414
0.001,0.0017,0.0009,10,False,7,1,3946.353529959518,6.000167887289162e-07,-0.1500356755553054,-0.006973224980363503,0.0014248875011487118,-0.39269908169872414,0.39269908169872414
0.001,0.0017,0.0009,10,True,0,1,2.0317971261915786,6.040847941767481e-07,-0.019176758442515637,0.0009358809509766568,0.00019229315912320787,-0.39269908169872414,0.39269908169872414
0.001,0.0017,0.0009,10,False,0,3,3843.949324504158,6.000005827286321e-07,-0.1486645753500355,0.0006921676536107414,0.045844234649624935,-0.39269908169872414,0.39269908169872414
0.001,0.0017,0.0009,10,False,0,6,3741.2782849187765,6.000003172231653e-07,-0.14935406491809636,0.0008591902408154323,0.046970226980419624,-0.39269908169872414,0.39269908169872414
0.001,0.0017,0.0009,10,True,1,2,2.2227813783853874,6.053549301020136e-07,-0.0005716289857234416,-0.010428049274768557,-0.0001688811828369152,-0.39269908169872414,0.39269908169872414
0.001,0.0017,0.0009,10,False,3,0,2637.8773506368943,6.000006186079578e-07,-0.15132846857348453,-0.0008125577043321682,0.12154791337755896,-0.39269908169872414,0.39269908169872414
0.001,0.0017,0.0009,10,True,3,4,1.342383191801551,6.039908034289214e-07,-0.02068772380508029,-0.00012194378563352114,-3.525584162326523e-06,-0.39269908169872414,0.39269908169872414
0.001,0.0017,0.0009,10,False,3,6,2637.4502151931756,6.000002135589365e-07,-0.15078814635137225,0.00010075948066555498,0.12246549396743991,-0.39269908169872414,0.39269908169872414
0.001,0.0017,0.0009,10,True,4,5,1.2833185858116536,6.053582688012989e-07,-0.000539634437084711,-0.010643446280329713,0.000149899312321733,-0.39269908169872414,0.39269908169872414
0.001,0.0017,0.0009,10,False,6,0,4093.2927567209204,6.000002902074046e-07,-0.1506901617065699,-0.0007461018942712097,-0.013891730467754852,-0.39269908169872414,0.39269908169872414
0.001,0.0017,0.0009,10,False,6,3,4094.1316971368883,6.000001770032955e-07,-0.1493360450217807,-0.00015748030110601834,-0.014100141450243048,-0.39269908169872414,0.39269908169872414
0.001,0.0017,0.0009,10,True,6,7,1.3979713735024577,6.040580558934088e-07,-0.019602765763344795,-0.00015464121554591552,-0.0006222428514212035,-0.39269908169872414,0.39269908169872414
0.001,0.0017,0.0009,10,True,7,8,3.0831676496887868,6.053910633725556e-07,-5.703900310279651e-05,-0.010288862662334834,0.0003576786606466942,-0.39269908169872414,0.39269908169872414
0.001,0.0017,0.0009,10,False,2,8,3177.53603677939,6.000094628674351e-07,-0.1521837030764692,-0.004186965616819218,-0.05608344911160548,-0.39269908169872414,0.39269908169872414
0.001,0.0017,0.0009,10,False,3,1,1832.3211055540178,6.039790392011252e-07,-0.021272005661647445,0.009644262462785344,0.05118995927236729,-0.39269908169872414,0.39269908169872414
0.001,0.0017,0.0009,10,False,3,7,1211.061016452247,6.040209753697534e-07,-0.02023781029397746,0.001980861974056932,0.007866454101106972,-0.39269908169872414,0.39269908169872414
0.001,0.0017,0.0009,10,False,4,7,4414.789618661633,6.000061971927988e-07,-0.1502763010625126,0.0022528749198395966,-0.015273451552765466,-0.39269908169872414,0.39269908169872414
0.001,0.0017,0.0009,10,False,6,4,1193.7817688717328,6.040433687202646e-07,-0.019869685139442494,-0.0013195448548119397,-0.007677651211290972,-0.39269908169872414,0.39269908169872414
0.001,0.0017,0.0009,10,False,7,2,1903.0821152088859,6.054275911692732e-07,0.0006613451060982615,-0.00421520319482707,0.05042694622492395,-0.39269908169872414,0.39269908169872414
0.001,0.0017,0.0009,10,False,7,4,5610.328858419656,6.000062547364272e-07,-0.15041761955958155,-0.00228872167121689,0.06844074429569738,-0.39269908169872414,0.39269908169872414
0.001,0.0017,0.0009,10,False,1,4,7082.255435204349,6.000327518423538e-07,-0.15202414969039302,-0.010437527299064954,-0.06653510553035692,-0.39269908169872414,0.39269908169872414
0.001,0.0017,0.0009,10,False,4,1,5647.816622749696,6.000324062355167e-07,-0.15040923406236303,0.010550117953853706,0.037006067279913936,-0.39269908169872414,0.39269908169872414
0.001,0.0017,0.0009,10,False,0,4,1537.3094957381106,6.040198094508619e-07,-0.02038511543452615,-0.006044321062834823,-0.03648781098427792,-0.39269908169872414,0.39269908169872414
0.001,0.0017,0.0009,10,False,7,5,1109.6367128604907,6.054526925991817e-07,0.0005815679563625194,-0.01279734252822299,0.031427743986665264,-0.39269908169872414,0.39269908169872414
0.001,0.0017,0.0009,10,False,1,8,2128.2278039203447,6.053649512887423e-07,-0.00012719035681486816,-0.00010967533443124323,0.015955250671876062,-0.39269908169872414,0.39269908169872414
0.001,0.0017,0.0009,10,True,0,1,1.2050239903549482,6.040397737724002e-07,-0.01989688026304085,0.00015827035438277412,-0.00014496556250247032,-0.39269908169872414,0.39269908169872414
0.001,0.0017,0.0009,10,False,0,3,3101.9519814504524,6.000002732244972e-07,-0.1498328965708807,0.0008904847056746988,0.07690237649703238,-0.39269908169872414,0.39269908169872414
0.001,0.0017,0.0009,10,False,0,6,3055.2359863184893,6.000002488830206e-07,-0.15044286216113048,0.0008185128858879388,0.07793591159401828,-0.39269908169872414,0.39269908169872414
0.001,0.0017,0.0009,10,True,1,2,2.0984738957515736,6.053563505990268e-07,-0.0005132188841342792,-0.009862034697766992,-0.0011128583396371244,-0.39269908169872414,0.39269908169872414
0.001,0.0017,0.0009,10,False,3,0,7373.067876880775,6.000002132851162e-07,-0.150388359805071,-0.0006311773572758179,-0.029262098286044026,-0.39269908169872414,0.39269908169872414
0.001,0.0017,0.0009,10,True,3,4,2.450728229377228,6.039866161452477e-07,-0.02075542994691408,-1.587892719138804e-05,0.0005168050488435548,-0.39269908169872414,0.39269908169872414
0.001,0.0017,0.0009,10,False,3,6,7479.003142986141,6.000001609020881e-07,-0.15059548832114053,0.00020742417679895156,-0.029778785445774593,-0.39269908169872414,0.39269908169872414
0.001,0.0017,0.0009,10,True,4,5,1.599237093417846,6.054057470123616e-07,0.00015578872202681648,-0.010187100475150826,0.000449905143456051,-0.39269908169872414,0.39269908169872414
0.001,0.0017,0.0009,10,False,6,0,2907.9667696803062,6.000002116266326e-07,-0.14966766275098636,-0.0007660126879031307,0.07480665482827258,-0.39269908169872414,0.39269908169872414
0.001,0.0017,0.0009,10,False,6,3,2833.683687312915,6.00000160302005e-07,-0.14937200877008047,-2.318867173853615e-05,0.07325643046118764,-0.39269908169872414,0.39269908169872414
0.001,0.0017,0.0009,10,True,6,7,3.034850331844646,6.040527945980691e-07,-0.01968704102460886,0.0001256299062035381,0.00021717344859604532,-0.39269908169872414,0.39269908169872414
0.001,0.0017,0.0009,10,True,7,8,0.967145211087962,6.054272543335969e-07,0.000378426597517056,-0.01127288248300606,-0.0002527402641606875,-0.39269908169872414,0.39269908169872414
0.001,0.0017,0.0009,10,False,6,1,1587.9856252249017,6.040472847462611e-07,-0.019905060270346196,0.00515815084061373,0.03243312012143855,-0.39269908169872414,0.39269908169872414
0.001,0.0017,0.0009,10,False,1,7,3476.019987750338,6.000231204780663e-07,-0.15026130250673017,-0.008695529629569248,-0.009882735152568201,-0.39269908169872414,0.39269908169872414
0.001,0.0017,0.0009,10,False,7,1,5046.6619728979,6.000228366833693e-07,-0.1499507598145404,0.008625053096012742,0.0061439586618744196,-0.39269908169872414,0.39269908169872414
0.001,0.0017,0.0009,10,False,2,5,4263.056097673892,6.000103981601237e-07,-0.1494773881570887,0.004523529810363587,-0.04113540607197871,-0.39269908169872414,0.39269908169872414
0.001,0.0017,0.0009,10,False,4,2,950.3968527945945,6.054415132585069e-07,0.0007475023841971962,-0.007657866696734425,0.025765166600615612,-0.39269908169872414,0.39269908169872414
0.001,0.0017,0.0009,10,False,5,2,2994.9665177390216,6.000064768162392e-07,-0.15047039651286603,-0.0030109043775229313,-0.018369767355145127,-0.39269908169872414,0.39269908169872414
0.001,0.0017,0.0009,10,False,0,7,1322.2682691884286,6.040435832074364e-07,-0.019903692141725812,-0.0034008533348860053,-0.02134487790640648,-0.39269908169872414,0.39269908169872414
0.001,0.0017,0.0009,10,False,4,8,949.4582026265487,6.053219250615234e-07,-0.0007932362421096384,-0.00558855540911277,-0.006614103454794685,-0.39269908169872414,0.39269908169872414
0.001,0.0017,0.0009,10,False,5,8,3789.315338761911,6.000073610756431e-07,-0.15057004305368168,0.004669222540306247,-0.04869582239648669,-0.39269908169872414,0.39269908169872414
0.001,0.0017,0.0009,10,False,8,5,3930.648821120213,6.000069364802057e-07,-0.1497570097512664,-0.004488090181640584,0.01652588956272017,-0.39269908169872414,0.39269908169872414
0.001,0.0017,0.0009,10,True,0,1,2.181549670234689,6.040448441374767e-07,-0.01981455998904636,3.139751047429221e-05,0.00015823894852119732,-0.39269908169872414,0.39269908169872414
0.001,0.0017,0.0009,10,False,0,3,2092.5846543334574,6.00000162212357e-07,-0.14939695442510362,-9.735662878387503e-05,-0.05863612589585112,-0.39269908169872414,0.39269908169872414
0.001,0.0017,0.0009,10,False,0,6,2159.7355292281236,6.000004240729875e-07,-0.14895155948478606,-0.00029619182284703526,-0.05855354912032449,-0.39269908169872414,0.39269908169872414
0.001,0.0017,0.0009,10,True,1,2,1.2639014739522394,6.054253031281478e-07,0.0004300197021636745,-0.010163077474737202,0.0001813122427748229,-0.39269908169872414,0.39269908169872414
0.001,0.0017,0.0009,10,False,3,0,2689.4839708976724,6.000001539667083e-07,-0.15057894370612757,2.435983185264029e-05,0.00877331745706963,-0.39269908169872414,0.39269908169872414
0.001,0.0017,0.0009,10,True,3,4,1.1836472697409677,6.040055389597558e-07,-0.02044879823915718,-0.00018314304937003413,0.0006291524984038012,-0.39269908169872414,0.39269908169872414
0.001,0.0017,0.0009,10,False,3,6,2626.579930850664,6.00000119092512e-07,-0.14961914000417775,-0.00011756016523234169,0.00949528019139913,-0.39269908169872414,0.39269908169872414
0.001,0.0017,0.0009,10,True,4,5,1.4485696893829791,6.054150365980221e-07,0.0003294703649614857,-0.009513093396798213,-0.00017136154918920255,-0.39269908169872414,0.39269908169872414
0.001,0.0017,0.0009,10,False,6,0,2301.4826631839774,6.000003287162759e-07,-0.15086170291933557,0.00011053811764052627,-0.022904564102596996,-0.39269908169872414,0.39269908169872414
0.001,0.0017,0.0009,10,False,6,3,2358.279783298508,6.000001154855303e-07,-0.15037641748009334,2.8913533819986322e-05,-0.022265179025379018,-0.39269908169872414,0.39269908169872414
0.001,0.0017,0.0009,10,True,6,7,2.3442268829263684,6.040144885170366e-07,-0.020305117680442495,-4.986683632457458e-05,-0.0009262399099557856,-0.39269908169872414,0.39269908169872414
0.001,0.0017,0.0009,10,True,7,8,2.5931078272527435,6.053900938021617e-07,-2.418522938356673e-05,-0.009602441545525467,0.00047369140788166447,-0.39269908169872414,0.39269908169872414
0.001,0.0017,0.0009,10,False,6,4,1181.3847314416425,6.039467427716502e-07,-0.0215614632891081,0.005982648772445416,0.03471332652666578,-0.39269908169872414,0.39269908169872414
0.001,0.0017,0.0009,10,False,3,7,834.7816355984139,6.040027747609727e-07,-0.020550500144154906,-0.003224674517902044,-0.016899933022241524,-0.39269908169872414,0.39269908169872414
0.001,0.0017,0.0009,10,False,4,7,1549.8292556108252,6.000065538693571e-07,-0.14971135455419657,-0.0037077447219969976,0.018081279491159466,-0.39269908169872414,0.39269908169872414
0.001,0.0017,0.0009,10,False,7,4,5467.665221147752,6.000064868883359e-07,-0.15067805170292325,0.0036148796453882672,-0.030536034762430997,-0.39269908169872414,0.39269908169872414
0.001,0.0017,0.0009,10,False,3,1,952.2016271503217,6.040079186311588e-07,-0.020454219085021434,0.002649778961119694,0.01700288563108931,-0.39269908169872414,0.39269908169872414
0.001,0.0017,0.0009,10,False,1,4,1106.1675893802299,6.000123225197549e-07,-0.15035836012942197,-0.006334104415603367,-0.021682973699917205,-0.39269908169872414,0.39269908169872414
0.001,0.0017,0.0009,10,False,4,1,1803.6383734717697,6.000125384542895e-07,-0.14930563281706016,0.006383250762347875,-0.0019984158855709845,-0.39269908169872414,0.39269908169872414
0.001,0.0017,0.0009,10,False,1,5,1404.4248999499364,6.05388285109426e-07,0.00012415786750288703,0.00496280901913768,0.026585660112196288,-0.39269908169872414,0.39269908169872414
0.001,0.0017,0.0009,10,False,0,4,1024.7761007168922,6.03996107124887e-07,-0.020646514484844693,-0.002393212901010533,-0.011750528247352184,-0.39269908169872414,0.39269908169872414
0.001,0.0017,0.0009,10,True,0,1,1.479628194358598,6.040392852124551e-07,-0.019904305778630352,-8.079797480459083e-05,-0.00033807953880137805,-0.39269908169872414,0.39269908169872414
0.001,0.0017,0.0009,10,False,0,3,2192.051617584816,6.000002231624279e-07,-0.1495440343527011,-0.0007217208327656966,-0.062335844658594666,-0.39269908169872414,0.39269908169872414
0.001,0.0017,0.0009,10,False,0,6,2212.969770243256,6.000000501004402e-07,-0.14994348911345035,-0.0001004550188712514,-0.06195024616293582,-0.39269908169872414,0.39269908169872414
0.001,0.0017,0.0009,10,True,1,2,2.39993657069171,6.053856455423322e-07,-0.00011806026481745567,-0.010084763399408761,-0.00013079318600570339,-0.39269908169872414,0.39269908169872414
0.001,0.0017,0.0009,10,False,3,0,3772.9275447640985,6.000002816006262e-07,-0.15045655935777644,0.0008861217528829122,-0.0925258095873251,-0.39269908169872414,0.39269908169872414
0.001,0.0017,0.0009,10,True,3,4,1.2401833027800664,6.040288151269676e-07,-0.020076525811312133,0.0009832077228313695,-0.00019278481694057334,-0.39269908169872414,0.39269908169872414
0.001,0.0017,0.0009,10,False,3,6,3902.787875607577,6.000001753567881e-07,-0.15036790409918893,0.0006574420130312569,-0.09215120170843605,-0.39269908169872414,0.39269908169872414
0.001,0.0017,0.0009,10,True,4,5,2.6116267867075726,6.054220187843262e-07,0.0003793327075716784,-0.010238400603868925,0.0009250819697409419,-0.39269908169872414,0.39269908169872414
0.001,0.0017,0.0009,10,False,6,0,3047.920991413442,6.000000619694526e-07,-0.15008007939536422,0.0002463107155602147,-0.09538971131205898,-0.39269908169872414,0.39269908169872414
0.001,0.0017,0.0009,10,False,6,3,3153.618838226349,6.000001744114463e-07,-0.1496276404555291,-0.0006516489164775691,-0.09540070181047802,-0.39269908169872414,0.39269908169872414
0.001,0.0017,0.0009,10,True,6,7,1.762731831587392,6.040599317842354e-07,-0.019574841407917237,0.0006934445945573722,-0.0001844385683699338,-0.39269908169872414,0.39269908169872414
0.001,0.0017,0.0009,10,True,7,8,1.622434745720506,6.053417399632796e-07,-0.0008186730144640932,-0.011278131121262854,1.6615757199957784e-05,-0.39269908169872414,0.39269908169872414
0.001,0.0017,0.0009,10,False,6,4,407.88928671986133,6.0405457541753e-07,-0.019680622940307937,0.0019294402634467734,0.006118779438211567,-0.39269908169872414,0.39269908169872414
0.001,0.0017,0.0009,10,False,8,2,2447.905519804539,6.00023888258256e-07,-0.1509548128708846,0.007804935148094257,-0.016697657601827294,-0.39269908169872414,0.39269908169872414
0.001,0.0017,0.0009,10,False,6,1,1463.8094728766832,6.040011073003498e-07,-0.02055309107056489,0.0010699510214994892,0.0010811541096358258,-0.39269908169872414,0.39269908169872414
0.001,0.0017,0.0009,10,False,1,7,2308.1682682277924,6.000118120707683e-07,-0.14825203103585619,-0.005045209603167936,0.06340912250331264,-0.39269908169872414,0.39269908169872414
0.001,0.0017,0.0009,10,False,7,1,5578.428749661453,6.000118116559793e-07,-0.1512223611834564,0.005197481799258283,-0.0035868235563858036,-0.39269908169872414,0.39269908169872414
0.001,0.0017,0.0009,10,False,0,7,934.1150919261047,6.040787221628895e-07,-0.01929152143877191,-0.0004647547621303752,-0.008296085204958573,-0.39269908169872414,0.39269908169872414
0.001,0.0017,0.0009,10,False,3,7,509.8548083798901,6.040411433452594e-07,-0.019888022172511125,0.0009708818276458258,-0.0024197014231371293,-0.39269908169872414,0.39269908169872414
0.001,0.0017,0.0009,10,False,4,7,2736.1510224467465,6.000020357875153e-07,-0.14930946745753007,-0.00018587641416369975,0.05246240189192132,-0.39269908169872414,0.39269908169872414
0.001,0.0017,0.0009,10,False,7,4,2061.347058765273,6.000019830203332e-07,-0.15048201584270776,0.00019973346203018942,-0.04157799407254994,-0.39269908169872414,0.39269908169872414
0.001,0.0017,0.0009,10,True,0,1,1.9511250256554036,6.040382337088168e-07,-0.019921071133361275,-3.366283296683985e-05,-0.0005501763683007431,-0.39269908169872414,0.39269908169872414
0.001,0.0017,0.0009,10,False,0,3,2396.362464239984,6.000000585887849e-07,-0.14981112514846023,-7.531620469083742e-05,0.05371851583374945,-0.39269908169872414,0.39269908169872414
0.001,0.0017,0.0009,10,False,0,6,2413.2338337656397,6.000001250665485e-07,-0.14979669971328416,0.00041701354801352615,0.053748171110653206,-0.39269908169872414,0.39269908169872414
0.001,0.0017,0.0009,10,True,1,2,2.159915723939608,6.053647969798767e-07,-0.00040081332624442294,-0.009955652830637984,0.001433481070989591,-0.39269908169872414,0.39269908169872414
0.001,0.0017,0.0009,10,False,3,0,2696.588510853251,6.000000629714163e-07,-0.15022890270659858,9.38839183765723e-05,0.041097837416931834,-0.39269908169872414,0.39269908169872414
0.001,0.0017,0.0009,10,True,3,4,2.1427197481146445,6.040379752022741e-07,-0.019925919796761647,0.00022298804478617173,-0.0005694795664311467,-0.39269908169872414,0.39269908169872414
0.001,0.0017,0.0009,10,False,3,6,2702.1701365051044,6.000001427265488e-07,-0.14992424136232058,0.0004868610418246688,0.04088885503541367,-0.39269908169872414,0.39269908169872414
0.001,0.0017,0.0009,10,True,4,5,1.593123093759387,6.054057561453569e-07,0.0001653308631969873,-0.010053372838882853,0.0004645337504000716,-0.39269908169872414,0.39269908169872414
0.001,0.0017,0.0009,10,False,6,0,4241.3252482665675,6.000001312099668e-07,-0.15025452548708493,-0.0004222472884208168,0.0819972899730354,-0.39269908169872414,0.39269908169872414
0.001,0.0017,0.0009,10,False,6,3,4096.180809918188,6.000001401864257e-07,-0.1500529367748843,-0.00047797278616138356,0.0817586534071016,-0.39269908169872414,0.39269908169872414
0.001,0.0017,0.0009,10,True,6,7,1.8530489183598218,6.040585537172893e-07,-0.01959429506494721,-0.0001439758163116787,0.0004608043254211653,-0.39269908169872414,0.39269908169872414
0.001,0.0017,0.0009,10,True,7,8,1.2289058600678033,6.053234697870391e-07,-0.0009934112974117953,-0.010145168792831566,-8.010031860164383e-05,-0.39269908169872414,0.39269908169872414
0.001,0.0017,0.0009,10,False,2,8,8116.519820581324,6.000098253199866e-07,-0.1491045607708918,-0.0016455888896497973,0.01085901304822896,-0.39269908169872414,0.39269908169872414
0.001,0.0017,0.0009,10,False,3,1,1323.3555790977261,6.040001903430772e-07,-0.020562040887063014,-0.0005149381398755652,-0.0054501311092032215,-0.39269908169872414,0.39269908169872414
0.001,0.0017,0.0009,10,False,6,1,742.6285956608856,6.040198507240875e-07,-0.020310713413985455,0.0045105219544338574,0.02800424830642346,-0.39269908169872414,0.39269908169872414
0.001,0.0017,0.0009,10,False,1,4,6165.936446827692,6.000097507039594e-07,-0.1510799716979264,0.0043686569201199935,0.07483915915472246,-0.39269908169872414,0.39269908169872414
0.001,0.0017,0.0009,10,False,1,7,6768.989360319596,6.000069790611971e-07,-0.15005945514193766,-0.0033079922583340473,-0.004185739128149991,-0.39269908169872414,0.39269908169872414
0.001,0.0017,0.0009,10,False,4,1,7704.698200388205,6.000098035533646e-07,-0.1509997918373225,-0.004414918140159216,0.0024327732797631324,-0.39269908169872414,0.39269908169872414
0.001,0.0017,0.0009,10,False,7,1,6663.839041008687,6.000076272046004e-07,-0.15166014801545846,0.003335895679539881,0.0498249353393149,-0.39269908169872414,0.39269908169872414
0.001,0.0017,0.0009,10,True,0,1,1.772562330410351,6.040643701724273e-07,-0.019501231333030427,-0.0004339635757134311,0.0006923181754048382,-0.7853981633974483,0.7853981633974483
0.001,0.0017,0.0009,10,False,0,3,5130.70851883282,6.00000100367306e-07,-0.15000931997650646,-0.00036351006722948933,-0.008982748691787373,-0.7853981633974483,0.7853981633974483
0.001,0.0017,0.0009,10,False,0,6,5311.137037714727,6.000002204160547e-07,-0.14922049282662955,-1.5086098543106959e-05,-0.010045867183136938,-0.7853981633974483,0.7853981633974483
0.001,0.0017,0.0009,10,True,1,2,1.5573589730885709,6.054063462976445e-07,0.00017688759099266158,-0.01000073473957814,0.00045887813495279896,-0.7853981633974483,0.7853981633974483
0.001,0.0017,0.0009,10,False,3,0,5500.7000414211925,6.000001135424304e-07,-0.15015353954873592,0.0004103275908946936,-0.04608171621509415,-0.7853981633974483,0.7853981633974483
0.001,0.0017,0.0009,10,True,3,4,2.1918091019621775,6.040970273143684e-07,-0.018978543477957906,-0.00023107750963237837,-0.0005826263577122095,-0.7853981633974483,0.7853981633974483
0.001,0.0017,0.0009,10,False,3,6,5434.17187911875,6.000002103765231e-07,-0.14922299077713408,0.00015552546544682437,-0.046653329898127045,-0.7853981633974483,0.7853981633974483
0.001,0.0017,0.0009,10,True,4,5,2.1107098816937993,6.053594777386507e-07,-0.0004894188906722447,-0.010158159415466755,-0.00010780543773966953,-0.7853981633974483,0.7853981633974483
0.001,0.0017,0.0009,10,False,6,0,10725.3532940069,6.000002165358747e-07,-0.15074521133903024,0.00018690815410851141,-0.20730355911550807,-0.7853981633974483,0.7853981633974483
0.001,0.0017,0.0009,10,False,6,3,10594.450156076557,6.000002378482024e-07,-0.1508548838347226,-0.00014704540716235103,-0.20681205937597816,-0.7853981633974483,0.7853981633974483
0.001,0.0017,0.0009,10,True,6,7,2.6954037564246667,6.040009296096902e-07,-0.020523531250144417,6.67864611818369e-05,-0.00020141868078690867,-0.7853981633974483,0.7853981633974483
0.001,0.0017,0.0009,10,True,7,8,1.9634264791959073,6.054121852371952e-07,0.00023588046749602637,-0.010332399747111677,0.0005561793598983502,-0.7853981633974483,0.7853981633974483
0.001,0.0017,0.0009,10,True,0,1,2.0375800700287705,6.040491971167353e-07,-0.019744325627338626,0.00011754769670878354,0.0001876131180404833,-0.7853981633974483,0.7853981633974483
0.001,0.0017,0.0009,10,False,0,3,8343.184977094268,6.000002062333388e-07,-0.14972612800919063,0.0006845567953654434,-0.1900992382023941,-0.7853981633974483,0.7853981633974483
0.001,0.0017,0.0009,10,False,0,6,8355.810226705116,6.000001302130027e-07,-0.1504109581364962,-6.795775071321677e-05,-0.18937091896533306,-0.7853981633974483,0.7853981633974483
0.001,0.0017,0.0009,10,True,1,2,2.3382082349952538,6.054125048597615e-07,0.0002698204009131817,-0.00989218723674296,-0.0009390161352447884,-0.7853981633974483,0.7853981633974483
0.001,0.0017,0.0009,10,False,3,0,3934.8067111573228,6.000002065501194e-07,-0.14994215972707295,-0.0007360107932984711,0.14909421007493234,-0.7853981633974483,0.7853981633974483
0.001,0.0017,0.0009,10,True,3,4,2.684819619792918,6.040630208423217e-07,-0.01952281722239865,-0.00023869767576177405,0.0008087888116704427,-0.7853981633974483,0.7853981633974483
0.001,0.0017,0.0009,10,False,3,6,3952.1453344214897,6.000003793535151e-07,-0.15017625148398647,-0.0010607854138141295,0.15037513435203495,-0.7853981633974483,0.7853981633974483
0.001,0.0017,0.0009,10,True,4,5,2.113456780049908,6.054253185191248e-07,0.00043666329812910734,-0.010069751485972644,-0.0007142528103365305,-0.7853981633974483,0.7853981633974483
0.001,0.0017,0.0009,10,False,6,0,12784.501583715544,6.000001645948439e-07,-0.14972504699473937,0.000503728688126433,0.1098525357917455,-0.7853981633974483,0.7853981633974483
0.001,0.0017,0.0009,10,False,6,3,12716.114226041922,6.000003664320558e-07,-0.14976661759763565,0.0010214183001754442,0.11040513673093705,-0.7853981633974483,0.7853981633974483
0.001,0.0017,0.0009,10,True,6,7,4.201201222044465,6.04033106658914e-07,-0.020004638495042453,5.4350786680154544e-05,0.00021271618019810668,-0.7853981633974483,0.7853981633974483
0.001,0.0017,0.0009,10,True,7,8,2.107731223385076,6.054210947739146e-07,0.0004014068016613016,-0.00970590371229881,-0.00039674231426713814,-0.7853981633974483,0.7853981633974483
0.001,0.0017,0.0009,10,True,0,1,1.3969414592860923,6.040458185990075e-07,-0.01979974651385853,-0.00018933182083463097,-0.0004980184044766365,-0.7853981633974483,0.7853981633974483
0.001,0.0017,0.0009,10,False,0,3,12141.00159240462,6.000001206635529e-07,-0.14957033671374126,-0.00034504557675901494,0.16622398314697487,-0.7853981633974483,0.7853981633974483
0.001,0.0017,0.0009,10,False,0,6,12212.819334009644,6.000000963183857e-07,-0.14996997310597843,4.5901546235353654e-05,0.16589915874145109,-0.7853981633974483,0.7853981633974483
0.001,0.0017,0.0009,10,True,1,2,2.670782929475788,6.054304201917824e-07,0.0005183798465871858,-0.00990606562947991,7.767999238687835e-05,-0.7853981633974483,0.7853981633974483
0.001,0.0017,0.0009,10,False,3,0,9879.103466136508,6.000000897751531e-07,-0.15036574221134819,0.0001729065512893146,0.2906275842366379,-0.7853981633974483,0.7853981633974483
0.001,0.0017,0.0009,10,True,3,4,1.4671357721019762,6.04034896262853e-07,-0.01997526998642515,0.0003587969453309477,0.000552908903548497,-0.7853981633974483,0.7853981633974483
0.001,0.0017,0.0009,10,False,3,6,10059.274460424222,6.000001711909454e-07,-0.1504703120956515,8.575992624990342e-06,0.29019172024662077,-0.7853981633974483,0.7853981633974483
0.001,0.0017,0.0009,10,True,4,5,1.4409827393419972,6.054021679153151e-07,0.00010359635051352054,-0.010224509294615384,4.299547686823421e-05,-0.7853981633974483,0.7853981633974483
0.001,0.0017,0.0009,10,False,6,0,4370.007216607231,6.000001021260991e-07,-0.14984154993066123,6.50079096814705e-05,-0.1350580943166569,-0.7853981633974483,0.7853981633974483
0.001,0.0017,0.0009,10,False,6,3,4428.51007258874,6.00000172558863e-07,-0.1496228384615521,-0.00029191901948621025,-0.1351691327715949,-0.7853981633974483,0.7853981633974483
0.001,0.0017,0.0009,10,True,6,7,1.8504528816097436,6.040390131959956e-07,-0.019909083772696363,0.00012785918555312836,-4.1792104999444475e-06,-0.7853981633974483,0.7853981633974483
0.001,0.0017,0.0009,10,True,7,8,2.3844305898757048,6.05375728019687e-07,-0.00023104372646375997,-0.009694380913398297,0.00032693811412281865,-0.7853981633974483,0.7853981633974483
0.001,0.0017,0.0009,10,False,0,4,1452.0701130289335,6.040747808245712e-07,-0.019374519539122764,0.0017342285550469353,0.01209047417607331,-0.7853981633974483,0.7853981633974483
0.001,0.0017,0.0009,10,False,1,4,19175.70919821936,6.000093079099306e-07,-0.1524620064893325,0.003082161019213566,0.14450706295682647,-0.7853981633974483,0.7853981633974483
0.001,0.0017,0.0009,10,False,3,1,1476.7112887085098,6.0401156274752e-07,-0.020405241665514034,-0.0026982032246120947,-0.010946056999990557,-0.7853981633974483,0.7853981633974483
0.001,0.0017,0.0009,10,False,4,1,7560.546049517451,6.000089037142592e-07,-0.1514674755715309,-0.003402203149235272,-0.1648374582117055,-0.7853981633974483,0.7853981633974483
0.001,0.0017,0.0009,10,False,3,7,1945.9860878032628,6.040036191582204e-07,-0.02057091940795842,-0.0036617552031475804,-0.020226976587240545,-0.7853981633974483,0.7853981633974483
0.001,0.0017,0.0009,10,False,4,7,11403.594133764844,6.000066187748563e-07,-0.15079381794840327,-0.0012635824482571034,0.10540856113209542,-0.7853981633974483,0.7853981633974483
0.001,0.0017,0.0009,10,False,7,4,12587.742637569618,6.000069041725097e-07,-0.15156208783505037,0.001039408785869741,0.13170130076463082,-0.7853981633974483,0.7853981633974483
0.001,0.0017,0.0009,10,False,6,4,1236.5418574813248,6.040386800384408e-07,-0.01995007487007076,0.0020453684358450845,0.012866130477836574,-0.7853981633974483,0.7853981633974483
0.001,0.0017,0.0009,10,True,0,1,2.116918768252709,6.04054347534773e-07,-0.019664320041219697,-0.0007371739877268746,0.000999511365425496,-0.7853981633974483,0.7853981633974483
0.001,0.0017,0.0009,10,False,0,3,23360.18389292487,6.000002171996781e-07,-0.14960234061006122,-0.0007418509218933458,-0.022625134621112306,-0.7853981633974483,0.7853981633974483
0.001,0.0017,0.0009,10,False,0,6,22978.17286237956,6.000001573633872e-07,-0.1495333987086447,-0.0005629875544504746,-0.021955679305281063,-0.7853981633974483,0.7853981633974483
0.001,0.0017,0.0009,10,True,1,2,2.7986120378496717,6.053822256595371e-07,-0.0001558391908878547,-0.00993758075616529,0.0010229995510724907,-0.7853981633974483,0.7853981633974483
0.001,0.0017,0.0009,10,False,3,0,8139.746191054192,6.000002228099595e-07,-0.15059316270840944,0.000618111685353627,0.18748356919775946,-0.7853981633974483,0.7853981633974483
0.001,0.0017,0.0009,10,True,3,4,2.0901686788833773,6.040577553240208e-07,-0.019607923057103422,0.0004202635465967247,0.0008279961023483685,-0.7853981633974483,0.7853981633974483
0.001,0.0017,0.0009,10,False,3,6,8240.557040188278,6.000000653172749e-07,-0.14994842595295405,0.00022342844714965453,0.187267110117281,-0.7853981633974483,0.7853981633974483
0.001,0.0017,0.0009,10,True,4,5,2.240611945579132,6.053550373571955e-07,-0.0005667986293390699,-0.010375919657282951,-0.0006784900808560768,-0.7853981633974483,0.7853981633974483
0.001,0.0017,0.0009,10,False,6,0,6444.030708337244,6.000001825439345e-07,-0.1506615732280817,0.00045948290648938447,0.10545309352621333,-0.7853981633974483,0.7853981633974483
0.001,0.0017,0.0009,10,False,6,3,6515.569949569126,6.000000593124525e-07,-0.15007193870940583,-0.00014208654457703481,0.1045671836329011,-0.7853981633974483,0.7853981633974483
0.001,0.0017,0.0009,10,True,6,7,1.8994268972241808,6.039932673335913e-07,-0.020647724723068406,-0.0001920512379272079,0.001073576783332882,-0.7853981633974483,0.7853981633974483
0.001,0.0017,0.0009,10,True,7,8,2.1025563213291,6.054373667405478e-07,0.0006212330436935036,-0.009805187153019958,-0.00029266614500758224,-0.7853981633974483,0.7853981633974483
0.001,0.0017,0.0009,10,False,0,7,1655.9741141249092,6.040332064325334e-07,-0.0201389353657225,0.0052908358216955725,0.027725343936373777,-0.7853981633974483,0.7853981633974483
0.001,0.0017,0.0009,10,False,1,7,7898.233417065969,6.000148680906155e-07,-0.15020888521217457,0.0058578609036883025,-0.026362803632526067,-0.7853981633974483,0.7853981633974483
0.001,0.0017,0.0009,10,False,6,1,1614.6025717647944,6.040229610018612e-07,-0.02029547836601977,-0.0049603187501299,-0.028604747892753597,-0.7853981633974483,0.7853981633974483
0.001,0.0017,0.0009,10,False,7,1,4308.1871204799645,6.000162301727494e-07,-0.14801911718424346,-0.006050431919302408,-0.04682041777373801,-0.7853981633974483,0.7853981633974483
0.001,0.0017,0.0009,10,False,0,4,1396.973995650877,6.040315710246344e-07,-0.02019774034304213,-0.006129793541008584,-0.03415639678935331,-0.7853981633974483,0.7853981633974483
0.001,0.0017,0.0009,10,False,4,1,4323.021147029161,6.000176452156867e-07,-0.1489390451051341,0.007175934142770081,0.08974133460995642,-0.7853981633974483,0.7853981633974483
0.001,0.0017,0.0009,10,True,0,1,2.563469989264514,6.0401310823337e-07,-0.020326694677524255,5.216867524976125e-05,-0.00041329672690317975,-0.7853981633974483,0.7853981633974483
0.001,0.0017,0.0009,10,False,0,3,13357.139757306815,6.000001591517835e-07,-0.1498575879022549,0.0006982595753017043,-0.18660276783317645,-0.7853981633974483,0.7853981633974483
0.001,0.0017,0.0009,10,False,0,6,13239.097652712366,6.000001620505995e-07,-0.1495076464262688,-0.00031893849400236576,-0.1864238046745693,-0.7853981633974483,0.7853981633974483
0.001,0.0017,0.0009,10,True,1,2,2.7122455429285046,6.054291499991136e-07,0.0004867455572506299,-0.010109721755712871,-0.0004602334055897321,-0.7853981633974483,0.7853981633974483
0.001,0.0017,0.0009,10,False,3,0,13171.618104346799,6.000001654814678e-07,-0.15001833612158189,-0.0007322575271441991,-0.044153590631023684,-0.7853981633974483,0.7853981633974483
0.001,0.0017,0.0009,10,True,3,4,2.2627669870511755,6.040447042718597e-07,-0.01981944973652727,-0.0006370985302988262,-0.00013191464273385763,-0.7853981633974483,0.7853981633974483
0.001,0.0017,0.0009,10,False,3,6,13161.760175865682,6.000003382516456e-07,-0.1494693363274603,-0.0009247664738350804,-0.04341734489181101,-0.7853981633974483,0.7853981633974483
0.001,0.0017,0.0009,10,True,4,5,1.9560045197198304,6.053828615441998e-07,-0.00015226731056910563,-0.010008166935528345,-0.0008806518482576407,-0.7853981633974483,0.7853981633974483
0.001,0.0017,0.0009,10,False,6,0,9389.989763466636,6.000001521479603e-07,-0.15053159883196035,0.00012903681549807523,-0.012661455703868996,-0.7853981633974483,0.7853981633974483
0.001,0.0017,0.0009,10,False,6,3,9457.228426176142,6.000003125209584e-07,-0.1505233524161502,0.0008638696678651256,-0.01210416521045888,-0.7853981633974483,0.7853981633974483
0.001,0.0017,0.0009,10,True,6,7,3.09438321062854,6.040030921319603e-07,-0.020489063011604438,0.0003635249444047677,0.0011814692870931172,-0.7853981633974483,0.7853981633974483
0.001,0.0017,0.0009,10,True,7,8,1.5786078582311542,6.054173476670777e-07,0.0003503953239447938,-0.00969247339125188,-0.0011578833143845862,-0.7853981633974483,0.7853981633974483
0.001,0.0017,0.0009,10,False,1,4,15808.459511398007,6.000105056738692e-07,-0.1515502078994365,-0.004940568252510742,-0.13181906764076515,-0.7853981633974483,0.7853981633974483
0.001,0.0017,0.0009,10,False,3,1,1064.4923612960833,6.039908487101007e-07,-0.0207741184249301,0.004220517743768866,0.025719120194161785,-0.7853981633974483,0.7853981633974483
0.001,0.0017,0.0009,10,False,3,7,1437.210227700381,6.03975744468576e-07,-0.021181070190198454,0.007534514819722405,0.04834313112102892,-0.7853981633974483,0.7853981633974483
0.001,0.0017,0.0009,10,False,7,4,5724.835086261757,6.000176134386384e-07,-0.1509397870733417,-0.006316155732940373,-0.07735869891041156,-0.7853981633974483,0.7853981633974483
0.001,0.0017,0.0009,10,True,0,1,1.3222353143932424,6.040100762475926e-07,-0.020375771962816425,0.00036063510006760865,-0.0002634639524996392,-0.7853981633974483,0.7853981633974483
0.001,0.0017,0.0009,10,False,0,3,7820.635363662697,6.000002048069976e-07,-0.1505467487037389,0.0005689803156585119,0.24036021022950588,-0.7853981633974483,0.7853981633974483
0.001,0.0017,0.0009,10,False,0,6,7726.942657890277,6.000001268173273e-07,-0.15043285760676006,0.00011020449214395705,0.23895888631388196,-0.7853981633974483,0.7853981633974483
0.001,0.0017,0.0009,10,True,1,2,3.614819564831761,6.053947123776723e-07,1.9050632082524913e-05,-0.009931211826974618,0.000938821340930266,-0.7853981633974483,0.7853981633974483
0.001,0.0017,0.0009,10,False,2,8,10943.370402194938,6.000293232462343e-07,-0.14987789219895364,-0.010315641095348015,0.08374748934632256,-0.7853981633974483,0.7853981633974483
0.001,0.0017,0.0009,10,False,3,0,11693.194456035682,6.000001638408618e-07,-0.14995810369548887,-0.0006597255073219822,-0.22250715913743513,-0.7853981633974483,0.7853981633974483
0.001,0.0017,0.0009,10,True,3,4,3.8105926342707988,6.040332949601135e-07,-0.020001591242268385,-0.0004921761099714215,-8.376353478705125e-05,-0.7853981633974483,0.7853981633974483
0.001,0.0017,0.0009,10,False,3,6,11845.102570647956,6.000000808542847e-07,-0.150228170632369,-0.0004073154870786555,-0.22381550178779572,-0.7853981633974483,0.7853981633974483
0.001,0.0017,0.0009,10,True,4,5,2.0568271695815445,6.05338788892341e-07,-0.0007341445835469644,-0.009473927687416481,0.000652871373091006,-0.7853981633974483,0.7853981633974483
0.001,0.0017,0.0009,10,False,4,7,9156.49413525964,6.000325231235843e-07,-0.1521013809006322,0.01053616427221865,0.11932721710971551,-0.7853981633974483,0.7853981633974483
0.001,0.0017,0.0009,10,False,6,0,15811.268014894575,6.000001216888115e-07,-0.1496154745489485,-0.00016853825397714775,0.0907844347628855,-0.7853981633974483,0.7853981633974483
0.001,0.0017,0.0009,10,False,6,3,15457.981815699057,6.000000689943794e-07,-0.1499501880671173,0.0004021579471623904,0.09087740050559846,-0.7853981633974483,0.7853981633974483
0.001,0.0017,0.0009,10,True,6,7,2.2255832406065332,6.040527898567825e-07,-0.01968710694709001,0.0003274149791436755,0.0007380905940263091,-0.7853981633974483,0.7853981633974483
0.001,0.0017,0.0009,10,True,7,8,1.6621353446202758,6.05407137542136e-07,0.00016627045672319121,-0.010319079965796544,5.190385494417115e-05,-0.7853981633974483,0.7853981633974483
0.001,0.0017,0.0009,10,False,7,2,3884.88167985417,6.05409384664428e-07,0.0004584739348010228,-0.004675839901902635,0.10565521705772074,-0.7853981633974483,0.7853981633974483
0.001,0.0017,0.0009,10,False,8,2,8098.670017332515,6.000296973823664e-07,-0.14820181568741575,0.010241568782722884,0.06562967561358647,-0.7853981633974483,0.7853981633974483
0.001,0.0017,0.0009,10,False,6,4,1525.513527992714,6.039464958918218e-07,-0.0217667297403653,-0.009275191437664683,-0.05261641040438916,-0.7853981633974483,0.7853981633974483
0.001,0.0017,0.0009,10,False,4,8,585.7442249823307,6.051818984614791e-07,-0.002750795591101608,0.0038682699719939954,0.0014520607205381236,-0.7853981633974483,0.7853981633974483
0.001,0.0017,0.0009,10,True,0,1,2.5933297720110278,6.040567710873436e-07,-0.01962458338752892,0.0006065186355784861,0.0009254582767925501,-0.7853981633974483,0.7853981633974483
0.001,0.0017,0.0009,10,False,0,3,11109.756283608724,6.000001312404645e-07,-0.14940535216741285,0.0002953161133730576,-0.13876262527541694,-0.7853981633974483,0.7853981633974483
0.001,0.0017,0.0009,10,False,0,6,11070.851319502795,6.000001636837778e-07,-0.14956502427462023,0.00047137721254412324,-0.14070365813509159,-0.7853981633974483,0.7853981633974483
0.001,0.0017,0.0009,10,True,1,2,2.6119177370781315,6.053947767587134e-07,-3.7683677742544925e-05,-0.010766465339816773,-5.452065008846712e-06,-0.7853981633974483,0.7853981633974483
0.001,0.0017,0.0009,10,False,3,0,7582.205111495277,6.000000959395973e-07,-0.15032519411772116,-0.00041840685312530105,0.21996800432161415,-0.7853981633974483,0.7853981633974483
0.001,0.0017,0.0009,10,True,3,4,1.6352293892159129,6.040305243980091e-07,-0.020047523683659852,-0.0007542910850224422,-0.0006127028428557963,-0.7853981633974483,0.7853981633974483
0.001,0.0017,0.0009,10,False,3,6,7641.525765882077,6.00000077084033e-07,-0.15010647162688678,2.522170111412155e-05,0.21887489634318089,-0.7853981633974483,0.7853981633974483
0.001,0.0017,0.0009,10,True,4,5,1.6166350665643923,6.054286321976135e-07,0.0004968602638106614,-0.00985984794115235,0.00014625802290895926,-0.7853981633974483,0.7853981633974483
0.001,0.0017,0.0009,10,False,6,0,15292.05781959269,6.000001151172648e-07,-0.15025411154043997,-0.00035594818440082943,0.02541548870384982,-0.7853981633974483,0.7853981633974483
0.001,0.0017,0.0009,10,False,6,3,15311.152120099461,6.000000846161654e-07,-0.14985869591224413,-0.00016169387159600134,0.026263409891947875,-0.7853981633974483,0.7853981633974483
0.001,0.0017,0.0009,10,True,6,7,1.904034376502043,6.040201988635631e-07,-0.020212359309075265,-0.00036883729590782874,-0.0002423532949674873,-0.7853981633974483,0.7853981633974483
0.001,0.0017,0.0009,10,True,7,8,3.0055453676255017,6.05416324167418e-07,0.0002577003454373137,-0.0108445431692176,-0.00035747978641292177,-0.7853981633974483,0.7853981633974483
0.001,0.0017,0.0009,10,False,0,7,1025.3772462124855,6.039817200666988e-07,-0.02088187458432858,0.0026450004392774085,0.015221869303159854,-0.7853981633974483,0.7853981633974483
0.001,0.0017,0.0009,10,False,1,7,9065.341032768916,6.000062306623439e-07,-0.1501148098421989,0.003020744731588999,-0.017663592096359558,-0.7853981633974483,0.7853981633974483
0.001,0.0017,0.0009,10,False,6,1,1061.3715025081258,6.039964377956565e-07,-0.020631623609361986,-0.0022018054973260586,-0.01475349183110879,-0.7853981633974483,0.7853981633974483
0.001,0.0017,0.0009,10,False,7,1,9871.489860294678,6.000061167192349e-07,-0.14982256061886914,-0.0029308649002031343,0.029920820539596407,-0.7853981633974483,0.7853981633974483
0.001,0.0017,0.0009,10,True,0,1,0.7994474302964769,6.040218714289174e-07,-0.02018548151491876,0.0004877609160007569,0.0008556531175842784,-0.7853981633974483,0.7853981633974483
0.001,0.0017,0.0009,10,False,0,3,10985.725713320966,6.0000018367871e-07,-0.14967083027726716,0.0006385976534629976,0.1793796680282273,-0.7853981633974483,0.7853981633974483
0.001,0.0017,0.0009,10,False,0,6,11213.562824018793,6.000000506641013e-07,-0.14993201002034118,-7.879919762636565e-05,0.18078204495650207,-0.7853981633974483,0.7853981633974483
0.001,0.0017,0.0009,10,True,1,2,1.830805309381515,6.054121207853116e-07,0.00022407042198742584,-0.01049428186584896,0.00011823289101450875,-0.7853981633974483,0.7853981633974483
0.001,0.0017,0.0009,10,False,3,0,13639.699032646811,6.000001901924573e-07,-0.15058886246868017,-0.00044600905485435547,-0.06704051047593497,-0.7853981633974483,0.7853981633974483
0.001,0.0017,0.0009,10,True,3,4,2.109576122194783,6.040749926800381e-07,-0.01933105601046597,-0.00031963207392307917,-0.0008593804235873869,-0.7853981633974483,0.7853981633974483
0.001,0.0017,0.0009,10,False,3,6,13692.7957374219,6.000001987264023e-07,-0.15051859788212196,-0.0004731166871132008,-0.06542894245345235,-0.7853981633974483,0.7853981633974483
0.001,0.0017,0.0009,10,True,4,5,3.2962511970943296,6.053212275374665e-07,-0.0009832979702596376,-0.00950151148990291,-0.0008158777875330519,-0.7853981633974483,0.7853981633974483
0.001,0.0017,0.0009,10,False,6,0,7166.193777549444,6.00000058486911e-07,-0.14990044044750864,0.0001907278336544519,-0.09239090752061102,-0.7853981633974483,0.7853981633974483
0.001,0.0017,0.0009,10,False,6,3,7236.649773873853,6.000003019558103e-07,-0.14932403238695,0.0007097473478445716,-0.09218172774288894,-0.7853981633974483,0.7853981633974483
0.001,0.0017,0.0009,10,True,6,7,2.2219695327485374,6.040513471266758e-07,-0.019709917993514146,0.0001170907778263908,0.0006640310817134548,-0.7853981633974483,0.7853981633974483
0.001,0.0017,0.0009,10,True,7,8,3.252436281544875,6.054001213750223e-07,0.00014221286639377992,-0.009183275597898248,-0.0008035884217282415,-0.7853981633974483,0.7853981633974483
0.001,0.0017,0.0009,10,False,3,7,1334.292410552569,6.039944880534029e-07,-0.021010462205075624,0.009692209306938166,0.05807143738671596,-0.7853981633974483,0.7853981633974483
0.001,0.0017,0.0009,10,False,7,4,4973.251146847231,6.000424988911388e-07,-0.14710834669420117,-0.012337177304128347,0.09802114545375921,-0.7853981633974483,0.7853981633974483
0.001,0.0017,0.0009,10,False,4,7,15578.887734074251,6.000422654234412e-07,-0.15384028789846865,0.012040902818317968,0.17778787320239506,-0.7853981633974483,0.7853981633974483
0.001,0.0017,0.0009,10,False,6,4,1870.3628115498948,6.040197222102586e-07,-0.020416901368723466,-0.006541097194694088,-0.03403581813880897,-0.7853981633974483,0.7853981633974483
0.001,0.0017,0.0009,10,False,0,4,675.7511500921144,6.040818015280244e-07,-0.019235301246429568,-0.0010425850698439268,-0.006130245984116953,-0.7853981633974483,0.7853981633974483
0.001,0.0017,0.0009,10,False,4,1,9627.507751805335,6.000035972341292e-07,-0.1504148862942533,0.0019236685959786897,-0.11031249493237406,-0.7853981633974483,0.7853981633974483
0.001,0.0017,0.0009,10,True,0,1,1.9461071910644971,6.040069147800588e-07,-0.02042739398505956,-0.0002972876531395233,0.0005274094409406783,-0.7853981633974483,0.7853981633974483
0.001,0.0017,0.0009,10,False,0,3,7000.683917398902,6.000000873108688e-07,-0.15040421887573327,-0.00019543228440908802,-0.02202546870570314,-0.7853981633974483,0.7853981633974483
0.001,0.0017,0.0009,10,False,0,6,7019.918487246359,6.000001261449697e-07,-0.15021967649637213,-0.0004033846799048162,-0.021906534773699495,-0.7853981633974483,0.7853981633974483
0.001,0.0017,0.0009,10,True,1,2,2.422334684993859,6.05424234030699e-07,0.0003921279182987423,-0.010495105658695748,-0.0009905208818222313,-0.7853981633974483,0.7853981633974483
0.001,0.0017,0.0009,10,False,1,4,6945.052282668857,6.000041737566717e-07,-0.14891577932706526,0.0018147274500306865,0.10039533721755399,-0.7853981633974483,0.7853981633974483
0.001,0.0017,0.0009,10,False,3,0,11243.464963408896,6.000001182468961e-07,-0.14948816980706975,0.00028255092049318944,0.09880383812549706,-0.7853981633974483,0.7853981633974483
0.001,0.0017,0.0009,10,False,3,1,774.459197496303,6.040295921777256e-07,-0.02008227957727973,-0.0013094007443404658,-0.010906922000589325,-0.7853981633974483,0.7853981633974483
0.001,0.0017,0.0009,10,True,3,4,2.2446280720953835,6.040250404195963e-07,-0.02013435306999838,0.00045320123953295806,0.0013009958588613793,-0.7853981633974483,0.7853981633974483
0.001,0.0017,0.0009,10,False,3,6,10928.470686346376,6.0000015653734e-07,-0.14950630508690557,1.693949605046304e-05,0.09908068573633413,-0.7853981633974483,0.7853981633974483
0.001,0.0017,0.0009,10,True,4,5,0.8595807747297106,6.054471709558577e-07,0.0007348510842330893,-0.010161599795295717,-0.000488645372558775,-0.7853981633974483,0.7853981633974483
0.001,0.0017,0.0009,10,False,6,0,10258.9920343136,6.000000883765935e-07,-0.14996450061082753,0.00019629096497685684,0.16695725113042872,-0.7853981633974483,0.7853981633974483
0.001,0.0017,0.0009,10,False,6,3,10238.617414298446,6.000001345931525e-07,-0.15036164928039386,-0.00011733826854960552,0.16711516246362057,-0.7853981633974483,0.7853981633974483
0.001,0.0017,0.0009,10,True,6,7,1.511448074588971,6.04036860803772e-07,-0.01994369686691431,0.00015974162737611701,0.00032398532252541067,-0.7853981633974483,0.7853981633974483
0.001,0.0017,0.0009,10,True,7,8,2.387186878813643,6.054285108895945e-07,0.0004515139074413671,-0.010501478933526287,0.00031088876072637674,-0.7853981633974483,0.7853981633974483
0.001,0.0017,0.0009,10,False,0,4,1060.5837280825672,6.039953619634552e-07,-0.021107697665119902,0.011167910946070215,0.06421958741578862,-0.7853981633974483,0.7853981633974483
0.001,0.0017,0.0009,10,False,4,1,10862.104700202706,6.000478551490481e-07,-0.15175977059644732,-0.013664519596641639,-0.12319511794895976,-0.7853981633974483,0.7853981633974483
0.001,0.0017,0.0009,10,True,0,1,1.4648944360479048,6.040348933762574e-07,-0.01997531189460268,-0.0003175668337241369,-0.000689637941726473,-0.7853981633974483,0.7853981633974483
0.001,0.0017,0.0009,10,False,0,3,4186.762253033956,6.000000830407137e-07,-0.1500272040630724,8.981422573727541e-05,-0.08172210709233896,-0.7853981633974483,0.7853981633974483
0.001,0.0017,0.0009,10,False,0,6,4005.8503588520166,6.000000811397787e-07,-0.15007539539700165,0.0004156619195920021,-0.08023832616009295,-0.7853981633974483,0.7853981633974483
0.001,0.0017,0.0009,10,True,1,2,3.5032718416718525,6.053542687360376e-07,-0.0005380501495080402,-0.00978754024156963,0.0004238052376694923,-0.7853981633974483,0.7853981633974483
0.001,0.0017,0.0009,10,False,3,0,6151.5500607671875,6.000000828650733e-07,-0.14996060196587913,-8.036222399800069e-05,-0.14811556859377462,-0.7853981633974483,0.7853981633974483
0.001,0.0017,0.0009,10,False,3,1,1154.7350852434015,6.040259379293437e-07,-0.020718886728119005,-0.012321276779116016,-0.06816470670078084,-0.7853981633974483,0.7853981633974483
0.001,0.0017,0.0009,10,True,3,4,2.697401178400515,6.040160547903502e-07,-0.020279391884770504,2.9801926877086497e-05,0.00023347301694610526,-0.7853981633974483,0.7853981633974483
0.001,0.0017,0.0009,10,False,3,6,6052.391804606902,6.000000889639236e-07,-0.15003908773957306,0.00034067254102644536,-0.1477133976987091,-0.7853981633974483,0.7853981633974483
0.001,0.0017,0.0009,10,True,4,5,1.8965119206329397,6.053964405583569e-07,3.7187578109092615e-05,-0.010025347459694965,-0.0001779996908387681,-0.7853981633974483,0.7853981633974483
0.001,0.0017,0.0009,10,False,6,0,9907.39075977329,6.000000730178937e-07,-0.14984421169600512,-0.00034260113586584797,0.029143595248444783,-0.7853981633974483,0.7853981633974483
0.001,0.0017,0.0009,10,False,6,3,9814.63482962977,6.000000732314534e-07,-0.14995449299166447,-0.00021025396003819289,0.028061984062170326,-0.7853981633974483,0.7853981633974483
0.001,0.0017,0.0009,10,True,6,7,2.1219903841807475,6.040025826395913e-07,-0.020498930697462572,-0.0008090539660163024,-0.0008144611789608391,-0.7853981633974483,0.7853981633974483
0.001,0.0017,0.0009,10,True,7,8,1.7385127030443475,6.054482330651683e-07,0.0008055204036833574,-0.009294483336294583,0.00027914672618954494,-0.7853981633974483,0.7853981633974483
0.001,0.0017,0.0009,10,False,0,7,1589.503724256689,6.039628547011859e-07,-0.021175885607394033,0.0007999511598069237,0.005036572888043408,-0.7853981633974483,0.7853981633974483
0.001,0.0017,0.0009,10,False,1,7,6087.792724028161,6.000061999828163e-07,-0.14996901436413096,0.0007925379516732923,-0.08745791685569651,-0.7853981633974483,0.7853981633974483
0.001,0.0017,0.0009,10,False,6,1,1594.5868735381407,6.039818641280253e-07,-0.020869248923218786,-0.0009835075219078282,-0.00566704053119507,-0.7853981633974483,0.7853981633974483
0.001,0.0017,0.0009,10,False,7,1,5531.3605105055985,6.000062005885791e-07,-0.15008810287446667,-0.0007899554441308449,-0.04093186624462246,-0.7853981633974483,0.7853981633974483
0.001,0.0017,0.0009,10,True,0,1,1.8012302761159968,6.040413397334258e-07,-0.01987121125374747,0.00019878832339074805,0.00047723987749750024,-0.7853981633974483,0.7853981633974483
0.001,0.0017,0.0009,10,False,0,3,7002.727025027079,6.000000995794538e-07,-0.15035465358836733,0.00034401153718713887,0.24835918027005033,-0.7853981633974483,0.7853981633974483
0.001,0.0017,0.0009,10,False,0,6,6969.523700582444,6.000000945962442e-07,-0.14994902643294972,0.00044926946488629875,0.24844281875489688,-0.7853981633974483,0.7853981633974483
0.001,0.0017,0.0009,10,True,1,2,1.9567300940445296,6.053746603181955e-07,-0.00020746891660213373,-0.0090818710957733,-0.0005261759284263149,-0.7853981633974483,0.7853981633974483
0.001,0.0017,0.0009,10,False,3,0,10286.016404285892,6.000001021387515e-07,-0.15001152333190237,-0.0005055595183162605,-0.282804058895337,-0.7853981633974483,0.7853981633974483
0.001,0.0017,0.0009,10,True,3,4,2.7019696099756385,6.040325808572985e-07,-0.02001253092016661,-7.924424270463985e-05,0.00041012981432079435,-0.7853981633974483,0.7853981633974483
0.001,0.0017,0.0009,10,False,3,6,10273.011261998634,6.000001011570075e-07,-0.14964794518175248,-0.00024456170754127423,-0.28329446858336094,-0.7853981633974483,0.7853981633974483
0.001,0.0017,0.0009,10,True,4,5,2.7095883354403525,6.05382570955091e-07,-0.00013580292459064086,-0.00970167998820216,0.0004711236440496639,-0.7853981633974483,0.7853981633974483
0.001,0.0017,0.0009,10,False,6,0,9473.439345584204,6.000001076099711e-07,-0.15008205905355623,-0.00050664945074133,0.26780100244539856,-0.7853981633974483,0.7853981633974483
0.001,0.0017,0.0009,10,False,6,3,9545.81967048286,6.000001033498816e-07,-0.1504281223330369,-0.00010199678849230916,0.2672269559981341,-0.7853981633974483,0.7853981633974483
0.001,0.0017,0.0009,10,True,6,7,2.8882393512749505,6.039961559959613e-07,-0.020601035596055833,0.00022872349261679267,0.0004420063228297019,-0.7853981633974483,0.7853981633974483
0.001,0.0017,0.0009,10,True,7,8,1.9607429970244952,6.053843095596818e-07,-0.00010016638914246749,-0.009524897822287003,-0.001426494314741256,-0.7853981633974483,0.7853981633974483
0.001,0.0017,0.0009,10,False,1,4,4930.12621166717,6.00054976129302e-07,-0.15089224026342363,0.014736938819907498,0.02760791094800648,-0.7853981633974483,0.7853981633974483
0.001,0.0017,0.0009,10,True,0,1,2.825902007415143,6.040616162878254e-07,-0.019546141613830424,-0.0005056303309167244,-0.0012222978285828506,-0.7853981633974483,0.7853981633974483
0.001,0.0017,0.0009,10,False,0,3,5269.37440122952,6.000001592799046e-07,-0.1500591053892914,-0.0004058127031542655,-0.0580400326688417,-0.7853981633974483,0.7853981633974483
0.001,0.0017,0.0009,10,False,0,6,5311.529823371434,6.000000811606499e-07,-0.149873463870209,0.00012123316378546835,-0.059159588466445735,-0.7853981633974483,0.7853981633974483
0.001,0.0017,0.0009,10,True,1,2,2.1200870732429635,6.053868663259974e-07,-0.0001011136316917531,-0.01008643927134463,-0.0004499588790209691,-0.7853981633974483,0.7853981633974483
0.001,0.0017,0.0009,10,False,3,0,10674.605716956024,6.000001835907951e-07,-0.1497143584289554,0.0004435927725362568,-0.2287169222563147,-0.7853981633974483,0.7853981633974483
0.001,0.0017,0.0009,10,True,3,4,2.0017627076128903,6.040543693893898e-07,-0.01966289762213512,0.0004676309715269334,-0.00032059740070154464,-0.7853981633974483,0.7853981633974483
0.001,0.0017,0.0009,10,False,3,6,10744.608467915781,6.000001592412825e-07,-0.14967414469536697,0.0005263146145317955,-0.22766671047203837,-0.7853981633974483,0.7853981633974483
0.001,0.0017,0.0009,10,True,4,5,2.3535553812735563,6.054000762038025e-07,8.193753924342621e-05,-0.010107294235787866,0.00019023908469780742,-0.7853981633974483,0.7853981633974483
0.001,0.0017,0.0009,10,False,6,0,7416.045351580326,6.000000794429307e-07,-0.15000875895485596,-0.00015115017669577085,0.2126800667942796,-0.7853981633974483,0.7853981633974483
0.001,0.0017,0.0009,10,False,6,3,7296.9385341704165,6.000001198018292e-07,-0.14994834027803045,-0.00044917592401959446,0.21484982676076908,-0.7853981633974483,0.7853981633974483
0.001,0.0017,0.0009,10,True,6,7,2.0475667972039524,6.040539543626933e-07,-0.01966843997897094,0.00026781264664954395,0.0004961487584595452,-0.7853981633974483,0.7853981633974483
0.001,0.0017,0.0009,10,True,7,8,1.3904605272692578,6.053726946487692e-07,-0.00029967701398639975,-0.01009694832458726,9.163945665476638e-05,-0.7853981633974483,0.7853981633974483
0.001,0.0017,0.0009,10,False,1,8,3046.375247020552,6.051203670663674e-07,-0.003976203124373069,-0.008321220025374158,0.09314900349370281,-0.7853981633974483,0.7853981633974483
0.001,0.0017,0.0009,10,False,2,8,4966.959263770897,6.000129454392459e-07,-0.14647646402596282,-0.0012313141310419536,-0.03574171640695868,-0.7853981633974483,0.7853981633974483
0.001,0.0017,0.0009,10,True,0,1,3.1191258476913126,6.039932163080363e-07,-0.020648428190913882,-0.00038187809673606007,-4.7601246964201734e-05,-0.7853981633974483,0.7853981633974483
0.001,0.0017,0.0009,10,False,0,3,19444.45401296518,6.000000527232202e-07,-0.15028183744842957,-0.00016591911935312932,0.10905626442531176,-0.7853981633974483,0.7853981633974483
0.001,0.0017,0.0009,10,False,0,6,19187.9420169609,6.000001704517891e-07,-0.15032381567024355,-0.0005355924864136467,0.1081188202595669,-0.7853981633974483,0.7853981633974483
0.001,0.0017,0.0009,10,True,1,2,1.9036018202159766,6.053935792069419e-07,-1.50968354038952e-05,-0.01020820866711888,0.0010251959509087639,-0.7853981633974483,0.7853981633974483
0.001,0.0017,0.0009,10,False,3,0,6752.26688524075,6.000000435457675e-07,-0.1498153093047219,0.00017678524796741447,0.1932958417060953,-0.7853981633974483,0.7853981633974483
0.001,0.0017,0.0009,10,True,3,4,2.114361387777852,6.040591442247737e-07,-0.019585438286637596,0.00020284961437740933,0.0008585975204419683,-0.7853981633974483,0.7853981633974483
0.001,0.0017,0.0009,10,False,3,6,6667.376814146858,6.000000771622461e-07,-0.14997446332487946,-0.00017960928136045821,0.19030917835436498,-0.7853981633974483,0.7853981633974483
0.001,0.0017,0.0009,10,True,4,5,1.347000113905645,6.053809387120863e-07,-0.00018055214072787133,-0.010038079404454624,0.0009031245272405308,-0.7853981633974483,0.7853981633974483
0.001,0.0017,0.0009,10,False,6,0,4511.841719273704,6.000001058717289e-07,-0.14990128211369466,0.0002987625635584712,0.11912160524634235,-0.7853981633974483,0.7853981633974483
0.001,0.0017,0.0009,10,False,6,3,4466.740774435922,6.000000817195701e-07,-0.1499885156054974,0.00023116119219354563,0.11707237920598058,-0.7853981633974483,0.7853981633974483
0.001,0.0017,0.0009,10,True,6,7,3.283895646454771,6.040076243604733e-07,-0.02041504384426895,0.0001916166729371452,-4.525984302684273e-05,-0.7853981633974483,0.7853981633974483
0.001,0.0017,0.0009,10,True,7,8,1.7287982363174907,6.053767589400739e-07,-0.0002437013077796681,-0.010108822210027176,0.00014398699595232024,-0.7853981633974483,0.7853981633974483
0.001,0.0017,0.0009,10,False,0,4,1161.89972127412,6.040291664758175e-07,-0.020826849287192646,0.013898733417462898,0.0788062006299782,-0.7853981633974483,0.7853981633974483
0.001,0.0017,0.0009,10,True,0,1,1.0493185623918357,6.039959485226813e-07,-0.020604202111142573,0.00026898223211521634,0.0010149633455812386,-1.5707963267948966,0.0
0.001,0.0017,0.0009,10,False,0,3,31290.103824563197,6.000000859532904e-07,-0.15043350820035764,-5.235017683867197e-05,0.18440198602263458,-1.5707963267948966,0.0
0.001,0.0017,0.0009,10,False,0,6,31174.85917718303,6.000000893080488e-07,-0.15008433394113205,0.000315122054728326,0.18340313467946254,-1.5707963267948966,0.0
0.001,0.0017,0.0009,10,True,1,2,2.232767611328456,6.054124211258185e-07,0.0002530748724344646,-0.010117642283655815,0.0020763542986658836,-1.5707963267948966,0.0
0.001,0.0017,0.0009,10,False,3,0,37746.32377387204,6.000000736103845e-07,-0.14967979602623413,0.00017942803016205355,0.5109753510578288,-1.5707963267948966,0.0
0.001,0.0017,0.0009,10,True,3,4,1.602445135397382,6.040024572177292e-07,-0.020498452913464714,1.8491005160981922e-05,0.0016250293644162978,-1.5707963267948966,0.0
0.001,0.0017,0.0009,10,False,3,6,37337.8497345225,6.000001057604162e-07,-0.14991386501014542,0.00046196307443921734,0.5095071747229247,-1.5707963267948966,0.0
0.001,0.0017,0.0009,10,True,4,5,1.6317455889805035,6.054135159412636e-07,0.000287252502039313,-0.009845292034474934,0.0010162045684269632,-1.5707963267948966,0.0
0.001,0.0017,0.0009,10,False,6,0,44811.1850584484,6.000000993013093e-07,-0.14976676873087663,-0.0003119492904428399,0.5054566823924305,-1.5707963267948966,0.0
0.001,0.0017,0.0009,10,False,6,3,44476.90659204428,6.000001135292904e-07,-0.15007083606043475,-0.0005010225209500112,0.5049873386270016,-1.5707963267948966,0.0
0.001,0.0017,0.0009,10,True,6,7,1.784886011149619,6.040267194023866e-07,-0.020110336529676483,-0.0009521953102646348,0.0017111474197240692,-1.5707963267948966,0.0
0.001,0.0017,0.0009,10,True,7,8,2.020989383490225,6.053691742595715e-07,-0.0003576433570966408,-0.010219656513006627,0.00048609911954402516,-1.5707963267948966,0.0
0.001,0.0017,0.0009,10,False,7,4,10406.815559910347,6.00010470441957e-07,-0.14761216128962273,-0.0008204607556183184,0.2871451420758531,-1.5707963267948966,0.0
0.001,0.0017,0.0009,10,False,3,7,1350.2563069257944,6.040129635324258e-07,-0.020389034707800218,-0.003211760876448463,-0.014540758824738754,-1.5707963267948966,0.0
0.001,0.0017,0.0009,10,False,4,7,35061.54610006481,6.000103536245734e-07,-0.14598937539634255,-0.0027829044866557683,0.395713379509521,-1.5707963267948966,0.0
0.001,0.0017,0.0009,10,False,6,4,1320.804364379732,6.039800012383734e-07,-0.02091096089376929,0.0024442823918438905,0.01783605244619394,-1.5707963267948966,0.0
0.001,0.0017,0.0009,10,True,0,1,1.5367806779226874,6.039875887739581e-07,-0.020740111947853232,0.0004567404195062007,-0.00047539953471216836,-1.5707963267948966,0.0
0.001,0.0017,0.0009,10,False,0,3,44312.63570581412,6.000000789739918e-07,-0.1501657990734629,-0.00017323744411304443,0.714933586426961,-1.5707963267948966,0.0
0.001,0.0017,0.0009,10,False,0,6,44152.35638694871,6.000001015242369e-07,-0.1503844764939906,0.0002497207415338819,0.714383470883011,-1.5707963267948966,0.0
0.001,0.0017,0.0009,10,True,1,2,1.9771120928547685,6.054315378622818e-07,0.000530917995676643,-0.009950074880517716,-2.4866178361642593e-05,-1.5707963267948966,0.0
0.001,0.0017,0.0009,10,False,3,0,36630.066015940385,6.000000872471631e-07,-0.14970536448716823,9.049194564532832e-05,0.4926408119317387,-1.5707963267948966,0.0
0.001,0.0017,0.0009,10,True,3,4,1.4521143151834133,6.040428736489002e-07,-0.019847044434468077,-5.050368880297938e-05,-0.000478581356029587,-1.5707963267948966,0.0
0.001,0.0017,0.0009,10,False,3,6,36961.54251488329,6.000000956813478e-07,-0.15007337395160786,0.0004814456065044718,0.4927505887207366,-1.5707963267948966,0.0
0.001,0.0017,0.0009,10,True,4,5,1.808389238754731,6.053805243374382e-07,-0.0002126412575193864,-0.010422865775842007,0.00023274346302887025,-1.5707963267948966,0.0
0.001,0.0017,0.0009,10,False,6,0,45120.586235841765,6.000001110132346e-07,-0.14953440704371188,-0.00019082818625878255,0.647490440396488,-1.5707963267948966,0.0
0.001,0.0017,0.0009,10,False,6,3,44985.64956693688,6.000000835650518e-07,-0.14983868397541147,-0.0003952635754786889,0.648150329896773,-1.5707963267948966,0.0
0.001,0.0017,0.0009,10,True,6,7,1.9770026680947776,6.040291089354403e-07,-0.02006808578195606,-5.7427902090833237e-05,-0.0008859383811465035,-1.5707963267948966,0.0
0.001,0.0017,0.0009,10,True,7,8,1.9887836842561064,6.054107531199063e-07,0.00026978216877037657,-0.009509368983659837,-0.00033847943639194047,-1.5707963267948966,0.0
0.001,0.0017,0.0009,10,False,1,7,34727.15876908221,6.000130350857093e-07,-0.14802582126455335,-0.0035845084815206507,0.44409874170198055,-1.5707963267948966,0.0
0.001,0.0017,0.0009,10,False,1,4,26814.565109713796,6.000599466183025e-07,-0.13889044487954377,-0.009450008359930309,0.5034791445982061,-1.5707963267948966,0.0
0.001,0.0017,0.0009,10,True,0,1,1.996979285870194,6.040699757725765e-07,-0.019410960240350574,-0.00016728373323589686,0.0005227205647238664,-1.5707963267948966,0.0
0.001,0.0017,0.0009,10,False,0,3,29695.161786125933,6.000002511774744e-07,-0.14910551653216136,-9.331584860896654e-06,0.5074655513618787,-1.5707963267948966,0.0
0.001,0.0017,0.0009,10,False,0,6,29698.219473360812,6.00000114642516e-07,-0.1494273388942626,7.364200312399203e-05,0.5082311362006464,-1.5707963267948966,0.0
0.001,0.0017,0.0009,10,True,1,2,2.553513129853504,6.053866393203501e-07,-8.246133348336585e-05,-0.009764284313214319,-0.0010668966655989483,-1.5707963267948966,0.0
0.001,0.0017,0.0009,10,False,3,0,44743.824166164275,6.00000235751647e-07,-0.15081972024446177,-0.00024151548214915627,0.7143970379330973,-1.5707963267948966,0.0
0.001,0.0017,0.0009,10,False,3,1,1922.2584945221242,6.040044177700037e-07,-0.020798075432330646,0.008804633948232792,0.047527444293313466,-1.5707963267948966,0.0
0.001,0.0017,0.0009,10,True,3,4,1.7062243517525353,6.039902981723251e-07,-0.020695610146776306,3.809131903413191e-05,-0.0004944895510981495,-1.5707963267948966,0.0
0.001,0.0017,0.0009,10,False,3,6,44994.189556294135,6.00000077291739e-07,-0.1503750094522995,-8.552300580499818e-05,0.7159566217033881,-1.5707963267948966,0.0
0.001,0.0017,0.0009,10,False,4,1,36066.496908045694,6.000335566336328e-07,-0.15733213309266467,0.00771613271325575,0.573050919005567,-1.5707963267948966,0.0
0.001,0.0017,0.0009,10,True,4,5,2.782995678472217,6.053896049176488e-07,-5.77296009455283e-05,-0.01000648072817986,0.000426444130896306,-1.5707963267948966,0.0
0.001,0.0017,0.0009,10,False,6,0,24516.7022468043,6.000000972037035e-07,-0.15050370372158803,2.4577156349712493e-05,0.3657294185497335,-1.5707963267948966,0.0
0.001,0.0017,0.0009,10,False,6,3,24379.733244589792,6.000000747887843e-07,-0.14966751431607414,-0.00016141296994811135,0.36652340194484273,-1.5707963267948966,0.0
0.001,0.0017,0.0009,10,True,6,7,1.8952543799389332,6.039714202039819e-07,-0.021001363222813898,4.764980229038389e-05,-0.00022884805866384746,-1.5707963267948966,0.0
0.001,0.0017,0.0009,10,True,7,8,1.417207772380044,6.054607356096144e-07,0.000987796162429537,-0.009150725022857492,0.0008222172034781895,-1.5707963267948966,0.0
0.001,0.0017,0.0009,10,False,0,4,1195.2821902086507,6.040040589561803e-07,-0.021044095257812454,-0.012004573208997019,-0.06873819518175422,-1.5707963267948966,0.0
0.001,0.0017,0.0009,10,True,0,1,2.1650095255647357,6.040330842605592e-07,-0.020005597294497197,0.0005697940242069966,0.0009762888631522194,-1.5707963267948966,0.0
0.001,0.0017,0.0009,10,False,0,3,10681.05733873246,6.000002911694018e-07,-0.15102665362810078,-1.0966427561538818e-05,0.3180139015325496,-1.5707963267948966,0.0
0.001,0.0017,0.0009,10,False,0,6,10651.749387576236,6.000000379411337e-07,-0.1502665126421622,2.868210702672153e-06,0.3172124602230828,-1.5707963267948966,0.0
0.001,0.0017,0.0009,10,False,0,7,1025.060607957828,6.040106687816617e-07,-0.02045226655472345,0.004213823528074888,0.019410950613278518,-1.5707963267948966,0.0
0.001,0.0017,0.0009,10,True,1,2,2.4012820857760246,6.053829773110159e-07,-0.0001738935565772326,-0.01036120603890318,-0.00016200735052895746,-1.5707963267948966,0.0
0.001,0.0017,0.0009,10,False,3,0,19741.50914340551,6.000002908338256e-07,-0.14899110252374187,0.00018639593426538872,0.42959577135722016,-1.5707963267948966,0.0
0.001,0.0017,0.0009,10,True,3,4,1.9315798241131297,6.040929043675373e-07,-0.01904499459518229,0.0006087362818168394,0.0013349508138776338,-1.5707963267948966,0.0
0.001,0.0017,0.0009,10,False,3,6,19681.303811139835,6.000001492885007e-07,-0.1492632654296146,0.00012248888613388737,0.4291220303331931,-1.5707963267948966,0.0
0.001,0.0017,0.0009,10,True,4,5,1.885575222020178,6.053680492937406e-07,-0.0004188320158436363,-0.010866858177178647,-0.001036240934067977,-1.5707963267948966,0.0
0.001,0.0017,0.0009,10,False,6,0,40568.65774554844,6.000000335174289e-07,-0.14981301576124287,0.00012658372759691164,0.6654953402553756,-1.5707963267948966,0.0
0.001,0.0017,0.0009,10,False,6,1,1071.3073197796598,6.040371644750318e-07,-0.020034527809636014,-0.004497373495264806,-0.01846686361405392,-1.5707963267948966,0.0
0.001,0.0017,0.0009,10,False,6,3,40594.051465502846,6.000001736790584e-07,-0.15072567211915772,-0.0003764738253153105,0.6658230414258447,-1.5707963267948966,0.0
0.001,0.0017,0.0009,10,True,6,7,2.229077137898969,6.040198539087996e-07,-0.02021724188269767,0.00018714863858362325,0.0012331904532181834,-1.5707963267948966,0.0
0.001,0.0017,0.0009,10,True,7,8,1.2790876958196988,6.054405938047261e-07,0.000673867062783425,-0.009699258949686462,-0.00028310452415580297,-1.5707963267948966,0.0
0.001,0.0017,0.0009,10,False,7,1,29988.971656998583,6.000101574273134e-07,-0.14626010266866998,-0.0034509136091651887,0.5219201357844948,-1.5707963267948966,0.0
0.001,0.0017,0.0009,10,False,1,4,20629.585790072877,6.000867311588885e-07,-0.13876444416447045,-0.015070046728159925,0.42267375425578535,-1.5707963267948966,0.0
0.001,0.0017,0.0009,10,True,0,1,2.9944549485837664,6.040346014520891e-07,-0.01998089108513244,-0.0005894662791031902,0.00013285129479827804,-1.5707963267948966,0.0
0.001,0.0017,0.0009,10,False,0,3,42159.15733637381,6.000000915577479e-07,-0.14988086383749205,-0.00036650335440182235,0.6082563151525994,-1.5707963267948966,0.0
0.001,0.0017,0.0009,10,False,0,6,42302.38564032056,6.000003102471204e-07,-0.14896002390463425,-0.0003056596589593076,0.6095975200295165,-1.5707963267948966,0.0
0.001,0.0017,0.0009,10,True,1,2,3.9001186794144678,6.054057207747438e-07,0.00011843128917337892,-0.010715797256625104,-0.0003098086530381728,-1.5707963267948966,0.0
0.001,0.0017,0.0009,10,False,3,0,39202.47726985197,6.000000885775351e-07,-0.15012150175104866,0.00034676806393908836,0.5003765911252556,-1.5707963267948966,0.0
0.001,0.0017,0.0009,10,True,3,4,1.7145787954489742,6.040244201309903e-07,-0.02014406111101005,-3.7955763663877058e-06,-0.0010824548550602048,-1.5707963267948966,0.0
0.001,0.0017,0.0009,10,False,3,6,38795.31435746377,6.000002551539808e-07,-0.14906411605734926,-7.749947820674165e-05,0.5006193917579072,-1.5707963267948966,0.0
0.001,0.0017,0.0009,10,True,4,5,2.2149722512211456,6.054117646490672e-07,0.0002600866170846353,-0.00989024759662178,-0.0005774063447865083,-1.5707963267948966,0.0
0.001,0.0017,0.0009,10,False,6,0,14196.198437707146,6.00000243638923e-07,-0.15073451533711008,0.0005775472141776068,0.26918711729987244,-1.5707963267948966,0.0
0.001,0.0017,0.0009,10,False,6,3,14260.054679173229,6.000003274282089e-07,-0.151094616851183,0.00010623390321607769,0.2680887438623747,-1.5707963267948966,0.0
0.001,0.0017,0.0009,10,True,6,7,2.384196589610805,6.039714738775501e-07,-0.02100127897002058,0.00015709175954896828,0.00022054692550646846,-1.5707963267948966,0.0
0.001,0.0017,0.0009,10,True,7,8,2.456769323441123,6.054417453455196e-07,0.0007016861704121915,-0.009502654336324372,-0.0006598836281411731,-1.5707963267948966,0.0
0.001,0.0017,0.0009,10,False,3,1,893.4034685830657,6.040617495506761e-07,-0.019642484895743283,0.004563655011151098,0.02548475691902961,-1.5707963267948966,0.0
0.001,0.0017,0.0009,10,False,4,1,18249.24989135586,6.000115393108573e-07,-0.15261783926805608,0.00514452387738226,0.3402845340347232,-1.5707963267948966,0.0
0.001,0.0017,0.0009,10,False,0,4,1213.5265970490748,6.040120680991122e-07,-0.020372455873999513,-0.0012890521586343415,-0.00718956640218025,-1.5707963267948966,0.0
0.001,0.0017,0.0009,10,True,0,1,2.631905839910665,6.040826322865e-07,-0.019208962571960773,-0.0005073798870695908,0.0015749060201688764,-1.5707963267948966,0.0
0.001,0.0017,0.0009,10,False,0,3,43276.68061836679,6.000002059408191e-07,-0.14922259017687226,-0.00017243662332132634,0.6121862135995636,-1.5707963267948966,0.0
0.001,0.0017,0.0009,10,False,0,6,42906.93806362903,6.00000043636349e-07,-0.14974529206420406,7.852356606861259e-06,0.6104214875175712,-1.5707963267948966,0.0
0.001,0.0017,0.0009,10,True,1,2,1.9655204051579378,6.054099045732197e-07,0.0002099161212481694,-0.010242244341723765,-0.0009923206960670964,-1.5707963267948966,0.0
0.001,0.0017,0.0009,10,False,3,0,11502.58916120559,6.000002184596908e-07,-0.15062516934422224,0.0005477282146402972,0.2940394248457448,-1.5707963267948966,0.0
0.001,0.0017,0.0009,10,True,3,4,3.7796257727543705,6.040261140037315e-07,-0.020116906571619273,1.4290902609207147e-05,0.000702373602903415,-1.5707963267948966,0.0
0.001,0.0017,0.0009,10,False,3,6,11509.100049377044,6.000001503720934e-07,-0.15052420058168914,0.0004108436637549704,0.29262185663318285,-1.5707963267948966,0.0
0.001,0.0017,0.0009,10,True,4,5,3.137470371796001,6.05387505285547e-07,-6.941552546371644e-05,-0.00973318430096522,-4.641014148155052e-05,-1.5707963267948966,0.0
0.001,0.0017,0.0009,10,False,6,0,36257.01521226761,6.000000415726526e-07,-0.15001367474009242,0.0002353649264599094,0.5708218381114171,-1.5707963267948966,0.0
0.001,0.0017,0.0009,10,False,6,3,36112.47587220692,6.000001577846846e-07,-0.14931841585805566,-0.00011233339142360357,0.5711689850834347,-1.5707963267948966,0.0
0.001,0.0017,0.0009,10,True,6,7,1.378696573186164,6.040812080536921e-07,-0.01923079979909334,0.0003317869472630465,-0.001721265468245519,-1.5707963267948966,0.0
0.001,0.0017,0.0009,10,True,7,8,2.314782852761031,6.053775537402974e-07,-0.000232482238072136,-0.010104776592021615,0.0006690567473333519,-1.5707963267948966,0.0
0.001,0.0017,0.0009,10,False,4,2,2673.229099334541,6.048793616370445e-07,-0.007582495989382415,0.011500941144464831,0.06321153064721113,-1.5707963267948966,0.0
0.001,0.0017,0.0009,10,False,1,4,18449.991542749616,6.000054947629231e-07,-0.15051976597760533,0.001616661709106062,0.2991672968950715,-1.5707963267948966,0.0
0.001,0.0017,0.0009,10,False,7,4,24753.911411208275,6.00022551697735e-07,-0.14517585772089664,-0.004684614079541139,0.4224994060933083,-1.5707963267948966,0.0
0.001,0.0017,0.0009,10,True,0,1,2.566465988187207,6.040269926785976e-07,-0.02010247831886436,-0.0001563447877645585,0.0006883314182734582,-1.5707963267948966,0.0
0.001,0.0017,0.0009,10,False,0,3,20734.047569936254,6.000000681273929e-07,-0.15002295291394777,0.00022271302914923466,0.30446954198695797,-1.5707963267948966,0.0
0.001,0.0017,0.0009,10,False,0,6,20854.31714405878,6.000001412828721e-07,-0.15053265593750972,-3.155215401132251e-05,0.3051556856408426,-1.5707963267948966,0.0
0.001,0.0017,0.0009,10,True,1,2,2.7044732777762874,6.053881774784084e-07,-7.294542149002477e-05,-0.009940145621555922,7.657587786628188e-05,-1.5707963267948966,0.0
0.001,0.0017,0.0009,10,False,3,0,14249.200086926692,6.000000677552095e-07,-0.1499951945440931,-0.00022004130930307401,0.3145440789487676,-1.5707963267948966,0.0
0.001,0.0017,0.0009,10,True,3,4,1.6392433975100946,6.040218425786489e-07,-0.020185706081585434,-0.0002584510375858973,0.0004417467008712393,-1.5707963267948966,0.0
0.001,0.0017,0.0009,10,False,3,6,14295.48261308375,6.00000109996028e-07,-0.15047898530589082,-0.00014204020552163304,0.3166395168018022,-1.5707963267948966,0.0
0.001,0.0017,0.0009,10,True,4,5,1.6885065808986144,6.05385111495465e-07,-8.394899329508708e-05,-0.009445893210548463,-0.0001571311040691014,-1.5707963267948966,0.0
0.001,0.0017,0.0009,10,False,6,0,18814.03797454817,6.000001040757272e-07,-0.1497213816826562,-0.0001960771917170359,0.33236152738411684,-1.5707963267948966,0.0
0.001,0.0017,0.0009,10,False,6,3,18925.238623052013,6.000000734727142e-07,-0.1497104909057563,-1.55738572196388e-05,0.33377082730123553,-1.5707963267948966,0.0
0.001,0.0017,0.0009,10,True,6,7,2.0699035138016693,6.040558141043077e-07,-0.019638348814468246,3.5956783893716065e-05,0.0007849395010356145,-1.5707963267948966,0.0
0.001,0.0017,0.0009,10,True,7,8,2.4111253314224967,6.05370626038926e-07,-0.0003119061775761717,-0.009839992805889156,0.00042482387384696154,-1.5707963267948966,0.0
0.001,0.0017,0.0009,10,False,4,7,32609.07470581927,6.000465197641519e-07,-0.14067761177679206,-0.008783698109614088,0.47555446972100773,-1.5707963267948966,0.0
0.001,0.0017,0.0009,10,False,4,1,23757.377988270455,6.000307662805011e-07,-0.1432706482641582,-0.006478200742526658,0.4903919277043303,-1.5707963267948966,0.0
0.001,0.0017,0.0009,10,True,0,1,1.572615335775805,6.040146334370715e-07,-0.020303437631933843,0.0006950281360088598,-0.00019340636060242563,-1.5707963267948966,0.0
0.001,0.0017,0.0009,10,False,0,3,19607.9947652487,6.000002480441442e-07,-0.15078938118775884,0.0005126845754569773,0.2991578621822514,-1.5707963267948966,0.0
0.001,0.0017,0.0009,10,False,0,6,19561.274255694116,6.000001689707823e-07,-0.15038092018032723,0.0005138247798682065,0.29923392180465647,-1.5707963267948966,0.0
0.001,0.0017,0.0009,10,True,1,2,2.261821730136007,6.054435986720255e-07,0.0006706347218838177,-0.010368685383735825,-0.0001559174623380939,-1.5707963267948966,0.0
0.001,0.0017,0.0009,10,False,3,0,7635.608271467242,6.000002403378797e-07,-0.1493228373239992,-0.0006264898220047539,0.19222016712851123,-1.5707963267948966,0.0
0.001,0.0017,0.0009,10,True,3,4,2.308681334998914,6.040436237292837e-07,-0.019834921499587144,0.000294019864880662,-0.0008570710705090656,-1.5707963267948966,0.0
0.001,0.0017,0.0009,10,False,3,6,7736.1882427919245,6.000000858795772e-07,-0.14972436237680287,-8.83054969606736e-05,0.19169729738068064,-1.5707963267948966,0.0
0.001,0.0017,0.0009,10,True,4,5,2.656730959045274,6.054021461218636e-07,0.0001467689583324791,-0.009566194236396944,0.0004576676644325244,-1.5707963267948966,0.0
0.001,0.0017,0.0009,10,False,6,0,24490.09542256141,6.000001655014689e-07,-0.14949042820805583,-0.00036568673121586764,0.4657236094307015,-1.5707963267948966,0.0
0.001,0.0017,0.0009,10,False,6,3,24571.474368354342,6.000000938425011e-07,-0.15034235537929713,-5.1566615752026516e-05,0.46512466452973417,-1.5707963267948966,0.0
0.001,0.0017,0.0009,10,True,6,7,1.570924404246325,6.040416781502743e-07,-0.019866700155026985,-0.0005087898361275823,0.0003264447302678353,-1.5707963267948966,0.0
0.001,0.0017,0.0009,10,True,7,8,1.514520593558015,6.053651746281258e-07,-0.0003484330264937356,-0.00922267113534052,0.00025470973364934824,-1.5707963267948966,0.0
0.001,0.0017,0.0009,10,False,3,1,1369.698734179298,6.040087348983417e-07,-0.02042377322292453,-0.00015316417907910957,-0.0008074476994646623,-1.5707963267948966,0.0
0.001,0.0017,0.0009,10,False,8,2,36319.7117490705,6.003021284019234e-07,-0.11782250254405217,-0.01148261830283201,0.5826029939515357,-1.5707963267948966,0.0
0.001,0.0017,0.0009,10,False,1,7,25982.81072534802,6.000177810712899e-07,-0.1468090774438769,-0.005684028029433233,0.45767771344474445,-1.5707963267948966,0.0
0.001,0.0017,0.0009,10,True,0,1,1.8294520264450636,6.040291953668313e-07,-0.02006688181698618,0.00013316870458159264,0.00047221050113462564,-1.5707963267948966,0.0
0.001,0.0017,0.0009,10,False,0,3,40373.89793481515,6.000003320824808e-07,-0.14993952688980708,-0.0009973879971928198,0.5729576807351727,-1.5707963267948966,0.0
0.001,0.0017,0.0009,10,False,0,4,1027.7407341000558,6.039817749694629e-07,-0.020856707687576727,-0.0009915772842097035,-0.005810769168613125,-1.5707963267948966,0.0
0.001,0.0017,0.0009,10,False,0,6,39964.398271422004,6.000001124222997e-07,-0.15044756712230126,-0.00017953427394940496,0.5709347572162925,-1.5707963267948966,0.0
0.001,0.0017,0.0009,10,True,1,2,2.450723311103145,6.054316320358297e-07,0.0005211331142621848,-0.010112362422272475,6.7525392363356e-05,-1.5707963267948966,0.0
0.001,0.0017,0.0009,10,False,3,0,17479.857667186356,6.000003844538052e-07,-0.14972846951641422,0.001078002880405352,0.34601079512594923,-1.5707963267948966,0.0
0.001,0.0017,0.0009,10,True,3,4,2.085462880693283,6.040222200756076e-07,-0.02017985888325852,0.00032802326711577724,0.0003176630009977907,-1.5707963267948966,0.0
0.001,0.0017,0.0009,10,False,3,6,17643.88373921131,6.000002982628121e-07,-0.15029130961034579,0.0009586226254381372,0.3445577182531559,-1.5707963267948966,0.0
0.001,0.0017,0.0009,10,True,4,5,2.37288554705844,6.053984379016588e-07,0.00011278384712784485,-0.009266867704491496,0.0008128000890609127,-1.5707963267948966,0.0
0.001,0.0017,0.0009,10,False,6,0,45454.77177511703,6.000001134816274e-07,-0.14963347695966234,0.0003209511185531587,0.6843924688490803,-1.5707963267948966,0.0
0.001,0.0017,0.0009,10,False,6,3,45342.95510398044,6.000003368520004e-07,-0.149137896428388,-0.000659926918954756,0.6849622651256627,-1.5707963267948966,0.0
0.001,0.0017,0.0009,10,True,6,7,1.9364174050853353,6.040400988155266e-07,-0.01989151658589467,0.0003519472064148532,0.0013453017269544052,-1.5707963267948966,0.0
0.001,0.0017,0.0009,10,True,7,8,1.811906027467541,6.054391124821885e-07,0.0006421536909830273,-0.009860370388854154,-0.0008613510942573742,-1.5707963267948966,0.0
0.001,0.0017,0.0009,10,False,7,1,27692.73254666418,6.000110125355683e-07,-0.1496890946357362,-0.0011626703461650716,0.4704814092633417,-1.5707963267948966,0.0
0.001,0.0017,0.0009,10,False,2,8,26195.391715199272,6.005975676841273e-07,-0.10135810013200577,-0.0036977968120602655,0.41971760576528194,-1.5707963267948966,0.0
0.001,0.0017,0.0009,10,False,6,1,1994.752080884776,6.039863155687507e-07,-0.020918845963699164,0.00553831970320181,0.03044114932872507,-1.5707963267948966,0.0
0.001,0.0017,0.0009,10,False,6,4,1355.2546444170798,6.04052452444936e-07,-0.019717001812561193,0.0006494067364952801,0.00631144781825277,-1.5707963267948966,0.0
0.001,0.0017,0.0009,10,True,0,1,1.8651398648784407,6.04052421062853e-07,-0.019692983930362066,-0.0001979660890762837,-0.0012688061510590979,-1.5707963267948966,0.0
0.001,0.0017,0.0009,10,False,0,3,36214.83730592458,6.000003860895183e-07,-0.14917398163273954,-0.0007464797009585024,0.6112642241730698,-1.5707963267948966,0.0
0.001,0.0017,0.0009,10,False,0,6,36116.40469375669,6.000000344914147e-07,-0.15002588039155265,-0.00014662667643434787,0.6100341860516526,-1.5707963267948966,0.0
0.001,0.0017,0.0009,10,True,1,2,1.755040159844204,6.054262564095258e-07,0.00047512863843124733,-0.009689121812731422,5.3161995584468234e-05,-1.5707963267948966,0.0
0.001,0.0017,0.0009,10,False,3,0,7978.421023770143,6.000003493445739e-07,-0.15031557043385116,0.000986612215431093,0.28111019838636747,-1.5707963267948966,0.0
0.001,0.0017,0.0009,10,True,3,4,2.3797093600995423,6.040284640311172e-07,-0.020079936347357042,0.00044120139738753705,-0.0011359526046697374,-1.5707963267948966,0.0
0.001,0.0017,0.0009,10,False,3,6,7876.174223638502,6.00000344880866e-07,-0.15048564497464403,0.0008947533024316172,0.2797706462190021,-1.5707963267948966,0.0
0.001,0.0017,0.0009,10,True,4,5,2.1348589568732153,6.053659827063223e-07,-0.0004023446619053354,-0.010227717986967706,6.4380838769652785e-06,-1.5707963267948966,0.0
0.001,0.0017,0.0009,10,False,6,0,43964.74943836104,6.000000437842987e-07,-0.14983051415719906,0.00018858375776550237,0.622820916658157,-1.5707963267948966,0.0
0.001,0.0017,0.0009,10,False,6,3,43913.5020635931,6.000002598674271e-07,-0.14928670829211063,-0.0003772549903902098,0.6227114301080551,-1.5707963267948966,0.0
0.001,0.0017,0.0009,10,True,6,7,2.98236143597355,6.040411151163899e-07,-0.019875650717995557,0.0005717318080510849,-0.00021496513980688795,-1.5707963267948966,0.0
0.001,0.0017,0.0009,10,True,7,8,1.7410445832940815,6.054082255695209e-07,0.00020831669006575197,-0.0099225850066241,0.000937167563698652,-1.5707963267948966,0.0
0.001,0.0017,0.0009,10,False,0,7,1429.2304951783724,6.040171453961648e-07,-0.02051782207348805,-0.007722571935087872,-0.042697987629222826,-1.5707963267948966,0.0
0.001,0.0017,0.0009,10,False,1,4,36237.00093035497,6.000115127638788e-07,-0.14889188853720414,-0.0028045202866361554,0.5983060916411038,-1.5707963267948966,0.0
0.001,0.0017,0.0009,10,False,4,7,25587.171613046456,6.000119452623305e-07,-0.14797676904634183,0.002624205172662489,0.3864398373080121,-1.5707963267948966,0.0
0.001,0.0017,0.0009,10,False,7,4,30919.141764244567,6.000879542223812e-07,-0.13567951770337738,-0.011673490284923723,0.5476584683946123,-1.5707963267948966,0.0
0.001,0.0017,0.0009,10,False,1,7,29388.22336357194,6.0009617012806e-07,-0.1344156814219656,-0.010628087199494493,0.5405822281177732,-1.5707963267948966,0.0
0.001,0.0017,0.0009,10,True,0,1,2.5630856007337792,6.040341229188278e-07,-0.019988334871035348,0.0005079338368859133,0.0005552983747005943,-1.5707963267948966,0.0
0.001,0.0017,0.0009,10,False,0,3,21914.53193371086,6.000003101900865e-07,-0.1498456653998825,0.0010110800506709957,0.40231425003324545,-1.5707963267948966,0.0
0.001,0.0017,0.0009,10,False,0,6,21988.7986694433,6.000001484725239e-07,-0.1499619096817496,0.0001732969791758273,0.402912919168304,-1.5707963267948966,0.0
0.001,0.0017,0.0009,10,True,1,2,2.4888814556969736,6.054116716050918e-07,0.00023704144268769025,-0.010215402589423172,0.00019751414366886967,-1.5707963267948966,0.0
0.001,0.0017,0.0009,10,False,3,0,43063.626327680766,6.000003034875269e-07,-0.1497305524484874,-0.0009711458917881321,0.6583269361134471,-1.5707963267948966,0.0
0.001,0.0017,0.0009,10,True,3,4,1.7127892626087338,6.040246102501479e-07,-0.020141328644504696,-0.00023788017726575518,0.0010730794423294931,-1.5707963267948966,0.0
0.001,0.0017,0.0009,10,False,3,6,43093.28430103882,6.000002140668772e-07,-0.1497198592233732,-0.0006472684592983073,0.6597409207175403,-1.5707963267948966,0.0
0.001,0.0017,0.0009,10,True,4,5,1.9329010102446031,6.054393801211963e-07,0.0006494925451120366,-0.009797457575768826,5.260466571503606e-05,-1.5707963267948966,0.0
0.001,0.0017,0.0009,10,False,6,0,15474.593137220747,6.000001548645846e-07,-0.150174868661957,-0.0001728479034190153,0.2829593478734437,-1.5707963267948966,0.0
0.001,0.0017,0.0009,10,False,6,3,15834.78099874387,6.000002252591826e-07,-0.14991382030888395,0.0007353483991361619,0.2837746819011458,-1.5707963267948966,0.0
0.001,0.0017,0.0009,10,True,6,7,2.0751185487398827,6.040102944179764e-07,-0.02037254304347746,-0.00016212777964735885,-0.001028163051279634,-1.5707963267948966,0.0
0.001,0.0017,0.0009,10,True,7,8,1.859422965155807,6.05428018654399e-07,0.00045182057839107865,-0.010401099677657141,-9.963432278039576e-05,-1.5707963267948966,0.0
0.001,0.0017,0.0009,10,False,4,1,32733.10743102988,6.000465731080531e-07,-0.140202805316011,-0.008685749359746165,0.49785556944173287,-1.5707963267948966,0.0
0.001,0.0017,0.0009,10,False,7,1,39717.6814241558,6.000075282855188e-07,-0.14974867330144792,-0.0002472564378946345,0.5291977405541611,-1.5707963267948966,0.0
0.001,0.0017,0.0009,10,False,3,7,1271.4656734215887,6.039983047170336e-07,-0.0207049403382546,0.005550129011768423,0.0278669276236164,-1.5707963267948966,0.0
0.001,0.0017,0.0009,10,False,5,8,18928.509042495276,6.004329498933029e-07,-0.10981848433008282,-0.010316709185402706,0.4021159130327981,-1.5707963267948966,0.0
0.001,0.0017,0.0009,10,False,6,4,1464.988593371361,6.040136108411904e-07,-0.020684876037301222,-0.009427672162826209,-0.05362842941114255,-1.5707963267948966,0.0
0.001,0.0017,0.0009,10,False,1,8,955.4793780776797,6.046881203492913e-07,-0.010054344519305437,-0.0045112121534234976,-0.025966857567044897,-1.5707963267948966,0.0
0.001,0.0017,0.0009,10,True,0,1,2.2369138512612876,6.04055742558941e-07,-0.01963946992792957,-2.0529636281240762e-05,-0.0007647255481373099,-1.5707963267948966,0.0
0.001,0.0017,0.0009,10,False,0,3,32356.53039236689,6.000004156035359e-07,-0.14921534382847096,-0.0009714587493987923,0.5349084635285848,-1.5707963267948966,0.0
0.001,0.0017,0.0009,10,False,0,6,32416.172378381285,6.000000815751832e-07,-0.14981283572318538,-0.0003236753107200172,0.5347110367285052,-1.5707963267948966,0.0
0.001,0.0017,0.0009,10,True,1,2,2.2234346335883877,6.053935264243925e-07,5.688668600233219e-06,-0.009876655539093743,-0.0014467618841170313,-1.5707963267948966,0.0
0.001,0.0017,0.0009,10,False,3,0,35136.27671622401,6.00000412188795e-07,-0.15068764258855025,0.0010349342731325807,0.49756951324221205,-1.5707963267948966,0.0
0.001,0.0017,0.0009,10,True,3,4,1.9373867849482658,6.040044893482857e-07,-0.020468583162597573,0.000884165867552902,5.358938476342516e-05,-1.5707963267948966,0.0
0.001,0.0017,0.0009,10,False,3,6,35300.39782984563,6.000003978504174e-07,-0.1506174825044942,0.0009903428272467268,0.4990344160456491,-1.5707963267948966,0.0
0.001,0.0017,0.0009,10,True,4,5,2.895475769915766,6.054038089180621e-07,0.00012709920710959175,-0.010210645436033559,-0.0003105108457189793,-1.5707963267948966,0.0
0.001,0.0017,0.0009,10,False,6,0,11122.999274967566,6.000000784471934e-07,-0.1500468041581389,0.0003513229235265546,0.32630728256567315,-1.5707963267948966,0.0
0.001,0.0017,0.0009,10,False,6,3,11284.999273253186,6.000003147780678e-07,-0.14950534042940863,-0.0008607250449254346,0.3279695668675677,-1.5707963267948966,0.0
0.001,0.0017,0.0009,10,True,6,7,1.58201264854272,6.040426221188789e-07,-0.01985172406616136,0.0006147826872220407,-0.00018029423783749469,-1.5707963267948966,0.0
0.001,0.0017,0.0009,10,True,7,8,2.1014607157411267,6.054084258809492e-07,0.0001909231325553377,-0.010215400357194988,-0.0008943465909498593,-1.5707963267948966,0.0
0.001,0.0017,0.0009,10,False,6,1,884.5505544776457,6.040184313542367e-07,-0.02026960358910908,-0.0017736092635311847,-0.011653234085030965,-1.5707963267948966,0.0
0.001,0.0017,0.0009,10,False,0,7,908.5312216785605,6.040773374324037e-07,-0.019332336931282158,0.0021519299217379177,0.008413170694953249,-1.5707963267948966,0.0
0.001,0.0017,0.0009,10,True,0,1,2.679341818155887,6.040389320301165e-07,-0.019909839485379065,4.2389170051961584e-05,-0.0004959825544991894,-1.5707963267948966,0.0
0.001,0.0017,0.0009,10,False,0,3,16624.717320840795,6.000002853975035e-07,-0.14935339542233297,-0.0005989603635530488,0.3304261014564577,-1.5707963267948966,0.0
0.001,0.0017,0.0009,10,False,0,6,16298.472348089785,6.000000551009025e-07,-0.1502160237313735,-0.00010660277443887688,0.33182967188265095,-1.5707963267948966,0.0
0.001,0.0017,0.0009,10,True,1,2,1.6477055175575372,6.05419192906647e-07,0.00035811150800384866,-0.009970771950787556,-0.00023501512412588162,-1.5707963267948966,0.0
0.001,0.0017,0.0009,10,False,3,0,24629.909689258926,6.000002831950278e-07,-0.15074583872680825,0.0004589093904913245,0.36514983686486174,-1.5707963267948966,0.0
0.001,0.0017,0.0009,10,False,3,1,998.5839329533043,6.039680089650911e-07,-0.021477740663951733,-0.0102555333344198,-0.05945147740706652,-1.5707963267948966,0.0
0.001,0.0017,0.0009,10,True,3,4,2.777279140668433,6.039998304995611e-07,-0.020540888751839258,0.00017422659239296949,0.00037288592994746706,-1.5707963267948966,0.0
0.001,0.0017,0.0009,10,False,3,6,24820.82478692455,6.000003137478183e-07,-0.15081401444947537,0.0005377466363257391,0.3655430118302836,-1.5707963267948966,0.0
0.001,0.0017,0.0009,10,True,4,5,2.2795497932111926,6.053718080458856e-07,-0.0002860511991774725,-0.009696244611030138,0.0008700786086058122,-1.5707963267948966,0.0
0.001,0.0017,0.0009,10,False,6,0,44371.07898232031,6.000000606502053e-07,-0.14979190586581853,0.000199698059934724,0.5904182084891373,-1.5707963267948966,0.0
0.001,0.0017,0.0009,10,False,6,3,44326.01983488265,6.000003267730002e-07,-0.14900016373936578,-0.00010558888116219966,0.5894078232620756,-1.5707963267948966,0.0
0.001,0.0017,0.0009,10,True,6,7,2.6200361236911514,6.040880747512102e-07,-0.01912225556121247,0.0003571717217665238,0.0006194541005388973,-1.5707963267948966,0.0
0.001,0.0017,0.0009,10,True,7,8,2.964861388595379,6.053869003970228e-07,-8.349910754723419e-05,-0.009826871170156062,-0.00030883933414965504,-1.5707963267948966,0.0
0.001,0.0017,0.0009,10,False,2,8,21499.9114270908,6.003015275335619e-07,-0.11774199422242669,-0.005510997046169946,0.36571977099541914,-1.5707963267948966,0.0
0.001,0.0017,0.0009,10,False,0,4,1167.1542160748927,6.040086528452737e-07,-0.020496399672291818,0.004479309682505139,0.02949358819174968,-1.5707963267948966,0.0
0.001,0.0017,0.0009,10,False,1,7,21774.728815534334,6.000141194008751e-07,-0.1517569350900264,0.004486859475562185,0.3543014419914523,-1.5707963267948966,0.0
0.001,0.0017,0.0009,10,False,4,7,29062.561579898804,6.00012224786624e-07,-0.15051323098310923,0.0010615479467752744,0.4850038573977887,-1.5707963267948966,0.0
0.001,0.0017,0.0009,10,False,8,2,16676.365087081827,6.000628665924997e-07,-0.13723808765431694,-0.0033577842925337676,0.4055018011364268,-1.5707963267948966,0.0
0.001,0.0017,0.0009,10,True,0,1,2.279326768632836,6.040285464769834e-07,-0.020077084723303367,0.00012866144795305005,-0.001266824190293279,-1.5707963267948966,1.5707963267948966
0.001,0.0017,0.0009,10,False,0,3,9789.17611158023,6.000000961724364e-07,-0.1501458973712683,-0.0003471328625553934,0.1937963671934476,-1.5707963267948966,1.5707963267948966
0.001,0.0017,0.0009,10,False,0,6,9878.897285583864,6.000000648580871e-07,-0.15004803265856584,-4.967019811905203e-05,0.19554217743507052,-1.5707963267948966,1.5707963267948966
0.001,0.0017,0.0009,10,True,1,2,2.1400043275741596,6.053905918554158e-07,-6.831241738962302e-05,-0.010374088988994199,-0.0023793039785063616,-1.5707963267948966,1.5707963267948966
0.001,0.0017,0.0009,10,False,3,0,8764.22897463083,6.00000096650943e-07,-0.1497523600741781,0.00028745463934708,0.06639813353725713,-1.5707963267948966,1.5707963267948966
0.001,0.0017,0.0009,10,True,3,4,2.410269813987789,6.040680865441493e-07,-0.019442357776668397,0.000427427403840728,0.0007587786557147602,-1.5707963267948966,1.5707963267948966
0.001,0.0017,0.0009,10,False,3,6,8651.94284294199,6.000000942438277e-07,-0.14975417073595715,0.0002918155367908123,0.06641741292190302,-1.5707963267948966,1.5707963267948966
0.001,0.0017,0.0009,10,True,4,5,1.5260014924617988,6.053370618776693e-07,-0.0007937064906562356,-0.010010697550498151,-0.0029812897755995237,-1.5707963267948966,1.5707963267948966
0.001,0.0017,0.0009,10,False,6,0,18871.518865724232,6.000000651340219e-07,-0.14997128717288974,7.211652575233392e-05,0.22746585908761208,-1.5707963267948966,1.5707963267948966
0.001,0.0017,0.0009,10,False,6,3,18711.91642265292,6.000000917941114e-07,-0.15004907214602142,-0.0003634247177826153,0.22573932469882685,-1.5707963267948966,1.5707963267948966
0.001,0.0017,0.0009,10,True,6,7,2.263344268373891,6.040545788772458e-07,-0.01965971166680394,-0.0005536021991219733,-0.0008016412365737353,-1.5707963267948966,1.5707963267948966
0.001,0.0017,0.0009,10,True,7,8,2.4933288934383233,6.054111174878003e-07,0.00026035523278870594,-0.009737799833272394,-0.0014536107817547282,-1.5707963267948966,1.5707963267948966
0.001,0.0017,0.0009,10,False,1,7,11022.80778885821,6.000133092716151e-07,-0.14479743660698513,-0.0014613791726935414,-0.04813082398594534,-1.5707963267948966,1.5707963267948966
0.001,0.0017,0.0009,10,False,0,7,1325.5569856218858,6.040308002382621e-07,-0.020087109200822437,0.0025038219607766117,0.019301613066667105,-1.5707963267948966,1.5707963267948966
0.001,0.0017,0.0009,10,False,6,1,1214.4335493446588,6.040122211142705e-07,-0.020410065880413455,-0.003410752514087233,-0.02045315454943009,-1.5707963267948966,1.5707963267948966
0.001,0.0017,0.0009,10,False,7,1,25390.2685192383,6.000070622996677e-07,-0.15164575567479735,-0.002585098291545052,-0.3525495120032398,-1.5707963267948966,1.5707963267948966
0.001,0.0017,0.0009,10,True,0,1,2.806527516566111,6.040465217181731e-07,-0.019788127750267708,0.0003583672720635082,0.001477680917698758,-1.5707963267948966,1.5707963267948966
0.001,0.0017,0.0009,10,False,0,3,10880.1107148077,6.000000664776836e-07,-0.1500770645866902,-0.00011083652851401007,0.23580485985545419,-1.5707963267948966,1.5707963267948966
0.001,0.0017,0.0009,10,False,0,6,11135.33883345702,6.000000414830142e-07,-0.15015885483334251,-0.00016106276445493383,0.2348767137314014,-1.5707963267948966,1.5707963267948966
0.001,0.0017,0.0009,10,True,1,2,2.4195313002262453,6.053721166732648e-07,-0.00033268935908683,-0.010454282999292831,0.0007044851038612628,-1.5707963267948966,1.5707963267948966
0.001,0.0017,0.0009,10,False,3,0,41930.64562948591,6.000000696556009e-07,-0.1498207886545444,2.2604547105826357e-05,-0.6555817497221036,-1.5707963267948966,1.5707963267948966
0.001,0.0017,0.0009,10,True,3,4,2.648093352638524,6.04045914473481e-07,-0.019798236439946427,-6.007661233950642e-05,-0.0009859687619489953,-1.5707963267948966,1.5707963267948966
0.001,0.0017,0.0009,10,False,3,6,41830.563070373595,6.0000006333668e-07,-0.14990302132973787,-4.4780777312443865e-05,-0.6548557034378308,-1.5707963267948966,1.5707963267948966
0.001,0.0017,0.0009,10,True,4,5,1.658980165758562,6.054262731547386e-07,0.0004882410210942364,-0.00948582537622513,0.003154895530078522,-1.5707963267948966,1.5707963267948966
0.001,0.0017,0.0009,10,False,6,0,9426.439335963158,6.000000446589954e-07,-0.14979068178136606,0.00014750252524842956,0.11101064564204266,-1.5707963267948966,1.5707963267948966
0.001,0.0017,0.0009,10,False,6,3,9234.257664290777,6.00000063273452e-07,-0.14989989201333806,3.3194108211856096e-05,0.11266482858561229,-1.5707963267948966,1.5707963267948966
0.001,0.0017,0.0009,10,True,6,7,2.7185588481665803,6.040569446889175e-07,-0.019620976327339563,1.325410693321046e-05,0.0006323761977660787,-1.5707963267948966,1.5707963267948966
0.001,0.0017,0.0009,10,True,7,8,2.08945162660481,6.053610350686099e-07,-0.00042443520838661593,-0.009498474704178519,-0.0014863110483657206,-1.5707963267948966,1.5707963267948966
0.001,0.0017,0.0009,10,False,1,8,499.82378083120904,6.049329887777301e-07,-0.00646808467194572,0.0056140794827425795,0.027651713776712473,-1.5707963267948966,1.5707963267948966
0.001,0.0017,0.0009,10,False,8,2,32085.589934739553,6.006464009120014e-07,-0.10189002589996166,0.007921534553394952,-0.3206295833463831,-1.5707963267948966,1.5707963267948966
0.001,0.0017,0.0009,10,False,2,8,89190.82469468848,6.000674004009154e-07,-0.1366631783343406,0.004783329580806389,-0.07625716596779232,-1.5707963267948966,1.5707963267948966
0.001,0.0017,0.0009,10,True,0,1,3.0962876433732323,6.040259836951139e-07,-0.0201183430626371,4.876132675508332e-05,0.0011153195884128118,-1.5707963267948966,1.5707963267948966
0.001,0.0017,0.0009,10,False,0,3,18285.686552249736,6.00000327815827e-07,-0.1493350878001915,-0.0008342723707312832,-0.29488984669392465,-1.5707963267948966,1.5707963267948966
0.001,0.0017,0.0009,10,False,0,6,18492.101678918036,6.000002571755621e-07,-0.14947966028210463,-0.0006633907652121693,-0.2937678960327899,-1.5707963267948966,1.5707963267948966
0.001,0.0017,0.0009,10,True,1,2,4.08300304739955,6.05351332887872e-07,-0.0006350558433979699,-0.010617706616491234,0.0008016899044358307,-1.5707963267948966,1.5707963267948966
0.001,0.0017,0.0009,10,False,3,0,12828.257097997002,6.000003555723199e-07,-0.15104191489120858,0.0004223009638160162,0.16928444821283622,-1.5707963267948966,1.5707963267948966
0.001,0.0017,0.0009,10,True,3,4,2.1874991901643046,6.040162308384729e-07,-0.020276573455970084,-0.00019505816330807308,-0.0014555344910525527,-1.5707963267948966,1.5707963267948966
0.001,0.0017,0.0009,10,False,3,6,12809.007591844413,6.000001186278876e-07,-0.1500772893319583,0.0003290725227158029,0.17045906651190934,-1.5707963267948966,1.5707963267948966
0.001,0.0017,0.0009,10,True,4,5,2.3513429067162486,6.053189661007757e-07,-0.000998631329744837,-0.009249187641682054,-0.0008788622940807902,-1.5707963267948966,1.5707963267948966
0.001,0.0017,0.0009,10,False,6,0,27053.564820662345,6.000002184142801e-07,-0.15059197339170383,0.00042979467471293445,0.03995757459311161,-1.5707963267948966,1.5707963267948966
0.001,0.0017,0.0009,10,False,6,3,26300.96848591745,6.000001168415505e-07,-0.14967530486815928,2.715097124013459e-05,0.04001024600847865,-1.5707963267948966,1.5707963267948966
0.001,0.0017,0.0009,10,True,6,7,3.3498837242679884,6.040260681713772e-07,-0.020118342087496705,0.00047336465220352284,-0.0009270232507991145,-1.5707963267948966,1.5707963267948966
0.001,0.0017,0.0009,10,True,7,8,1.6838969631136103,6.053541810605701e-07,-0.0005625758932192597,-0.01014760579428167,0.0007139793675080236,-1.5707963267948966,1.5707963267948966
0.001,0.0017,0.0009,10,False,7,1,17165.23647461474,6.000603278632532e-07,-0.14081263716847944,-0.011723625487900253,0.3043436363947034,-1.5707963267948966,1.5707963267948966
0.001,0.0017,0.0009,10,True,0,1,1.5559157035732947,6.040308220118463e-07,-0.0200408963501732,0.00012219397626721514,0.0004285856270242169,-1.5707963267948966,1.5707963267948966
0.001,0.0017,0.0009,10,False,0,3,26308.933875628223,6.000000945028463e-07,-0.15013335868165337,-0.00017691111525038912,0.42519051005194924,-1.5707963267948966,1.5707963267948966
0.001,0.0017,0.0009,10,False,0,6,26430.01045061978,6.000000748214091e-07,-0.1502835619260007,5.0590312663531765e-05,0.42449977541387385,-1.5707963267948966,1.5707963267948966
0.001,0.0017,0.0009,10,True,1,2,1.6517447717296538,6.053941134415908e-07,1.4240421851825242e-06,-0.010073025053272485,-0.0011171144715794628,-1.5707963267948966,1.5707963267948966
0.001,0.0017,0.0009,10,False,3,0,17407.034341716768,6.000001091006519e-07,-0.14974460315480612,0.0002236524063700552,-0.42019420378129874,-1.5707963267948966,1.5707963267948966
0.001,0.0017,0.0009,10,True,3,4,2.8781484627103513,6.040776093234121e-07,-0.019289496060210867,0.00028700278003204136,0.0005174158491550919,-1.5707963267948966,1.5707963267948966
0.001,0.0017,0.0009,10,False,3,6,17171.193428653056,6.000001710370336e-07,-0.1499784826695616,0.0005339894624394944,-0.4187789167006517,-1.5707963267948966,1.5707963267948966
0.001,0.0017,0.0009,10,True,4,5,3.936885577417147,6.053576390188649e-07,-0.0005329647460321304,-0.010421604237239595,0.0007222852545571203,-1.5707963267948966,1.5707963267948966
0.001,0.0017,0.0009,10,False,6,0,34166.48884721471,6.000001056340925e-07,-0.14958373829763733,0.00022215404438598817,0.6019444369561074,-1.5707963267948966,1.5707963267948966
0.001,0.0017,0.0009,10,False,6,3,34284.97581903833,6.000001757729884e-07,-0.14945547199900885,-0.0001027775471429815,0.6040504225843708,-1.5707963267948966,1.5707963267948966
0.001,0.0017,0.0009,10,True,6,7,2.1281828393780367,6.040372585394758e-07,-0.019938371784962414,0.0005559144688967474,0.0012001258676844642,-1.5707963267948966,1.5707963267948966
0.001,0.0017,0.0009,10,True,7,8,1.807345759881273,6.05418290859416e-07,0.0003604897295057913,-0.00973810684683023,0.0003318135190978753,-1.5707963267948966,1.5707963267948966
0.001,0.0017,0.0009,10,False,7,2,7808.2411213958385,6.048794303062963e-07,-0.007467583846117827,0.006295867506296026,-0.1607796444351907,-1.5707963267948966,1.5707963267948966
0.001,0.0017,0.0009,10,False,3,7,2319.0075408972666,6.039819989337668e-07,-0.020886022068368256,-0.002073835757186038,-0.012716852576087498,-1.5707963267948966,1.5707963267948966
0.001,0.0017,0.0009,10,False,4,7,16335.562107772901,6.000103113377133e-07,-0.151383216202041,-0.002414549735416719,0.14446228242485187,-1.5707963267948966,1.5707963267948966
0.001,0.0017,0.0009,10,False,6,4,2317.803672416426,6.040149070311869e-07,-0.020351254493485776,0.0015195239083218366,0.011642519943463093,-1.5707963267948966,1.5707963267948966
0.001,0.0017,0.0009,10,False,7,4,43964.680351155606,6.000105855087964e-07,-0.15111349001228827,0.0027834598147374995,-0.3904466329693229,-1.5707963267948966,1.5707963267948966
0.001,0.0017,0.0009,10,True,0,1,3.360957930143674,6.040034143395172e-07,-0.020484881180668622,0.0005012656271319661,-0.001253670744888705,-1.5707963267948966,1.5707963267948966
0.001,0.0017,0.0009,10,False,0,3,37217.42785823616,6.00000274934509e-07,-0.15093924604474515,0.00028728213142091737,-0.5936775554736129,-1.5707963267948966,1.5707963267948966
0.001,0.0017,0.0009,10,False,0,6,37454.42306536928,6.000000717070198e-07,-0.1503022795383865,-8.742471758946719e-05,-0.5962352531435595,-1.5707963267948966,1.5707963267948966
0.001,0.0017,0.0009,10,True,1,2,2.052092907667995,6.054114474587334e-07,0.000289770373933794,-0.009352304496853673,-0.0001107898419209144,-1.5707963267948966,1.5707963267948966
0.001,0.0017,0.0009,10,False,1,7,29097.93777653972,6.000042526818547e-07,-0.15045132519401389,0.00052674176831642,0.29354655453699446,-1.5707963267948966,1.5707963267948966
0.001,0.0017,0.0009,10,False,2,8,52022.94085010204,6.001273638895053e-07,-0.1281658354270159,0.003076362649613537,0.01726294621167151,-1.5707963267948966,1.5707963267948966
0.001,0.0017,0.0009,10,False,3,0,2483.120049620244,6.000002444239393e-07,-0.14924550205335993,0.0005071063085196884,0.04170149022179847,-1.5707963267948966,1.5707963267948966
0.001,0.0017,0.0009,10,True,3,4,2.2667938145728046,6.040052983920526e-07,-0.020453840145419348,0.0005958382109719266,-0.002584409622637942,-1.5707963267948966,1.5707963267948966
0.001,0.0017,0.0009,10,False,3,6,2428.557134481175,6.000001696173545e-07,-0.1493477666817914,0.0001998689702969627,0.03991534208566537,-1.5707963267948966,1.5707963267948966
0.001,0.0017,0.0009,10,True,4,5,2.737887230802868,6.054265765927738e-07,0.0004505031798956321,-0.010125702712165893,0.001461155525900939,-1.5707963267948966,1.5707963267948966
0.001,0.0017,0.0009,10,False,6,0,29295.615821525047,6.000001043328328e-07,-0.14960900945152145,0.00030662642173049195,-0.21149175750305033,-1.5707963267948966,1.5707963267948966
0.001,0.0017,0.0009,10,False,6,3,29687.007296845164,6.000001580114382e-07,-0.15064200105831335,-2.426142817758293e-05,-0.21072021168384952,-1.5707963267948966,1.5707963267948966
0.001,0.0017,0.0009,10,True,6,7,1.9161042027631923,6.040041110796866e-07,-0.020471837273898414,4.596601434063857e-05,-0.0002578013130507819,-1.5707963267948966,1.5707963267948966
0.001,0.0017,0.0009,10,True,7,8,2.164200749933083,6.054313796854481e-07,0.0005724552636926821,-0.00927484349367888,-0.0015758908761924826,-1.5707963267948966,1.5707963267948966
0.001,0.0017,0.0009,10,False,0,7,1135.1482586057741,6.040126246894579e-07,-0.02035797039279942,0.0009727140555033327,0.005791567490861525,-1.5707963267948966,1.5707963267948966
0.001,0.0017,0.0009,10,False,6,1,1122.3152826845287,6.040433394533073e-07,-0.019860182484411248,-0.00020022111455031205,-0.0033869648665087984,-1.5707963267948966,1.5707963267948966
0.001,0.0017,0.0009,10,False,1,4,18392.317836894694,6.00007960773882e-07,-0.14825228549500827,-0.0014209075989363583,0.011423712440695802,-1.5707963267948966,1.5707963267948966
0.001,0.0017,0.0009,10,False,4,1,31026.616686112113,6.000254974066547e-07,-0.148100391730932,0.00843260510643374,-0.009484086339719828,-1.5707963267948966,1.5707963267948966
0.001,0.0017,0.0009,10,False,0,4,1239.642160200793,6.040276084744863e-07,-0.020143547269708368,-0.0025975751305530753,-0.013717095852857955,-1.5707963267948966,1.5707963267948966
0.001,0.0017,0.0009,10,False,3,1,1210.1285745715,6.039780047189788e-07,-0.02094599753154404,0.002786879833766404,0.01442639459338136,-1.5707963267948966,1.5707963267948966
0.001,0.0017,0.0009,10,True,0,1,1.7881431212633359,6.040473948792485e-07,-0.019774682331786014,-0.0003435227533008412,0.0010549518884992103,-1.5707963267948966,1.5707963267948966
0.001,0.0017,0.0009,10,False,0,3,17754.2635044372,6.000002268081698e-07,-0.14936002695837822,0.0004621931610687768,-0.41313960109682685,-1.5707963267948966,1.5707963267948966
0.001,0.0017,0.0009,10,False,0,6,17643.87975819823,6.000001029265319e-07,-0.1499770926643962,-0.00044438766519672314,-0.4101121190305538,-1.5707963267948966,1.5707963267948966
0.001,0.0017,0.0009,10,True,1,2,2.0480749568480268,6.054199638581141e-07,0.0003584272512342404,-0.010123611549920745,0.0021864782926546804,-1.5707963267948966,1.5707963267948966
0.001,0.0017,0.0009,10,False,3,0,39151.93657103878,6.000001849371356e-07,-0.15057395442190366,-0.0003224586127120333,-0.5502827647263911,-1.5707963267948966,1.5707963267948966
0.001,0.0017,0.0009,10,True,3,4,2.2874353828950587,6.040115658390634e-07,-0.020353303575782,-0.0005610001315392479,-0.00026531198946961026,-1.5707963267948966,1.5707963267948966
0.001,0.0017,0.0009,10,False,3,6,38840.52999872639,6.000003626080483e-07,-0.15076266540452654,-0.0007983451470568645,-0.5473793279943017,-1.5707963267948966,1.5707963267948966
0.001,0.0017,0.0009,10,True,4,5,1.5888409568377933,6.05358707134085e-07,-0.00044778576755884696,-0.009356169004575494,-0.000908486450655136,-1.5707963267948966,1.5707963267948966
0.001,0.0017,0.0009,10,False,6,0,20912.426603665615,6.000001674139368e-07,-0.1506085842384436,0.0003462997827714388,0.168118270908046,-1.5707963267948966,1.5707963267948966
0.001,0.0017,0.0009,10,False,6,3,21143.164528884357,6.00000417098963e-07,-0.15028594976884477,0.0011765326080087689,0.16799424335161747,-1.5707963267948966,1.5707963267948966
0.001,0.0017,0.0009,10,True,6,7,2.038949999913212,6.040501878160643e-07,-0.019728582424804558,2.7061658108436562e-05,6.014176246576473e-05,-1.5707963267948966,1.5707963267948966
0.001,0.0017,0.0009,10,True,7,8,3.559015344743991,6.053889245911263e-07,-7.243987561266308e-05,-0.010091900410131029,0.00024263780746429327,-1.5707963267948966,1.5707963267948966
0.001,0.0017,0.0009,10,False,1,4,18120.863424972504,6.000093344572204e-07,-0.15267230507553117,-0.002288688174889884,-0.05200454664958151,-1.5707963267948966,1.5707963267948966
0.001,0.0017,0.0009,10,False,4,1,43247.596131148115,6.000078794759025e-07,-0.14790462237187002,0.001180217559345988,-0.6616181535513229,-1.5707963267948966,1.5707963267948966
0.001,0.0017,0.0009,10,True,0,1,3.5472535217422667,6.040569725358162e-07,-0.01962044381548194,-0.00044835722801907983,-0.00015179716713487382,-1.5707963267948966,1.5707963267948966
0.001,0.0017,0.0009,10,False,0,3,10184.629551471906,6.000001861741495e-07,-0.14923242057050107,6.979549229147872e-05,-0.20321553281722504,-1.5707963267948966,1.5707963267948966
0.001,0.0017,0.0009,10,False,0,6,10358.845862133216,6.000001029106895e-07,-0.14958898480988012,0.0001517104036490155,-0.20825716799864977,-1.5707963267948966,1.5707963267948966
0.001,0.0017,0.0009,10,True,1,2,2.6482081525511036,6.053707142505966e-07,-0.00035184610769022567,-0.010441385723107944,0.0013067383951817586,-1.5707963267948966,1.5707963267948966
0.001,0.0017,0.0009,10,False,3,0,19786.4821197944,6.000001741044484e-07,-0.1506942121440795,-0.0002396125411587804,0.02649408427116535,-1.5707963267948966,1.5707963267948966
0.001,0.0017,0.0009,10,True,3,4,2.6531529312455717,6.040103036499615e-07,-0.02037613896718136,-0.0009541893872384631,0.0011523536501158048,-1.5707963267948966,1.5707963267948966
0.001,0.0017,0.0009,10,False,3,6,19969.123026202527,6.000000984857175e-07,-0.15027181278142424,-0.00013810614639209965,0.02226725284579855,-1.5707963267948966,1.5707963267948966
0.001,0.0017,0.0009,10,True,4,5,2.696315782193253,6.05415027555943e-07,0.0003068321604521667,-0.009861711008684566,-0.00017828296346360071,-1.5707963267948966,1.5707963267948966
0.001,0.0017,0.0009,10,False,6,0,41036.57648440752,6.000001889951621e-07,-0.1502753895487443,-0.0007115402416324548,-0.16476520354106317,-1.5707963267948966,1.5707963267948966
0.001,0.0017,0.0009,10,False,6,3,41022.000976592164,6.000001337942333e-07,-0.14969979568914266,-0.00040357112794033354,-0.16395037042810792,-1.5707963267948966,1.5707963267948966
0.001,0.0017,0.0009,10,True,6,7,1.947652613131692,6.04090124319862e-07,-0.019089080587358236,-0.0005342500283138096,-0.000921246196644418,-1.5707963267948966,1.5707963267948966
0.001,0.0017,0.0009,10,True,7,8,2.862934276443455,6.05394869899738e-07,4.4770399933739595e-05,-0.009569466868945671,0.002531386225475285,-1.5707963267948966,1.5707963267948966
0.001,0.0017,0.0009,10,False,0,4,1649.7407865092712,6.040265078256189e-07,-0.02027202041768807,-0.005760763520925948,-0.030533831742460913,-1.5707963267948966,1.5707963267948966
0.001,0.0017,0.0009,10,False,3,1,1621.4832519590245,6.039606567457116e-07,-0.02129983092569304,0.004893154266843746,0.028728632202918648,-1.5707963267948966,1.5707963267948966
0.001,0.0017,0.0009,10,True,0,1,1.33622683333541,6.040672436911176e-07,-0.019457099923629886,0.0007299792973291454,-0.0014924952869505084,-1.5707963267948966,1.5707963267948966
0.001,0.0017,0.0009,10,False,0,3,24022.029830493273,6.000001327801741e-07,-0.14953369613497206,-0.0001110833259684573,0.4149694069366538,-1.5707963267948966,1.5707963267948966
0.001,0.0017,0.0009,10,False,0,6,24218.874273414513,6.000002761256789e-07,-0.14919279704746324,0.00026844310324151727,0.4177383203795745,-1.5707963267948966,1.5707963267948966
0.001,0.0017,0.0009,10,True,1,2,3.1793075204673444,6.05444675239924e-07,0.0006808295791908676,-0.010438893247793993,-0.0026168841046237904,-1.5707963267948966,1.5707963267948966
0.001,0.0017,0.0009,10,False,3,0,15613.475900629244,6.00000118169435e-07,-0.15034290839564282,0.00021440605688644862,-0.2701903619022462,-1.5707963267948966,1.5707963267948966
0.001,0.0017,0.0009,10,True,3,4,2.856170076839493,6.040519460793191e-07,-0.019700603923108857,2.766656635289992e-05,-0.0013599568264354264,-1.5707963267948966,1.5707963267948966
0.001,0.0017,0.0009,10,False,3,6,15363.30238303663,6.000001172353499e-07,-0.14964633330684182,3.108923503767332e-05,-0.26800977620121424,-1.5707963267948966,1.5707963267948966
0.001,0.0017,0.0009,10,True,4,5,2.511145004321107,6.053457928223216e-07,-0.0006376004832636563,-0.009497183691969198,0.0015358452170254938,-1.5707963267948966,1.5707963267948966
0.001,0.0017,0.0009,10,False,6,0,43735.867516379934,6.000001824133265e-07,-0.15035252754347875,0.0004178634769291349,-0.33060195208914,-1.5707963267948966,1.5707963267948966
0.001,0.0017,0.0009,10,False,6,3,44674.942019866045,6.000001551026017e-07,-0.15054253928863748,-5.773208234788728e-05,-0.3311903450776068,-1.5707963267948966,1.5707963267948966
0.001,0.0017,0.0009,10,True,6,7,1.5916122913437452,6.040088866651281e-07,-0.02039520258647467,0.0002630076019567015,0.0024762736793015397,-1.5707963267948966,1.5707963267948966
0.001,0.0017,0.0009,10,True,7,8,1.9221689970351996,6.05415792454321e-07,0.0003584291975663371,-0.009219318890842985,-9.75942246937591e-05,-1.5707963267948966,1.5707963267948966
0.001,0.0017,0.0009,10,False,7,1,60621.159625709544,6.000075657227137e-07,-0.1495954903747757,-0.0012338010671697458,0.2291027177942286,-1.5707963267948966,1.5707963267948966
0.001,0.0017,0.0009,10,True,0,1,3.2093901313862725,6.040561663404887e-07,-0.01963412457934695,-0.0005731803087369734,0.0011035674235459602,-1.5707963267948966,1.5707963267948966
0.001,0.0017,0.0009,10,False,0,3,18916.260981942865,6.000001061576192e-07,-0.14977663336871958,0.000158951924549698,0.4033244150766646,-1.5707963267948966,1.5707963267948966
0.001,0.0017,0.0009,10,False,0,6,18779.05997356231,6.000000483715145e-07,-0.14986308317821503,-2.9487251983711285e-05,0.4011952926215615,-1.5707963267948966,1.5707963267948966
0.001,0.0017,0.0009,10,True,1,2,2.283911305901295,6.054028192725652e-07,0.00015188509246924167,-0.009630765568683267,0.0012374742258558764,-1.5707963267948966,1.5707963267948966
0.001,0.0017,0.0009,10,False,3,0,6274.965349868031,6.000001102880822e-07,-0.15030422147426312,-3.646254595150318e-05,0.19447396029176833,-1.5707963267948966,1.5707963267948966
0.001,0.0017,0.0009,10,True,3,4,2.572940143182148,6.040421233594701e-07,-0.01986133498702771,-0.0007881123545051944,-7.553515011551656e-05,-1.5707963267948966,1.5707963267948966
0.001,0.0017,0.0009,10,False,3,6,6144.611712671669,6.000001341515614e-07,-0.15024278778936606,-0.00010626280213346842,0.19311024646512948,-1.5707963267948966,1.5707963267948966
0.001,0.0017,0.0009,10,True,4,5,2.654072514871688,6.053896914466529e-07,-2.0746872673104523e-05,-0.009462488564480296,-0.0012260967522095853,-1.5707963267948966,1.5707963267948966
0.001,0.0017,0.0009,10,False,6,0,18831.799932355738,6.000000545045745e-07,-0.14997796214614353,0.00021663040548605,-0.14140115295784042,-1.5707963267948966,1.5707963267948966
0.001,0.0017,0.0009,10,False,6,3,18681.658241470275,6.000001284644839e-07,-0.14982043303114978,0.00011052919896080178,-0.1406357490617384,-1.5707963267948966,1.5707963267948966
0.001,0.0017,0.0009,10,True,6,7,2.0752138630518218,6.040480338906479e-07,-0.01976340616305475,-7.57643926992876e-05,-0.0021587392709598004,-1.5707963267948966,1.5707963267948966
0.001,0.0017,0.0009,10,True,7,8,2.9399825157472383,6.054234373143988e-07,0.00039191480536900525,-0.010334852527304232,-0.0004275463900169215,-1.5707963267948966,1.5707963267948966
0.001,0.0017,0.0009,10,False,1,4,11727.777922865003,6.000293719141374e-07,-0.14516407494543182,0.00924540453630431,-0.12236291519029027,-1.5707963267948966,1.5707963267948966
0.001,0.0017,0.0009,10,False,3,1,863.3489540505989,6.040161632718208e-07,-0.020939138713311496,-0.012990090398403185,-0.07067284113905822,-1.5707963267948966,1.5707963267948966
0.001,0.0017,0.0009,10,False,4,1,52667.240485632174,6.000271718299822e-07,-0.153929928008021,-0.009135069889287752,-0.0019473775926148822,-1.5707963267948966,1.5707963267948966
0.001,0.0017,0.0009,10,False,0,4,710.6169419880893,6.040762707714585e-07,-0.01964292968003782,0.009205751239739868,0.04995732021390832,-1.5707963267948966,1.5707963267948966
0.001,0.0017,0.0009,10,True,0,1,3.2006676733149533,6.04025674393227e-07,-0.020123455758835774,-0.00012268857985960497,-0.001450189634366268,-1.5707963267948966,1.5707963267948966
0.001,0.0017,0.0009,10,False,0,3,22493.25159968741,6.000000710846928e-07,-0.1499804225192105,0.00018341335230077785,-0.3932082913362051,-1.5707963267948966,1.5707963267948966
0.001,0.0017,0.0009,10,False,0,6,22137.720411668895,6.00000169178789e-07,-0.15014849002482908,-0.0005384176262875533,-0.3876890982840879,-1.5707963267948966,1.5707963267948966
0.001,0.0017,0.0009,10,True,1,2,1.733219588091544,6.054036473291755e-07,0.00016462862646269283,-0.009608481357008173,-0.0008662034447339739,-1.5707963267948966,1.5707963267948966
0.001,0.0017,0.0009,10,False,3,0,35826.33906773911,6.000000653268954e-07,-0.1499940655451036,-8.88309711570539e-05,-0.50465452210954,-1.5707963267948966,1.5707963267948966
0.001,0.0017,0.0009,10,True,3,4,2.6152582521821026,6.040584301684438e-07,-0.0195962468907824,-5.199100435624698e-05,-0.001157338651999011,-1.5707963267948966,1.5707963267948966
0.001,0.0017,0.0009,10,False,3,6,35610.72805039871,6.000002119499674e-07,-0.15035522284200256,-0.0006330941208628583,-0.5010613151360945,-1.5707963267948966,1.5707963267948966
0.001,0.0017,0.0009,10,True,4,5,2.251250650862138,6.054038303519375e-07,0.00013391750045140804,-0.010112796153188094,-0.0006434030915090975,-1.5707963267948966,1.5707963267948966
0.001,0.0017,0.0009,10,False,6,0,38862.7677892749,6.000002111968744e-07,-0.15070119620812877,0.00010351652532250853,0.13584877527744454,-1.5707963267948966,1.5707963267948966
0.001,0.0017,0.0009,10,False,6,3,38635.70793326116,6.000002090344774e-07,-0.1506086331286065,0.0003786038157091208,0.1339228451269232,-1.5707963267948966,1.5707963267948966
0.001,0.0017,0.0009,10,True,6,7,1.6788769353138875,6.040719127243506e-07,-0.01938184454753707,-0.0006806722053353552,0.0001288819793747596,-1.5707963267948966,1.5707963267948966
0.001,0.0017,0.0009,10,True,7,8,1.5686065915539198,6.053150063853953e-07,-0.0010621594395767923,-0.009380175464910644,0.0009912943893712251,-1.5707963267948966,1.5707963267948966
0.001,0.0017,0.0009,10,True,0,1,2.1399345676168924,6.040220680358259e-07,-0.020182185365730246,-0.0003590159169952255,0.0013369637835404593,-1.5707963267948966,1.5707963267948966
0.001,0.0017,0.0009,10,False,0,3,15660.8585603937,6.000001045887132e-07,-0.14992881083973492,-0.0005003391907350895,-0.17741699689400256,-1.5707963267948966,1.5707963267948966
0.001,0.0017,0.0009,10,False,0,6,15621.334684754456,6.000000940430726e-07,-0.14966044749593824,-0.0002709846226017893,-0.18176992655019897,-1.5707963267948966,1.5707963267948966
0.001,0.0017,0.0009,10,True,1,2,1.9751707723791305,6.053971666717144e-07,5.94086956299165e-05,-0.009839467306067481,0.0013582987267584728,-1.5707963267948966,1.5707963267948966
0.001,0.0017,0.0009,10,False,3,0,47899.23432537456,6.000001149498483e-07,-0.14982574546111418,0.0005215411807629155,-0.27571842171395883,-1.5707963267948966,1.5707963267948966
0.001,0.0017,0.0009,10,True,3,4,1.811611005278007,6.040349137021108e-07,-0.019974916762915015,-0.00016280122368501825,0.0013703723511322588,-1.5707963267948966,1.5707963267948966
0.001,0.0017,0.0009,10,False,3,6,48568.198678854256,6.000000497820942e-07,-0.14976026102928333,-3.9626500164483855e-06,-0.2762436117852892,-1.5707963267948966,1.5707963267948966
0.001,0.0017,0.0009,10,True,4,5,2.531656218108512,6.054333491109788e-07,0.0005999743031760869,-0.009268788305892046,0.0007995898040273849,-1.5707963267948966,1.5707963267948966
0.001,0.0017,0.0009,10,False,6,0,26991.33542420458,6.000001000440107e-07,-0.15046316295024584,3.7547070803823746e-05,0.28538126948011305,-1.5707963267948966,1.5707963267948966
0.001,0.0017,0.0009,10,False,6,3,26773.487855302483,6.000000811310683e-07,-0.1500690656944035,-0.0004413747661210473,0.2892089859527416,-1.5707963267948966,1.5707963267948966
0.001,0.0017,0.0009,10,True,6,7,1.9115449077505573,6.040661472207928e-07,-0.019472508755646906,-0.0002459992399925421,0.0002063818219459829,-1.5707963267948966,1.5707963267948966
0.001,0.0017,0.0009,10,True,7,8,2.6746500838197305,6.053698298349232e-07,-0.0003384345052837254,-0.010076270813529319,0.0004898281005565179,-1.5707963267948966,1.5707963267948966
0.001,0.0017,0.0009,10,False,1,7,29451.140749235376,6.000286176627833e-07,-0.14822334628714995,-0.009238375893577922,-0.21210195360105735,-1.5707963267948966,1.5707963267948966
0.001,0.0017,0.0009,10,True,0,1,1.5137951667967058,6.040327888239554e-07,-0.020009670300747524,-0.00039912911965294014,-0.0013160561882497863,-1.5707963267948966,1.5707963267948966
0.001,0.0017,0.0009,10,False,0,3,18507.994675561866,6.00000575522519e-07,-0.15078028239498367,-0.0012315189783094003,-0.027662254229391347,-1.5707963267948966,1.5707963267948966
0.001,0.0017,0.0009,10,False,0,6,18612.602427554673,6.000001356190239e-07,-0.1499840031663191,-0.00033784167457890377,-0.026496440326664338,-1.5707963267948966,1.5707963267948966
0.001,0.0017,0.0009,10,True,1,2,4.12442560969545,6.053837822739453e-07,-0.00012351327775600017,-0.009776021458205175,-0.0016734068674924911,-1.5707963267948966,1.5707963267948966
0.001,0.0017,0.0009,10,False,3,0,40442.14285100146,6.000005108930572e-07,-0.14983919043387584,0.0013441287361657317,0.32791386360330876,-1.5707963267948966,1.5707963267948966
0.001,0.0017,0.0009,10,True,3,4,3.0081758005861983,6.040469847933609e-07,-0.019780463371594035,8.07877014222977e-05,0.000748340145696744,-1.5707963267948966,1.5707963267948966
0.001,0.0017,0.0009,10,False,3,6,40083.063743159146,6.000004536675952e-07,-0.14952600221960696,0.0011435369872933446,0.326042909664711,-1.5707963267948966,1.5707963267948966
0.001,0.0017,0.0009,10,True,4,5,2.8052523088527166,6.053528444247718e-07,-0.0005707764068455345,-0.009990502768597729,-0.0011809428950356419,-1.5707963267948966,1.5707963267948966
0.001,0.0017,0.0009,10,False,6,0,13205.9307259429,6.000001522297888e-07,-0.15033545665438594,0.00027775780936643146,0.13084064010264482,-1.5707963267948966,1.5707963267948966
0.001,0.0017,0.0009,10,False,6,3,13145.25152670497,6.000005386512748e-07,-0.1508002847351829,-0.0011300812187799735,0.127803870635685,-1.5707963267948966,1.5707963267948966
0.001,0.0017,0.0009,10,True,6,7,2.102038084011766,6.040218523515652e-07,-0.020188840672830128,-0.000917224048218147,-0.0009984210740539826,-1.5707963267948966,1.5707963267948966
0.001,0.0017,0.0009,10,True,7,8,3.505452511222587,6.054121413198577e-07,0.0002785035918267851,-0.009680559057873201,0.00036754921369841086,-1.5707963267948966,1.5707963267948966
0.001,0.0017,0.0009,10,True,0,1,1.2399603956760046,6.040605850239248e-07,-0.01956188692515696,-0.00020481096579566557,0.0020915021212300055,-1.5707963267948966,1.5707963267948966
0.001,0.0017,0.0009,10,False,0,3,20411.619483202405,6.000003199063447e-07,-0.14902800928999582,-0.00025077549578814796,-0.38063178333963243,-1.5707963267948966,1.5707963267948966
0.001,0.0017,0.0009,10,False,0,6,20271.811547728248,6.000000987530015e-07,-0.14979208888485074,0.00031950015694928274,-0.3795631353160195,-1.5707963267948966,1.5707963267948966
0.001,0.0017,0.0009,10,True,1,2,2.8736009173885604,6.053852417730049e-07,-0.00014910979147808088,-0.010455487493214765,0.0013831244394865985,-1.5707963267948966,1.5707963267948966
0.001,0.0017,0.0009,10,False,3,0,13178.112396316541,6.000003124937339e-07,-0.15089455654604664,0.00041692049500660557,-0.2036177396331316,-1.5707963267948966,1.5707963267948966
0.001,0.0017,0.0009,10,True,3,4,2.631097330731615,6.03988303783489e-07,-0.02072922211428344,0.000490446616807081,-0.001030814044256524,-1.5707963267948966,1.5707963267948966
0.001,0.0017,0.0009,10,False,3,6,13313.871782397537,6.000004069531863e-07,-0.15100089139729359,0.000597723860183871,-0.2016431455345164,-1.5707963267948966,1.5707963267948966
0.001,0.0017,0.0009,10,True,4,5,2.313803041760856,6.054354080740742e-07,0.0005640299317243628,-0.010260803319080343,0.0004278018809773355,-1.5707963267948966,1.5707963267948966
0.001,0.0017,0.0009,10,False,6,0,40790.170623838065,6.000000872258704e-07,-0.14991694429666477,-0.000293533662909473,0.5070012846953704,-1.5707963267948966,1.5707963267948966
0.001,0.0017,0.0009,10,False,6,3,40345.13296064949,6.000002711214683e-07,-0.14926909054617787,0.0004573446352233566,0.5079072633687699,-1.5707963267948966,1.5707963267948966
0.001,0.0017,0.0009,10,True,6,7,2.093443472970516,6.04074314384265e-07,-0.019341203699632874,1.6522109733163405e-06,0.0020446066484436295,-1.5707963267948966,1.5707963267948966
0.001,0.0017,0.0009,10,True,7,8,1.8923119544354008,6.053530370232006e-07,-0.0005939479882954596,-0.010366592233899614,0.0012598337468905639,-1.5707963267948966,1.5707963267948966
0.001,0.0017,0.0009,10,False,1,4,63482.78189887347,6.00015116562487e-07,-0.14605524115333854,0.0027340680063219366,-0.16289131547506844,-1.5707963267948966,1.5707963267948966
0.001,0.0017,0.0009,10,False,4,1,31996.743331564143,6.000354384126393e-07,-0.14699449983948928,-0.010616496326065036,0.2107402060823673,-1.5707963267948966,1.5707963267948966
