sigma_range,sigma_encoder,est_cj_x,est_cj_y,cj_x,cj_y
0.05,0.017,-0.053522877561402456,0.016261789217026822,0.02,0.0
0.05,0.017,0.006055465148423707,0.01658912200395693,0.0,0.019
0.05,0.017,0.01213998397338437,0.018202584410822818,0.02,-0.019
0.05,0.017,-0.01480469741702195,-0.00768130939044789,0.05,0.01
0.05,0.017,-0.053522877561402456,0.016261789217026822,0.02,0.0
0.05,0.017,0.006055465148423707,0.01658912200395693,0.0,0.019
0.05,0.017,0.01213998397338437,0.018202584410822818,0.02,-0.019
0.05,0.017,-0.01480469741702195,-0.00768130939044789,0.05,0.01
0.05,0.017,-0.053522877561402456,0.016261789217026822,0.02,0.0
0.05,0.017,0.006055465148423707,0.01658912200395693,0.0,0.019
0.05,0.017,0.01213998397338437,0.018202584410822818,0.02,-0.019
0.05,0.017,-0.01480469741702195,-0.00768130939044789,0.05,0.01
0.05,0.017,-0.053522877561402456,0.016261789217026822,0.02,0.0
0.05,0.017,0.006055465148423707,0.01658912200395693,0.0,0.019
0.05,0.017,0.01213998397338437,0.018202584410822818,0.02,-0.019
0.05,0.017,-0.01480469741702195,-0.00768130939044789,0.05,0.01
0.05,0.017,-0.053522877561402456,0.016261789217026822,0.02,0.0
0.05,0.017,0.006055465148423707,0.01658912200395693,0.0,0.019
0.05,0.017,0.01213998397338437,0.018202584410822818,0.02,-0.019
0.05,0.017,-0.01480469741702195,-0.00768130939044789,0.05,0.01
0.05,0.017,-0.053522877561402456,0.016261789217026822,0.02,0.0
0.05,0.017,0.006055465148423707,0.01658912200395693,0.0,0.019
0.05,0.017,0.01213998397338437,0.018202584410822818,0.02,-0.019
0.05,0.017,-0.01480469741702195,-0.00768130939044789,0.05,0.01
0.05,0.017,-0.053522877561402456,0.016261789217026822,0.02,0.0
0.05,0.017,0.006055465148423707,0.01658912200395693,0.0,0.019
0.05,0.017,0.01213998397338437,0.018202584410822818,0.02,-0.019
0.05,0.017,-0.01480469741702195,-0.00768130939044789,0.05,0.01
0.05,0.017,-0.053522877561402456,0.016261789217026822,0.02,0.0
0.05,0.017,0.006055465148423707,0.01658912200395693,0.0,0.019
0.05,0.017,0.01213998397338437,0.018202584410822818,0.02,-0.019
0.05,0.017,-0.01480469741702195,-0.00768130939044789,0.05,0.01
0.05,0.017,-0.053522877561402456,0.016261789217026822,0.02,0.0
0.05,0.017,0.006055465148423707,0.01658912200395693,0.0,0.019
0.05,0.017,0.01213998397338437,0.018202584410822818,0.02,-0.019
0.05,0.017,-0.01480469741702195,-0.00768130939044789,0.05,0.01
0.05,0.017,-0.053522877561402456,0.016261789217026822,0.02,0.0
0.05,0.017,0.006055465148423707,0.01658912200395693,0.0,0.019
0.05,0.017,0.01213998397338437,0.018202584410822818,0.02,-0.019
0.05,0.017,-0.01480469741702195,-0.00768130939044789,0.05,0.01
0.05,0.017,-0.053522877561402456,0.016261789217026822,0.02,0.0
0.05,0.017,0.006055465148423707,0.01658912200395693,0.0,0.019
0.05,0.017,0.01213998397338437,0.018202584410822818,0.02,-0.019
0.05,0.017,-0.01480469741702195,-0.00768130939044789,0.05,0.01
0.05,0.017,-0.053522877561402456,0.016261789217026822,0.02,0.0
0.05,0.017,0.006055465148423707,0.01658912200395693,0.0,0.019
0.05,0.017,0.01213998397338437,0.018202584410822818,0.02,-0.019
0.05,0.017,-0.01480469741702195,-0.00768130939044789,0.05,0.01
0.05,0.017,-0.053522877561402456,0.016261789217026822,0.02,0.0
0.05,0.017,0.006055465148423707,0.01658912200395693,0.0,0.019
0.05,0.017,0.01213998397338437,0.018202584410822818,0.02,-0.019
0.05,0.017,-0.01480469741702195,-0.00768130939044789,0.05,0.01
0.05,0.017,-0.053522877561402456,0.016261789217026822,0.02,0.0
0.05,0.017,0.006055465148423707,0.01658912200395693,0.0,0.019
0.05,0.017,0.01213998397338437,0.018202584410822818,0.02,-0.019
0.05,0.017,-0.01480469741702195,-0.00768130939044789,0.05,0.01
0.05,0.017,-0.053522877561402456,0.016261789217026822,0.02,0.0
0.05,0.017,0.006055465148423707,0.01658912200395693,0.0,0.019
0.05,0.017,0.01213998397338437,0.018202584410822818,0.02,-0.019
0.05,0.017,-0.01480469741702195,-0.00768130939044789,0.05,0.01
0.05,0.017,-0.053522877561402456,0.016261789217026822,0.02,0.0
0.05,0.017,0.006055465148423707,0.01658912200395693,0.0,0.019
0.05,0.017,0.01213998397338437,0.018202584410822818,0.02,-0.019
0.05,0.017,-0.01480469741702195,-0.00768130939044789,0.05,0.01
0.05,0.017,-0.053522877561402456,0.016261789217026822,0.02,0.0
0.05,0.017,0.006055465148423707,0.01658912200395693,0.0,0.019
0.05,0.017,0.01213998397338437,0.018202584410822818,0.02,-0.019
0.05,0.017,-0.01480469741702195,-0.00768130939044789,0.05,0.01
0.05,0.017,-0.053522877561402456,0.016261789217026822,0.02,0.0
0.05,0.017,0.006055465148423707,0.01658912200395693,0.0,0.019
0.05,0.017,0.01213998397338437,0.018202584410822818,0.02,-0.019
0.05,0.017,-0.01480469741702195,-0.00768130939044789,0.05,0.01
0.05,0.017,-0.053522877561402456,0.016261789217026822,0.02,0.0
0.05,0.017,0.006055465148423707,0.01658912200395693,0.0,0.019
0.05,0.017,0.01213998397338437,0.018202584410822818,0.02,-0.019
0.05,0.017,-0.01480469741702195,-0.00768130939044789,0.05,0.01
0.05,0.017,-0.053522877561402456,0.016261789217026822,0.02,0.0
0.05,0.017,0.006055465148423707,0.01658912200395693,0.0,0.019
0.05,0.017,0.01213998397338437,0.018202584410822818,0.02,-0.019
0.05,0.017,-0.01480469741702195,-0.00768130939044789,0.05,0.01
0.05,0.017,-0.053522877561402456,0.016261789217026822,0.02,0.0
0.05,0.017,0.006055465148423707,0.01658912200395693,0.0,0.019
0.05,0.017,0.01213998397338437,0.018202584410822818,0.02,-0.019
0.05,0.017,-0.01480469741702195,-0.00768130939044789,0.05,0.01
0.05,0.017,-0.053522877561402456,0.016261789217026822,0.02,0.0
0.05,0.017,0.006055465148423707,0.01658912200395693,0.0,0.019
0.05,0.017,0.01213998397338437,0.018202584410822818,0.02,-0.019
0.05,0.017,-0.01480469741702195,-0.00768130939044789,0.05,0.01
0.05,0.017,-0.053522877561402456,0.016261789217026822,0.02,0.0
0.05,0.017,0.006055465148423707,0.01658912200395693,0.0,0.019
0.05,0.017,0.01213998397338437,0.018202584410822818,0.02,-0.019
0.05,0.017,-0.01480469741702195,-0.00768130939044789,0.05,0.01
0.05,0.017,-0.053522877561402456,0.016261789217026822,0.02,0.0
0.05,0.017,0.006055465148423707,0.01658912200395693,0.0,0.019
0.05,0.017,0.01213998397338437,0.018202584410822818,0.02,-0.019
0.05,0.017,-0.01480469741702195,-0.00768130939044789,0.05,0.01
0.05,0.017,-0.053522877561402456,0.016261789217026822,0.02,0.0
0.05,0.017,0.006055465148423707,0.01658912200395693,0.0,0.019
0.05,0.017,0.01213998397338437,0.018202584410822818,0.02,-0.019
0.05,0.017,-0.01480469741702195,-0.00768130939044789,0.05,0.01
0.05,0.017,-0.08877638334303714,-0.01855110783310021,0.02,0.0
0.05,0.017,0.004657162859517096,0.02564651914411162,0.0,0.019
0.05,0.017,-0.006036174491969382,0.03371031423890589,0.02,-0.019
0.05,0.017,-0.03218519979382993,0.004299161920553601,0.05,0.01
0.05,0.017,-0.08877638334303714,-0.01855110783310021,0.02,0.0
0.05,0.017,0.004657162859517096,0.02564651914411162,0.0,0.019
0.05,0.017,-0.006036174491969382,0.03371031423890589,0.02,-0.019
0.05,0.017,-0.03218519979382993,0.004299161920553601,0.05,0.01
0.05,0.017,-0.08877638334303714,-0.01855110783310021,0.02,0.0
0.05,0.017,0.004657162859517096,0.02564651914411162,0.0,0.019
0.05,0.017,-0.006036174491969382,0.03371031423890589,0.02,-0.019
0.05,0.017,-0.03218519979382993,0.004299161920553601,0.05,0.01
0.05,0.017,-0.08877638334303714,-0.01855110783310021,0.02,0.0
0.05,0.017,0.004657162859517096,0.02564651914411162,0.0,0.019
0.05,0.017,-0.006036174491969382,0.03371031423890589,0.02,-0.019
0.05,0.017,-0.03218519979382993,0.004299161920553601,0.05,0.01
0.05,0.017,-0.08877638334303714,-0.01855110783310021,0.02,0.0
0.05,0.017,0.004657162859517096,0.02564651914411162,0.0,0.019
0.05,0.017,-0.006036174491969382,0.03371031423890589,0.02,-0.019
0.05,0.017,-0.03218519979382993,0.004299161920553601,0.05,0.01
0.05,0.017,-0.08877638334303714,-0.01855110783310021,0.02,0.0
0.05,0.017,0.004657162859517096,0.02564651914411162,0.0,0.019
0.05,0.017,-0.006036174491969382,0.03371031423890589,0.02,-0.019
0.05,0.017,-0.03218519979382993,0.004299161920553601,0.05,0.01
0.05,0.017,-0.08877638334303714,-0.01855110783310021,0.02,0.0
0.05,0.017,0.004657162859517096,0.02564651914411162,0.0,0.019
0.05,0.017,-0.006036174491969382,0.03371031423890589,0.02,-0.019
0.05,0.017,-0.03218519979382993,0.004299161920553601,0.05,0.01
0.05,0.017,-0.08877638334303714,-0.01855110783310021,0.02,0.0
0.05,0.017,0.004657162859517096,0.02564651914411162,0.0,0.019
0.05,0.017,-0.006036174491969382,0.03371031423890589,0.02,-0.019
0.05,0.017,-0.03218519979382993,0.004299161920553601,0.05,0.01
0.05,0.017,-0.08877638334303714,-0.01855110783310021,0.02,0.0
0.05,0.017,0.004657162859517096,0.02564651914411162,0.0,0.019
0.05,0.017,-0.006036174491969382,0.03371031423890589,0.02,-0.019
0.05,0.017,-0.03218519979382993,0.004299161920553601,0.05,0.01
0.05,0.017,-0.08877638334303714,-0.01855110783310021,0.02,0.0
0.05,0.017,0.004657162859517096,0.02564651914411162,0.0,0.019
0.05,0.017,-0.006036174491969382,0.03371031423890589,0.02,-0.019
0.05,0.017,-0.03218519979382993,0.004299161920553601,0.05,0.01
0.05,0.017,-0.08877638334303714,-0.01855110783310021,0.02,0.0
0.05,0.017,0.004657162859517096,0.02564651914411162,0.0,0.019
0.05,0.017,-0.006036174491969382,0.03371031423890589,0.02,-0.019
0.05,0.017,-0.03218519979382993,0.004299161920553601,0.05,0.01
0.05,0.017,-0.08877638334303714,-0.01855110783310021,0.02,0.0
0.05,0.017,0.004657162859517096,0.02564651914411162,0.0,0.019
0.05,0.017,-0.006036174491969382,0.03371031423890589,0.02,-0.019
0.05,0.017,-0.03218519979382993,0.004299161920553601,0.05,0.01
0.05,0.017,-0.08877638334303714,-0.01855110783310021,0.02,0.0
0.05,0.017,0.004657162859517096,0.02564651914411162,0.0,0.019
0.05,0.017,-0.006036174491969382,0.03371031423890589,0.02,-0.019
0.05,0.017,-0.03218519979382993,0.004299161920553601,0.05,0.01
0.05,0.017,-0.08877638334303714,-0.01855110783310021,0.02,0.0
0.05,0.017,0.004657162859517096,0.02564651914411162,0.0,0.019
0.05,0.017,-0.006036174491969382,0.03371031423890589,0.02,-0.019
0.05,0.017,-0.03218519979382993,0.004299161920553601,0.05,0.01
0.05,0.017,-0.08877638334303714,-0.01855110783310021,0.02,0.0
0.05,0.017,0.004657162859517096,0.02564651914411162,0.0,0.019
0.05,0.017,-0.006036174491969382,0.03371031423890589,0.02,-0.019
0.05,0.017,-0.03218519979382993,0.004299161920553601,0.05,0.01
0.05,0.017,-0.08877638334303714,-0.01855110783310021,0.02,0.0
0.05,0.017,0.004657162859517096,0.02564651914411162,0.0,0.019
0.05,0.017,-0.006036174491969382,0.03371031423890589,0.02,-0.019
0.05,0.017,-0.03218519979382993,0.004299161920553601,0.05,0.01
0.05,0.017,-0.08877638334303714,-0.01855110783310021,0.02,0.0
0.05,0.017,0.004657162859517096,0.02564651914411162,0.0,0.019
0.05,0.017,-0.006036174491969382,0.03371031423890589,0.02,-0.019
0.05,0.017,-0.03218519979382993,0.004299161920553601,0.05,0.01
0.05,0.017,-0.08877638334303714,-0.01855110783310021,0.02,0.0
0.05,0.017,0.004657162859517096,0.02564651914411162,0.0,0.019
0.05,0.017,-0.006036174491969382,0.03371031423890589,0.02,-0.019
0.05,0.017,-0.03218519979382993,0.004299161920553601,0.05,0.01
0.05,0.017,-0.08877638334303714,-0.01855110783310021,0.02,0.0
0.05,0.017,0.004657162859517096,0.02564651914411162,0.0,0.019
0.05,0.017,-0.006036174491969382,0.03371031423890589,0.02,-0.019
0.05,0.017,-0.03218519979382993,0.004299161920553601,0.05,0.01
0.05,0.017,-0.08877638334303714,-0.01855110783310021,0.02,0.0
0.05,0.017,0.004657162859517096,0.02564651914411162,0.0,0.019
0.05,0.017,-0.006036174491969382,0.03371031423890589,0.02,-0.019
0.05,0.017,-0.03218519979382993,0.004299161920553601,0.05,0.01
0.05,0.017,-0.08877638334303714,-0.01855110783310021,0.02,0.0
0.05,0.017,0.004657162859517096,0.02564651914411162,0.0,0.019
0.05,0.017,-0.006036174491969382,0.03371031423890589,0.02,-0.019
0.05,0.017,-0.03218519979382993,0.004299161920553601,0.05,0.01
0.05,0.017,-0.08877638334303714,-0.01855110783310021,0.02,0.0
0.05,0.017,0.004657162859517096,0.02564651914411162,0.0,0.019
0.05,0.017,-0.006036174491969382,0.03371031423890589,0.02,-0.019
0.05,0.017,-0.03218519979382993,0.004299161920553601,0.05,0.01
0.05,0.017,-0.08877638334303714,-0.01855110783310021,0.02,0.0
0.05,0.017,0.004657162859517096,0.02564651914411162,0.0,0.019
0.05,0.017,-0.006036174491969382,0.03371031423890589,0.02,-0.019
0.05,0.017,-0.03218519979382993,0.004299161920553601,0.05,0.01
0.05,0.017,-0.08877638334303714,-0.01855110783310021,0.02,0.0
0.05,0.017,0.004657162859517096,0.02564651914411162,0.0,0.019
0.05,0.017,-0.006036174491969382,0.03371031423890589,0.02,-0.019
0.05,0.017,-0.03218519979382993,0.004299161920553601,0.05,0.01
0.05,0.017,-0.08877638334303714,-0.01855110783310021,0.02,0.0
0.05,0.017,0.004657162859517096,0.02564651914411162,0.0,0.019
0.05,0.017,-0.006036174491969382,0.03371031423890589,0.02,-0.019
0.05,0.017,-0.03218519979382993,0.004299161920553601,0.05,0.01
0.05,0.017,-0.079390568829288,-0.011085172461088914,0.02,0.0
0.05,0.017,0.01954911833543384,0.06954961485383672,0.0,0.019
0.05,0.017,0.00031464254225260606,0.029049654785979002,0.02,-0.019
0.05,0.017,-0.05008613409815184,-0.0028105172662945474,0.05,0.01
0.05,0.017,-0.079390568829288,-0.011085172461088914,0.02,0.0
0.05,0.017,0.01954911833543384,0.06954961485383672,0.0,0.019
0.05,0.017,0.00031464254225260606,0.029049654785979002,0.02,-0.019
0.05,0.017,-0.05008613409815184,-0.0028105172662945474,0.05,0.01
0.05,0.017,-0.079390568829288,-0.011085172461088914,0.02,0.0
0.05,0.017,0.01954911833543384,0.06954961485383672,0.0,0.019
0.05,0.017,0.00031464254225260606,0.029049654785979002,0.02,-0.019
0.05,0.017,-0.05008613409815184,-0.0028105172662945474,0.05,0.01
0.05,0.017,-0.079390568829288,-0.011085172461088914,0.02,0.0
0.05,0.017,0.01954911833543384,0.06954961485383672,0.0,0.019
0.05,0.017,0.00031464254225260606,0.029049654785979002,0.02,-0.019
0.05,0.017,-0.05008613409815184,-0.0028105172662945474,0.05,0.01
0.05,0.017,-0.079390568829288,-0.011085172461088914,0.02,0.0
0.05,0.017,0.01954911833543384,0.06954961485383672,0.0,0.019
0.05,0.017,0.00031464254225260606,0.029049654785979002,0.02,-0.019
0.05,0.017,-0.05008613409815184,-0.0028105172662945474,0.05,0.01
0.05,0.017,-0.079390568829288,-0.011085172461088914,0.02,0.0
0.05,0.017,0.01954911833543384,0.06954961485383672,0.0,0.019
0.05,0.017,0.00031464254225260606,0.029049654785979002,0.02,-0.019
0.05,0.017,-0.05008613409815184,-0.0028105172662945474,0.05,0.01
0.05,0.017,-0.079390568829288,-0.011085172461088914,0.02,0.0
0.05,0.017,0.01954911833543384,0.06954961485383672,0.0,0.019
0.05,0.017,0.00031464254225260606,0.029049654785979002,0.02,-0.019
0.05,0.017,-0.05008613409815184,-0.0028105172662945474,0.05,0.01
0.05,0.017,-0.079390568829288,-0.011085172461088914,0.02,0.0
0.05,0.017,0.01954911833543384,0.06954961485383672,0.0,0.019
0.05,0.017,0.00031464254225260606,0.029049654785979002,0.02,-0.019
0.05,0.017,-0.05008613409815184,-0.0028105172662945474,0.05,0.01
0.05,0.017,-0.079390568829288,-0.011085172461088914,0.02,0.0
0.05,0.017,0.01954911833543384,0.06954961485383672,0.0,0.019
0.05,0.017,0.00031464254225260606,0.029049654785979002,0.02,-0.019
0.05,0.017,-0.05008613409815184,-0.0028105172662945474,0.05,0.01
0.05,0.017,-0.079390568829288,-0.011085172461088914,0.02,0.0
0.05,0.017,0.01954911833543384,0.06954961485383672,0.0,0.019
0.05,0.017,0.00031464254225260606,0.029049654785979002,0.02,-0.019
0.05,0.017,-0.05008613409815184,-0.0028105172662945474,0.05,0.01
0.05,0.017,-0.079390568829288,-0.011085172461088914,0.02,0.0
0.05,0.017,0.01954911833543384,0.06954961485383672,0.0,0.019
0.05,0.017,0.00031464254225260606,0.029049654785979002,0.02,-0.019
0.05,0.017,-0.05008613409815184,-0.0028105172662945474,0.05,0.01
0.05,0.017,-0.079390568829288,-0.011085172461088914,0.02,0.0
0.05,0.017,0.01954911833543384,0.06954961485383672,0.0,0.019
0.05,0.017,0.00031464254225260606,0.029049654785979002,0.02,-0.019
0.05,0.017,-0.05008613409815184,-0.0028105172662945474,0.05,0.01
0.05,0.017,-0.079390568829288,-0.011085172461088914,0.02,0.0
0.05,0.017,0.01954911833543384,0.06954961485383672,0.0,0.019
0.05,0.017,0.00031464254225260606,0.029049654785979002,0.02,-0.019
0.05,0.017,-0.05008613409815184,-0.0028105172662945474,0.05,0.01
0.05,0.017,-0.079390568829288,-0.011085172461088914,0.02,0.0
0.05,0.017,0.01954911833543384,0.06954961485383672,0.0,0.019
0.05,0.017,0.00031464254225260606,0.029049654785979002,0.02,-0.019
0.05,0.017,-0.05008613409815184,-0.0028105172662945474,0.05,0.01
0.05,0.017,-0.079390568829288,-0.011085172461088914,0.02,0.0
0.05,0.017,0.01954911833543384,0.06954961485383672,0.0,0.019
0.05,0.017,0.00031464254225260606,0.029049654785979002,0.02,-0.019
0.05,0.017,-0.05008613409815184,-0.0028105172662945474,0.05,0.01
0.05,0.017,-0.079390568829288,-0.011085172461088914,0.02,0.0
0.05,0.017,0.01954911833543384,0.06954961485383672,0.0,0.019
0.05,0.017,0.00031464254225260606,0.029049654785979002,0.02,-0.019
0.05,0.017,-0.05008613409815184,-0.0028105172662945474,0.05,0.01
0.05,0.017,-0.079390568829288,-0.011085172461088914,0.02,0.0
0.05,0.017,0.01954911833543384,0.06954961485383672,0.0,0.019
0.05,0.017,0.00031464254225260606,0.029049654785979002,0.02,-0.019
0.05,0.017,-0.05008613409815184,-0.0028105172662945474,0.05,0.01
0.05,0.017,-0.079390568829288,-0.011085172461088914,0.02,0.0
0.05,0.017,0.01954911833543384,0.06954961485383672,0.0,0.019
0.05,0.017,0.00031464254225260606,0.029049654785979002,0.02,-0.019
0.05,0.017,-0.05008613409815184,-0.0028105172662945474,0.05,0.01
0.05,0.017,-0.079390568829288,-0.011085172461088914,0.02,0.0
0.05,0.017,0.01954911833543384,0.06954961485383672,0.0,0.019
0.05,0.017,0.00031464254225260606,0.029049654785979002,0.02,-0.019
0.05,0.017,-0.05008613409815184,-0.0028105172662945474,0.05,0.01
0.05,0.017,-0.079390568829288,-0.011085172461088914,0.02,0.0
0.05,0.017,0.01954911833543384,0.06954961485383672,0.0,0.019
0.05,0.017,0.00031464254225260606,0.029049654785979002,0.02,-0.019
0.05,0.017,-0.05008613409815184,-0.0028105172662945474,0.05,0.01
0.05,0.017,-0.079390568829288,-0.011085172461088914,0.02,0.0
0.05,0.017,0.01954911833543384,0.06954961485383672,0.0,0.019
0.05,0.017,0.00031464254225260606,0.029049654785979002,0.02,-0.019
0.05,0.017,-0.05008613409815184,-0.0028105172662945474,0.05,0.01
0.05,0.017,-0.079390568829288,-0.011085172461088914,0.02,0.0
0.05,0.017,0.01954911833543384,0.06954961485383672,0.0,0.019
0.05,0.017,0.00031464254225260606,0.029049654785979002,0.02,-0.019
0.05,0.017,-0.05008613409815184,-0.0028105172662945474,0.05,0.01
0.05,0.017,-0.079390568829288,-0.011085172461088914,0.02,0.0
0.05,0.017,0.01954911833543384,0.06954961485383672,0.0,0.019
0.05,0.017,0.00031464254225260606,0.029049654785979002,0.02,-0.019
0.05,0.017,-0.05008613409815184,-0.0028105172662945474,0.05,0.01
0.05,0.017,-0.079390568829288,-0.011085172461088914,0.02,0.0
0.05,0.017,0.01954911833543384,0.06954961485383672,0.0,0.019
0.05,0.017,0.00031464254225260606,0.029049654785979002,0.02,-0.019
0.05,0.017,-0.05008613409815184,-0.0028105172662945474,0.05,0.01
0.05,0.017,-0.079390568829288,-0.011085172461088914,0.02,0.0
0.05,0.017,0.01954911833543384,0.06954961485383672,0.0,0.019
0.05,0.017,0.00031464254225260606,0.029049654785979002,0.02,-0.019
0.05,0.017,-0.05008613409815184,-0.0028105172662945474,0.05,0.01
0.05,0.017,-0.0006754305179730441,-0.06633817604921873,0.02,0.0
0.05,0.017,-0.03663913239227274,0.0905257432677684,0.0,0.019
0.05,0.017,0.007368346778624963,0.011960165185758077,0.02,-0.019
0.05,0.017,-0.03477754913928456,0.004376562015719149,0.05,0.01
0.05,0.009,0.06405284441118136,-0.003312202330867265,0.02,0.0
0.05,0.009,0.008587579996459023,0.005915630964793663,0.0,0.019
0.05,0.009,0.0825899997877143,0.008140261615759928,0.02,-0.019
0.05,0.009,0.0013788651290701057,-0.001017132492141632,0.05,0.01
0.05,0.009,0.06405284441118136,-0.003312202330867265,0.02,0.0
0.05,0.009,0.008587579996459023,0.005915630964793663,0.0,0.019
0.05,0.009,0.0825899997877143,0.008140261615759928,0.02,-0.019
0.05,0.009,0.0013788651290701057,-0.001017132492141632,0.05,0.01
0.05,0.009,0.06405284441118136,-0.003312202330867265,0.02,0.0
0.05,0.009,0.008587579996459023,0.005915630964793663,0.0,0.019
0.05,0.009,0.0825899997877143,0.008140261615759928,0.02,-0.019
0.05,0.009,0.0013788651290701057,-0.001017132492141632,0.05,0.01
0.05,0.009,0.06405284441118136,-0.003312202330867265,0.02,0.0
0.05,0.009,0.008587579996459023,0.005915630964793663,0.0,0.019
0.05,0.009,0.0825899997877143,0.008140261615759928,0.02,-0.019
0.05,0.009,0.0013788651290701057,-0.001017132492141632,0.05,0.01
0.05,0.009,0.06405284441118136,-0.003312202330867265,0.02,0.0
0.05,0.009,0.008587579996459023,0.005915630964793663,0.0,0.019
0.05,0.009,0.0825899997877143,0.008140261615759928,0.02,-0.019
0.05,0.009,0.0013788651290701057,-0.001017132492141632,0.05,0.01
0.05,0.009,0.06405284441118136,-0.003312202330867265,0.02,0.0
0.05,0.009,0.008587579996459023,0.005915630964793663,0.0,0.019
0.05,0.009,0.0825899997877143,0.008140261615759928,0.02,-0.019
0.05,0.009,0.0013788651290701057,-0.001017132492141632,0.05,0.01
0.05,0.009,0.06405284441118136,-0.003312202330867265,0.02,0.0
0.05,0.009,0.008587579996459023,0.005915630964793663,0.0,0.019
0.05,0.009,0.0825899997877143,0.008140261615759928,0.02,-0.019
0.05,0.009,0.0013788651290701057,-0.001017132492141632,0.05,0.01
0.05,0.009,0.06405284441118136,-0.003312202330867265,0.02,0.0
0.05,0.009,0.008587579996459023,0.005915630964793663,0.0,0.019
0.05,0.009,0.0825899997877143,0.008140261615759928,0.02,-0.019
0.05,0.009,0.0013788651290701057,-0.001017132492141632,0.05,0.01
0.05,0.009,0.06405284441118136,-0.003312202330867265,0.02,0.0
0.05,0.009,0.008587579996459023,0.005915630964793663,0.0,0.019
0.05,0.009,0.0825899997877143,0.008140261615759928,0.02,-0.019
0.05,0.009,0.0013788651290701057,-0.001017132492141632,0.05,0.01
0.05,0.009,0.06405284441118136,-0.003312202330867265,0.02,0.0
0.05,0.009,0.008587579996459023,0.005915630964793663,0.0,0.019
0.05,0.009,0.0825899997877143,0.008140261615759928,0.02,-0.019
0.05,0.009,0.0013788651290701057,-0.001017132492141632,0.05,0.01
0.05,0.009,0.06405284441118136,-0.003312202330867265,0.02,0.0
0.05,0.009,0.008587579996459023,0.005915630964793663,0.0,0.019
0.05,0.009,0.0825899997877143,0.008140261615759928,0.02,-0.019
0.05,0.009,0.0013788651290701057,-0.001017132492141632,0.05,0.01
0.05,0.009,0.06405284441118136,-0.003312202330867265,0.02,0.0
0.05,0.009,0.008587579996459023,0.005915630964793663,0.0,0.019
0.05,0.009,0.0825899997877143,0.008140261615759928,0.02,-0.019
0.05,0.009,0.0013788651290701057,-0.001017132492141632,0.05,0.01
0.05,0.009,0.06405284441118136,-0.003312202330867265,0.02,0.0
0.05,0.009,0.008587579996459023,0.005915630964793663,0.0,0.019
0.05,0.009,0.0825899997877143,0.008140261615759928,0.02,-0.019
0.05,0.009,0.0013788651290701057,-0.001017132492141632,0.05,0.01
0.05,0.009,0.06405284441118136,-0.003312202330867265,0.02,0.0
0.05,0.009,0.008587579996459023,0.005915630964793663,0.0,0.019
0.05,0.009,0.0825899997877143,0.008140261615759928,0.02,-0.019
0.05,0.009,0.0013788651290701057,-0.001017132492141632,0.05,0.01
0.05,0.009,0.06405284441118136,-0.003312202330867265,0.02,0.0
0.05,0.009,0.008587579996459023,0.005915630964793663,0.0,0.019
0.05,0.009,0.0825899997877143,0.008140261615759928,0.02,-0.019
0.05,0.009,0.0013788651290701057,-0.001017132492141632,0.05,0.01
0.05,0.009,0.06405284441118136,-0.003312202330867265,0.02,0.0
0.05,0.009,0.008587579996459023,0.005915630964793663,0.0,0.019
0.05,0.009,0.0825899997877143,0.008140261615759928,0.02,-0.019
0.05,0.009,0.0013788651290701057,-0.001017132492141632,0.05,0.01
0.05,0.009,0.06405284441118136,-0.003312202330867265,0.02,0.0
0.05,0.009,0.008587579996459023,0.005915630964793663,0.0,0.019
0.05,0.009,0.0825899997877143,0.008140261615759928,0.02,-0.019
0.05,0.009,0.0013788651290701057,-0.001017132492141632,0.05,0.01
0.05,0.009,0.06405284441118136,-0.003312202330867265,0.02,0.0
0.05,0.009,0.008587579996459023,0.005915630964793663,0.0,0.019
0.05,0.009,0.0825899997877143,0.008140261615759928,0.02,-0.019
0.05,0.009,0.0013788651290701057,-0.001017132492141632,0.05,0.01
0.05,0.009,0.06405284441118136,-0.003312202330867265,0.02,0.0
0.05,0.009,0.008587579996459023,0.005915630964793663,0.0,0.019
0.05,0.009,0.0825899997877143,0.008140261615759928,0.02,-0.019
0.05,0.009,0.0013788651290701057,-0.001017132492141632,0.05,0.01
0.05,0.009,0.06405284441118136,-0.003312202330867265,0.02,0.0
0.05,0.009,0.008587579996459023,0.005915630964793663,0.0,0.019
0.05,0.009,0.0825899997877143,0.008140261615759928,0.02,-0.019
0.05,0.009,0.0013788651290701057,-0.001017132492141632,0.05,0.01
0.05,0.009,0.06405284441118136,-0.003312202330867265,0.02,0.0
0.05,0.009,0.008587579996459023,0.005915630964793663,0.0,0.019
0.05,0.009,0.0825899997877143,0.008140261615759928,0.02,-0.019
0.05,0.009,0.0013788651290701057,-0.001017132492141632,0.05,0.01
0.05,0.009,0.06405284441118136,-0.003312202330867265,0.02,0.0
0.05,0.009,0.008587579996459023,0.005915630964793663,0.0,0.019
0.05,0.009,0.0825899997877143,0.008140261615759928,0.02,-0.019
0.05,0.009,0.0013788651290701057,-0.001017132492141632,0.05,0.01
0.05,0.009,0.06405284441118136,-0.003312202330867265,0.02,0.0
0.05,0.009,0.008587579996459023,0.005915630964793663,0.0,0.019
0.05,0.009,0.0825899997877143,0.008140261615759928,0.02,-0.019
0.05,0.009,0.0013788651290701057,-0.001017132492141632,0.05,0.01
0.05,0.009,0.06405284441118136,-0.003312202330867265,0.02,0.0
0.05,0.009,0.008587579996459023,0.005915630964793663,0.0,0.019
0.05,0.009,0.0825899997877143,0.008140261615759928,0.02,-0.019
0.05,0.009,0.0013788651290701057,-0.001017132492141632,0.05,0.01
0.05,0.009,0.06405284441118136,-0.003312202330867265,0.02,0.0
0.05,0.009,0.008587579996459023,0.005915630964793663,0.0,0.019
0.05,0.009,0.0825899997877143,0.008140261615759928,0.02,-0.019
0.05,0.009,0.0013788651290701057,-0.001017132492141632,0.05,0.01
0.05,0.009,0.06405284441118136,-0.003312202330867265,0.02,0.0
0.05,0.009,0.008587579996459023,0.005915630964793663,0.0,0.019
0.05,0.009,0.0825899997877143,0.008140261615759928,0.02,-0.019
0.05,0.009,0.0013788651290701057,-0.001017132492141632,0.05,0.01
0.05,0.009,0.033480221528498576,-0.12768438211772898,0.02,0.0
0.05,0.009,0.09027597841712069,0.011132813012079424,0.0,0.019
0.05,0.009,0.08613130922086462,0.02607544369208922,0.02,-0.019
0.05,0.009,-0.028743485755207653,0.028807061817482688,0.05,0.01
0.05,0.009,0.033480221528498576,-0.12768438211772898,0.02,0.0
0.05,0.009,0.09027597841712069,0.011132813012079424,0.0,0.019
0.05,0.009,0.08613130922086462,0.02607544369208922,0.02,-0.019
0.05,0.009,-0.028743485755207653,0.028807061817482688,0.05,0.01
0.05,0.009,0.033480221528498576,-0.12768438211772898,0.02,0.0
0.05,0.009,0.09027597841712069,0.011132813012079424,0.0,0.019
0.05,0.009,0.08613130922086462,0.02607544369208922,0.02,-0.019
0.05,0.009,-0.028743485755207653,0.028807061817482688,0.05,0.01
0.05,0.009,0.033480221528498576,-0.12768438211772898,0.02,0.0
0.05,0.009,0.09027597841712069,0.011132813012079424,0.0,0.019
0.05,0.009,0.08613130922086462,0.02607544369208922,0.02,-0.019
0.05,0.009,-0.028743485755207653,0.028807061817482688,0.05,0.01
0.05,0.009,0.033480221528498576,-0.12768438211772898,0.02,0.0
0.05,0.009,0.09027597841712069,0.011132813012079424,0.0,0.019
0.05,0.009,0.08613130922086462,0.02607544369208922,0.02,-0.019
0.05,0.009,-0.028743485755207653,0.028807061817482688,0.05,0.01
0.05,0.009,0.033480221528498576,-0.12768438211772898,0.02,0.0
0.05,0.009,0.09027597841712069,0.011132813012079424,0.0,0.019
0.05,0.009,0.08613130922086462,0.02607544369208922,0.02,-0.019
0.05,0.009,-0.028743485755207653,0.028807061817482688,0.05,0.01
0.05,0.009,0.033480221528498576,-0.12768438211772898,0.02,0.0
0.05,0.009,0.09027597841712069,0.011132813012079424,0.0,0.019
0.05,0.009,0.08613130922086462,0.02607544369208922,0.02,-0.019
0.05,0.009,-0.028743485755207653,0.028807061817482688,0.05,0.01
0.05,0.009,0.033480221528498576,-0.12768438211772898,0.02,0.0
0.05,0.009,0.09027597841712069,0.011132813012079424,0.0,0.019
0.05,0.009,0.08613130922086462,0.02607544369208922,0.02,-0.019
0.05,0.009,-0.028743485755207653,0.028807061817482688,0.05,0.01
0.05,0.009,0.033480221528498576,-0.12768438211772898,0.02,0.0
0.05,0.009,0.09027597841712069,0.011132813012079424,0.0,0.019
0.05,0.009,0.08613130922086462,0.02607544369208922,0.02,-0.019
0.05,0.009,-0.028743485755207653,0.028807061817482688,0.05,0.01
0.05,0.009,0.033480221528498576,-0.12768438211772898,0.02,0.0
0.05,0.009,0.09027597841712069,0.011132813012079424,0.0,0.019
0.05,0.009,0.08613130922086462,0.02607544369208922,0.02,-0.019
0.05,0.009,-0.028743485755207653,0.028807061817482688,0.05,0.01
0.05,0.009,0.033480221528498576,-0.12768438211772898,0.02,0.0
0.05,0.009,0.09027597841712069,0.011132813012079424,0.0,0.019
0.05,0.009,0.08613130922086462,0.02607544369208922,0.02,-0.019
0.05,0.009,-0.028743485755207653,0.028807061817482688,0.05,0.01
0.05,0.009,0.033480221528498576,-0.12768438211772898,0.02,0.0
0.05,0.009,0.09027597841712069,0.011132813012079424,0.0,0.019
0.05,0.009,0.08613130922086462,0.02607544369208922,0.02,-0.019
0.05,0.009,-0.028743485755207653,0.028807061817482688,0.05,0.01
0.05,0.009,0.033480221528498576,-0.12768438211772898,0.02,0.0
0.05,0.009,0.09027597841712069,0.011132813012079424,0.0,0.019
0.05,0.009,0.08613130922086462,0.02607544369208922,0.02,-0.019
0.05,0.009,-0.028743485755207653,0.028807061817482688,0.05,0.01
0.05,0.009,0.033480221528498576,-0.12768438211772898,0.02,0.0
0.05,0.009,0.09027597841712069,0.011132813012079424,0.0,0.019
0.05,0.009,0.08613130922086462,0.02607544369208922,0.02,-0.019
0.05,0.009,-0.028743485755207653,0.028807061817482688,0.05,0.01
0.05,0.009,0.033480221528498576,-0.12768438211772898,0.02,0.0
0.05,0.009,0.09027597841712069,0.011132813012079424,0.0,0.019
0.05,0.009,0.08613130922086462,0.02607544369208922,0.02,-0.019
0.05,0.009,-0.028743485755207653,0.028807061817482688,0.05,0.01
0.05,0.009,0.033480221528498576,-0.12768438211772898,0.02,0.0
0.05,0.009,0.09027597841712069,0.011132813012079424,0.0,0.019
0.05,0.009,0.08613130922086462,0.02607544369208922,0.02,-0.019
0.05,0.009,-0.028743485755207653,0.028807061817482688,0.05,0.01
0.05,0.009,0.033480221528498576,-0.12768438211772898,0.02,0.0
0.05,0.009,0.09027597841712069,0.011132813012079424,0.0,0.019
0.05,0.009,0.08613130922086462,0.02607544369208922,0.02,-0.019
0.05,0.009,-0.028743485755207653,0.028807061817482688,0.05,0.01
0.05,0.009,0.033480221528498576,-0.12768438211772898,0.02,0.0
0.05,0.009,0.09027597841712069,0.011132813012079424,0.0,0.019
0.05,0.009,0.08613130922086462,0.02607544369208922,0.02,-0.019
0.05,0.009,-0.028743485755207653,0.028807061817482688,0.05,0.01
0.05,0.009,0.033480221528498576,-0.12768438211772898,0.02,0.0
0.05,0.009,0.09027597841712069,0.011132813012079424,0.0,0.019
0.05,0.009,0.08613130922086462,0.02607544369208922,0.02,-0.019
0.05,0.009,-0.028743485755207653,0.028807061817482688,0.05,0.01
0.05,0.009,0.033480221528498576,-0.12768438211772898,0.02,0.0
0.05,0.009,0.09027597841712069,0.011132813012079424,0.0,0.019
0.05,0.009,0.08613130922086462,0.02607544369208922,0.02,-0.019
0.05,0.009,-0.028743485755207653,0.028807061817482688,0.05,0.01
0.05,0.009,0.033480221528498576,-0.12768438211772898,0.02,0.0
0.05,0.009,0.09027597841712069,0.011132813012079424,0.0,0.019
0.05,0.009,0.08613130922086462,0.02607544369208922,0.02,-0.019
0.05,0.009,-0.028743485755207653,0.028807061817482688,0.05,0.01
0.05,0.009,0.033480221528498576,-0.12768438211772898,0.02,0.0
0.05,0.009,0.09027597841712069,0.011132813012079424,0.0,0.019
0.05,0.009,0.08613130922086462,0.02607544369208922,0.02,-0.019
0.05,0.009,-0.028743485755207653,0.028807061817482688,0.05,0.01
0.05,0.009,0.033480221528498576,-0.12768438211772898,0.02,0.0
0.05,0.009,0.09027597841712069,0.011132813012079424,0.0,0.019
0.05,0.009,0.08613130922086462,0.02607544369208922,0.02,-0.019
0.05,0.009,-0.028743485755207653,0.028807061817482688,0.05,0.01
0.05,0.009,0.033480221528498576,-0.12768438211772898,0.02,0.0
0.05,0.009,0.09027597841712069,0.011132813012079424,0.0,0.019
0.05,0.009,0.08613130922086462,0.02607544369208922,0.02,-0.019
0.05,0.009,-0.028743485755207653,0.028807061817482688,0.05,0.01
0.05,0.009,0.033480221528498576,-0.12768438211772898,0.02,0.0
0.05,0.009,0.09027597841712069,0.011132813012079424,0.0,0.019
0.05,0.009,0.08613130922086462,0.02607544369208922,0.02,-0.019
0.05,0.009,-0.028743485755207653,0.028807061817482688,0.05,0.01
0.05,0.009,0.033480221528498576,-0.12768438211772898,0.02,0.0
0.05,0.009,0.09027597841712069,0.011132813012079424,0.0,0.019
0.05,0.009,0.08613130922086462,0.02607544369208922,0.02,-0.019
0.05,0.009,-0.028743485755207653,0.028807061817482688,0.05,0.01
0.05,0.009,-0.29565828899080854,-0.14519591834899664,0.02,0.0
0.05,0.009,0.1792592291103704,0.030886108419953692,0.0,0.019
0.05,0.009,0.11649731789866093,0.04356038980922751,0.02,-0.019
0.05,0.009,-0.020946232376417837,0.0241492441648549,0.05,0.01
0.05,0.009,-0.29565828899080854,-0.14519591834899664,0.02,0.0
0.05,0.009,0.1792592291103704,0.030886108419953692,0.0,0.019
0.05,0.009,0.11649731789866093,0.04356038980922751,0.02,-0.019
0.05,0.009,-0.020946232376417837,0.0241492441648549,0.05,0.01
0.05,0.009,-0.29565828899080854,-0.14519591834899664,0.02,0.0
0.05,0.009,0.1792592291103704,0.030886108419953692,0.0,0.019
0.05,0.009,0.11649731789866093,0.04356038980922751,0.02,-0.019
0.05,0.009,-0.020946232376417837,0.0241492441648549,0.05,0.01
0.05,0.009,-0.29565828899080854,-0.14519591834899664,0.02,0.0
0.05,0.009,0.1792592291103704,0.030886108419953692,0.0,0.019
0.05,0.009,0.11649731789866093,0.04356038980922751,0.02,-0.019
0.05,0.009,-0.020946232376417837,0.0241492441648549,0.05,0.01
0.05,0.009,-0.29565828899080854,-0.14519591834899664,0.02,0.0
0.05,0.009,0.1792592291103704,0.030886108419953692,0.0,0.019
0.05,0.009,0.11649731789866093,0.04356038980922751,0.02,-0.019
0.05,0.009,-0.020946232376417837,0.0241492441648549,0.05,0.01
0.05,0.009,-0.29565828899080854,-0.14519591834899664,0.02,0.0
0.05,0.009,0.1792592291103704,0.030886108419953692,0.0,0.019
0.05,0.009,0.11649731789866093,0.04356038980922751,0.02,-0.019
0.05,0.009,-0.020946232376417837,0.0241492441648549,0.05,0.01
0.05,0.009,-0.29565828899080854,-0.14519591834899664,0.02,0.0
0.05,0.009,0.1792592291103704,0.030886108419953692,0.0,0.019
0.05,0.009,0.11649731789866093,0.04356038980922751,0.02,-0.019
0.05,0.009,-0.020946232376417837,0.0241492441648549,0.05,0.01
0.05,0.009,-0.29565828899080854,-0.14519591834899664,0.02,0.0
0.05,0.009,0.1792592291103704,0.030886108419953692,0.0,0.019
0.05,0.009,0.11649731789866093,0.04356038980922751,0.02,-0.019
0.05,0.009,-0.020946232376417837,0.0241492441648549,0.05,0.01
0.05,0.009,-0.29565828899080854,-0.14519591834899664,0.02,0.0
0.05,0.009,0.1792592291103704,0.030886108419953692,0.0,0.019
0.05,0.009,0.11649731789866093,0.04356038980922751,0.02,-0.019
0.05,0.009,-0.020946232376417837,0.0241492441648549,0.05,0.01
0.05,0.009,-0.29565828899080854,-0.14519591834899664,0.02,0.0
0.05,0.009,0.1792592291103704,0.030886108419953692,0.0,0.019
0.05,0.009,0.11649731789866093,0.04356038980922751,0.02,-0.019
0.05,0.009,-0.020946232376417837,0.0241492441648549,0.05,0.01
0.05,0.009,-0.29565828899080854,-0.14519591834899664,0.02,0.0
0.05,0.009,0.1792592291103704,0.030886108419953692,0.0,0.019
0.05,0.009,0.11649731789866093,0.04356038980922751,0.02,-0.019
0.05,0.009,-0.020946232376417837,0.0241492441648549,0.05,0.01
0.05,0.009,-0.29565828899080854,-0.14519591834899664,0.02,0.0
0.05,0.009,0.1792592291103704,0.030886108419953692,0.0,0.019
0.05,0.009,0.11649731789866093,0.04356038980922751,0.02,-0.019
0.05,0.009,-0.020946232376417837,0.0241492441648549,0.05,0.01
0.05,0.009,-0.29565828899080854,-0.14519591834899664,0.02,0.0
0.05,0.009,0.1792592291103704,0.030886108419953692,0.0,0.019
0.05,0.009,0.11649731789866093,0.04356038980922751,0.02,-0.019
0.05,0.009,-0.020946232376417837,0.0241492441648549,0.05,0.01
0.05,0.009,-0.29565828899080854,-0.14519591834899664,0.02,0.0
0.05,0.009,0.1792592291103704,0.030886108419953692,0.0,0.019
0.05,0.009,0.11649731789866093,0.04356038980922751,0.02,-0.019
0.05,0.009,-0.020946232376417837,0.0241492441648549,0.05,0.01
0.05,0.009,-0.29565828899080854,-0.14519591834899664,0.02,0.0
0.05,0.009,0.1792592291103704,0.030886108419953692,0.0,0.019
0.05,0.009,0.11649731789866093,0.04356038980922751,0.02,-0.019
0.05,0.009,-0.020946232376417837,0.0241492441648549,0.05,0.01
0.05,0.009,-0.29565828899080854,-0.14519591834899664,0.02,0.0
0.05,0.009,0.1792592291103704,0.030886108419953692,0.0,0.019
0.05,0.009,0.11649731789866093,0.04356038980922751,0.02,-0.019
0.05,0.009,-0.020946232376417837,0.0241492441648549,0.05,0.01
0.05,0.009,-0.29565828899080854,-0.14519591834899664,0.02,0.0
0.05,0.009,0.1792592291103704,0.030886108419953692,0.0,0.019
0.05,0.009,0.11649731789866093,0.04356038980922751,0.02,-0.019
0.05,0.009,-0.020946232376417837,0.0241492441648549,0.05,0.01
0.05,0.009,-0.29565828899080854,-0.14519591834899664,0.02,0.0
0.05,0.009,0.1792592291103704,0.030886108419953692,0.0,0.019
0.05,0.009,0.11649731789866093,0.04356038980922751,0.02,-0.019
0.05,0.009,-0.020946232376417837,0.0241492441648549,0.05,0.01
0.05,0.009,-0.29565828899080854,-0.14519591834899664,0.02,0.0
0.05,0.009,0.1792592291103704,0.030886108419953692,0.0,0.019
0.05,0.009,0.11649731789866093,0.04356038980922751,0.02,-0.019
0.05,0.009,-0.020946232376417837,0.0241492441648549,0.05,0.01
0.05,0.009,-0.29565828899080854,-0.14519591834899664,0.02,0.0
0.05,0.009,0.1792592291103704,0.030886108419953692,0.0,0.019
0.05,0.009,0.11649731789866093,0.04356038980922751,0.02,-0.019
0.05,0.009,-0.020946232376417837,0.0241492441648549,0.05,0.01
0.05,0.009,-0.29565828899080854,-0.14519591834899664,0.02,0.0
0.05,0.009,0.1792592291103704,0.030886108419953692,0.0,0.019
0.05,0.009,0.11649731789866093,0.04356038980922751,0.02,-0.019
0.05,0.009,-0.020946232376417837,0.0241492441648549,0.05,0.01
0.05,0.009,-0.29565828899080854,-0.14519591834899664,0.02,0.0
0.05,0.009,0.1792592291103704,0.030886108419953692,0.0,0.019
0.05,0.009,0.11649731789866093,0.04356038980922751,0.02,-0.019
0.05,0.009,-0.020946232376417837,0.0241492441648549,0.05,0.01
0.05,0.009,-0.29565828899080854,-0.14519591834899664,0.02,0.0
0.05,0.009,0.1792592291103704,0.030886108419953692,0.0,0.019
0.05,0.009,0.11649731789866093,0.04356038980922751,0.02,-0.019
0.05,0.009,-0.020946232376417837,0.0241492441648549,0.05,0.01
0.05,0.009,-0.29565828899080854,-0.14519591834899664,0.02,0.0
0.05,0.009,0.1792592291103704,0.030886108419953692,0.0,0.019
0.05,0.009,0.11649731789866093,0.04356038980922751,0.02,-0.019
0.05,0.009,-0.020946232376417837,0.0241492441648549,0.05,0.01
0.05,0.009,-0.29565828899080854,-0.14519591834899664,0.02,0.0
0.05,0.009,0.1792592291103704,0.030886108419953692,0.0,0.019
0.05,0.009,0.11649731789866093,0.04356038980922751,0.02,-0.019
0.05,0.009,-0.020946232376417837,0.0241492441648549,0.05,0.01
0.05,0.009,-0.29565828899080854,-0.14519591834899664,0.02,0.0
0.05,0.009,0.1792592291103704,0.030886108419953692,0.0,0.019
0.05,0.009,0.11649731789866093,0.04356038980922751,0.02,-0.019
0.05,0.009,-0.020946232376417837,0.0241492441648549,0.05,0.01
0.05,0.009,-0.3127407850450573,-0.16528266371165123,0.02,0.0
0.05,0.009,0.24339746364468476,0.058813103416284554,0.0,0.019
0.05,0.009,0.051732062237571014,0.14386884206815326,0.02,-0.019
0.05,0.009,-0.051893773716034174,0.021434960735147918,0.05,0.01
0.05,0.009,-0.3127407850450573,-0.16528266371165123,0.02,0.0
0.05,0.009,0.24339746364468476,0.058813103416284554,0.0,0.019
0.05,0.009,0.051732062237571014,0.14386884206815326,0.02,-0.019
0.05,0.009,-0.051893773716034174,0.021434960735147918,0.05,0.01
0.05,0.009,-0.3127407850450573,-0.16528266371165123,0.02,0.0
0.05,0.009,0.24339746364468476,0.058813103416284554,0.0,0.019
0.05,0.009,0.051732062237571014,0.14386884206815326,0.02,-0.019
0.05,0.009,-0.051893773716034174,0.021434960735147918,0.05,0.01
0.05,0.009,-0.3127407850450573,-0.16528266371165123,0.02,0.0
0.05,0.009,0.24339746364468476,0.058813103416284554,0.0,0.019
0.05,0.009,0.051732062237571014,0.14386884206815326,0.02,-0.019
0.05,0.009,-0.051893773716034174,0.021434960735147918,0.05,0.01
0.05,0.009,-0.3127407850450573,-0.16528266371165123,0.02,0.0
0.05,0.009,0.24339746364468476,0.058813103416284554,0.0,0.019
0.05,0.009,0.051732062237571014,0.14386884206815326,0.02,-0.019
0.05,0.009,-0.051893773716034174,0.021434960735147918,0.05,0.01
0.05,0.009,-0.3127407850450573,-0.16528266371165123,0.02,0.0
0.05,0.009,0.24339746364468476,0.058813103416284554,0.0,0.019
0.05,0.009,0.051732062237571014,0.14386884206815326,0.02,-0.019
0.05,0.009,-0.051893773716034174,0.021434960735147918,0.05,0.01
0.05,0.009,-0.3127407850450573,-0.16528266371165123,0.02,0.0
0.05,0.009,0.24339746364468476,0.058813103416284554,0.0,0.019
0.05,0.009,0.051732062237571014,0.14386884206815326,0.02,-0.019
0.05,0.009,-0.051893773716034174,0.021434960735147918,0.05,0.01
0.05,0.009,-0.3127407850450573,-0.16528266371165123,0.02,0.0
0.05,0.009,0.24339746364468476,0.058813103416284554,0.0,0.019
0.05,0.009,0.051732062237571014,0.14386884206815326,0.02,-0.019
0.05,0.009,-0.051893773716034174,0.021434960735147918,0.05,0.01
0.05,0.009,-0.3127407850450573,-0.16528266371165123,0.02,0.0
0.05,0.009,0.24339746364468476,0.058813103416284554,0.0,0.019
0.05,0.009,0.051732062237571014,0.14386884206815326,0.02,-0.019
0.05,0.009,-0.051893773716034174,0.021434960735147918,0.05,0.01
0.05,0.009,-0.3127407850450573,-0.16528266371165123,0.02,0.0
0.05,0.009,0.24339746364468476,0.058813103416284554,0.0,0.019
0.05,0.009,0.051732062237571014,0.14386884206815326,0.02,-0.019
0.05,0.009,-0.051893773716034174,0.021434960735147918,0.05,0.01
0.05,0.009,-0.3127407850450573,-0.16528266371165123,0.02,0.0
0.05,0.009,0.24339746364468476,0.058813103416284554,0.0,0.019
0.05,0.009,0.051732062237571014,0.14386884206815326,0.02,-0.019
0.05,0.009,-0.051893773716034174,0.021434960735147918,0.05,0.01
0.05,0.009,-0.3127407850450573,-0.16528266371165123,0.02,0.0
0.05,0.009,0.24339746364468476,0.058813103416284554,0.0,0.019
0.05,0.009,0.051732062237571014,0.14386884206815326,0.02,-0.019
0.05,0.009,-0.051893773716034174,0.021434960735147918,0.05,0.01
0.05,0.009,-0.3127407850450573,-0.16528266371165123,0.02,0.0
0.05,0.009,0.24339746364468476,0.058813103416284554,0.0,0.019
0.05,0.009,0.051732062237571014,0.14386884206815326,0.02,-0.019
0.05,0.009,-0.051893773716034174,0.021434960735147918,0.05,0.01
0.05,0.009,-0.3127407850450573,-0.16528266371165123,0.02,0.0
0.05,0.009,0.24339746364468476,0.058813103416284554,0.0,0.019
0.05,0.009,0.051732062237571014,0.14386884206815326,0.02,-0.019
0.05,0.009,-0.051893773716034174,0.021434960735147918,0.05,0.01
0.05,0.009,-0.3127407850450573,-0.16528266371165123,0.02,0.0
0.05,0.009,0.24339746364468476,0.058813103416284554,0.0,0.019
0.05,0.009,0.051732062237571014,0.14386884206815326,0.02,-0.019
0.05,0.009,-0.051893773716034174,0.021434960735147918,0.05,0.01
0.05,0.009,-0.3127407850450573,-0.16528266371165123,0.02,0.0
0.05,0.009,0.24339746364468476,0.058813103416284554,0.0,0.019
0.05,0.009,0.051732062237571014,0.14386884206815326,0.02,-0.019
0.05,0.009,-0.051893773716034174,0.021434960735147918,0.05,0.01
0.05,0.009,-0.3127407850450573,-0.16528266371165123,0.02,0.0
0.05,0.009,0.24339746364468476,0.058813103416284554,0.0,0.019
0.05,0.009,0.051732062237571014,0.14386884206815326,0.02,-0.019
0.05,0.009,-0.051893773716034174,0.021434960735147918,0.05,0.01
0.05,0.009,-0.3127407850450573,-0.16528266371165123,0.02,0.0
0.05,0.009,0.24339746364468476,0.058813103416284554,0.0,0.019
0.05,0.009,0.051732062237571014,0.14386884206815326,0.02,-0.019
0.05,0.009,-0.051893773716034174,0.021434960735147918,0.05,0.01
0.05,0.009,-0.3127407850450573,-0.16528266371165123,0.02,0.0
0.05,0.009,0.24339746364468476,0.058813103416284554,0.0,0.019
0.05,0.009,0.051732062237571014,0.14386884206815326,0.02,-0.019
0.05,0.009,-0.051893773716034174,0.021434960735147918,0.05,0.01
0.05,0.009,-0.3127407850450573,-0.16528266371165123,0.02,0.0
0.05,0.009,0.24339746364468476,0.058813103416284554,0.0,0.019
0.05,0.009,0.051732062237571014,0.14386884206815326,0.02,-0.019
0.05,0.009,-0.051893773716034174,0.021434960735147918,0.05,0.01
0.05,0.0009,-0.0003130478490656,0.001766816728800611,0.02,0.0
0.05,0.0009,0.003295392946084552,0.012245066095343853,0.0,0.019
0.05,0.0009,0.06519170192647668,0.0314857463687297,0.02,-0.019
0.05,0.0009,0.0008510301370273655,-0.0007999166071268043,0.05,0.01
0.05,0.0009,-0.0003130478490656,0.001766816728800611,0.02,0.0
0.05,0.0009,0.003295392946084552,0.012245066095343853,0.0,0.019
0.05,0.0009,0.06519170192647668,0.0314857463687297,0.02,-0.019
0.05,0.0009,0.0008510301370273655,-0.0007999166071268043,0.05,0.01
0.05,0.0009,-0.0003130478490656,0.001766816728800611,0.02,0.0
0.05,0.0009,0.003295392946084552,0.012245066095343853,0.0,0.019
0.05,0.0009,0.06519170192647668,0.0314857463687297,0.02,-0.019
0.05,0.0009,0.0008510301370273655,-0.0007999166071268043,0.05,0.01
0.05,0.0009,-0.0003130478490656,0.001766816728800611,0.02,0.0
0.05,0.0009,0.003295392946084552,0.012245066095343853,0.0,0.019
0.05,0.0009,0.06519170192647668,0.0314857463687297,0.02,-0.019
0.05,0.0009,0.0008510301370273655,-0.0007999166071268043,0.05,0.01
0.05,0.0009,-0.0003130478490656,0.001766816728800611,0.02,0.0
0.05,0.0009,0.003295392946084552,0.012245066095343853,0.0,0.019
0.05,0.0009,0.06519170192647668,0.0314857463687297,0.02,-0.019
0.05,0.0009,0.0008510301370273655,-0.0007999166071268043,0.05,0.01
0.05,0.0009,-0.0003130478490656,0.001766816728800611,0.02,0.0
0.05,0.0009,0.003295392946084552,0.012245066095343853,0.0,0.019
0.05,0.0009,0.06519170192647668,0.0314857463687297,0.02,-0.019
0.05,0.0009,0.0008510301370273655,-0.0007999166071268043,0.05,0.01
0.05,0.0009,-0.0003130478490656,0.001766816728800611,0.02,0.0
0.05,0.0009,0.003295392946084552,0.012245066095343853,0.0,0.019
0.05,0.0009,0.06519170192647668,0.0314857463687297,0.02,-0.019
0.05,0.0009,0.0008510301370273655,-0.0007999166071268043,0.05,0.01
0.05,0.0009,-0.0003130478490656,0.001766816728800611,0.02,0.0
0.05,0.0009,0.003295392946084552,0.012245066095343853,0.0,0.019
0.05,0.0009,0.06519170192647668,0.0314857463687297,0.02,-0.019
0.05,0.0009,0.0008510301370273655,-0.0007999166071268043,0.05,0.01
0.05,0.0009,-0.0003130478490656,0.001766816728800611,0.02,0.0
0.05,0.0009,0.003295392946084552,0.012245066095343853,0.0,0.019
0.05,0.0009,0.06519170192647668,0.0314857463687297,0.02,-0.019
0.05,0.0009,0.0008510301370273655,-0.0007999166071268043,0.05,0.01
0.05,0.0009,-0.0003130478490656,0.001766816728800611,0.02,0.0
0.05,0.0009,0.003295392946084552,0.012245066095343853,0.0,0.019
0.05,0.0009,0.06519170192647668,0.0314857463687297,0.02,-0.019
0.05,0.0009,0.0008510301370273655,-0.0007999166071268043,0.05,0.01
0.05,0.0009,-0.0003130478490656,0.001766816728800611,0.02,0.0
0.05,0.0009,0.003295392946084552,0.012245066095343853,0.0,0.019
0.05,0.0009,0.06519170192647668,0.0314857463687297,0.02,-0.019
0.05,0.0009,0.0008510301370273655,-0.0007999166071268043,0.05,0.01
0.05,0.0009,-0.0003130478490656,0.001766816728800611,0.02,0.0
0.05,0.0009,0.003295392946084552,0.012245066095343853,0.0,0.019
0.05,0.0009,0.06519170192647668,0.0314857463687297,0.02,-0.019
0.05,0.0009,0.0008510301370273655,-0.0007999166071268043,0.05,0.01
0.05,0.0009,-0.0003130478490656,0.001766816728800611,0.02,0.0
0.05,0.0009,0.003295392946084552,0.012245066095343853,0.0,0.019
0.05,0.0009,0.06519170192647668,0.0314857463687297,0.02,-0.019
0.05,0.0009,0.0008510301370273655,-0.0007999166071268043,0.05,0.01
0.05,0.0009,-0.0003130478490656,0.001766816728800611,0.02,0.0
0.05,0.0009,0.003295392946084552,0.012245066095343853,0.0,0.019
0.05,0.0009,0.06519170192647668,0.0314857463687297,0.02,-0.019
0.05,0.0009,0.0008510301370273655,-0.0007999166071268043,0.05,0.01
0.05,0.0009,-0.0003130478490656,0.001766816728800611,0.02,0.0
0.05,0.0009,0.003295392946084552,0.012245066095343853,0.0,0.019
0.05,0.0009,0.06519170192647668,0.0314857463687297,0.02,-0.019
0.05,0.0009,0.0008510301370273655,-0.0007999166071268043,0.05,0.01
0.05,0.0009,-0.0003130478490656,0.001766816728800611,0.02,0.0
0.05,0.0009,0.003295392946084552,0.012245066095343853,0.0,0.019
0.05,0.0009,0.06519170192647668,0.0314857463687297,0.02,-0.019
0.05,0.0009,0.0008510301370273655,-0.0007999166071268043,0.05,0.01
0.05,0.0009,-0.0003130478490656,0.001766816728800611,0.02,0.0
0.05,0.0009,0.003295392946084552,0.012245066095343853,0.0,0.019
0.05,0.0009,0.06519170192647668,0.0314857463687297,0.02,-0.019
0.05,0.0009,0.0008510301370273655,-0.0007999166071268043,0.05,0.01
0.05,0.0009,-0.0003130478490656,0.001766816728800611,0.02,0.0
0.05,0.0009,0.003295392946084552,0.012245066095343853,0.0,0.019
0.05,0.0009,0.06519170192647668,0.0314857463687297,0.02,-0.019
0.05,0.0009,0.0008510301370273655,-0.0007999166071268043,0.05,0.01
0.05,0.0009,-0.0003130478490656,0.001766816728800611,0.02,0.0
0.05,0.0009,0.003295392946084552,0.012245066095343853,0.0,0.019
0.05,0.0009,0.06519170192647668,0.0314857463687297,0.02,-0.019
0.05,0.0009,0.0008510301370273655,-0.0007999166071268043,0.05,0.01
0.05,0.0009,-0.0003130478490656,0.001766816728800611,0.02,0.0
0.05,0.0009,0.003295392946084552,0.012245066095343853,0.0,0.019
0.05,0.0009,0.06519170192647668,0.0314857463687297,0.02,-0.019
0.05,0.0009,0.0008510301370273655,-0.0007999166071268043,0.05,0.01
0.05,0.0009,-0.0003130478490656,0.001766816728800611,0.02,0.0
0.05,0.0009,0.003295392946084552,0.012245066095343853,0.0,0.019
0.05,0.0009,0.06519170192647668,0.0314857463687297,0.02,-0.019
0.05,0.0009,0.0008510301370273655,-0.0007999166071268043,0.05,0.01
0.05,0.0009,-0.0003130478490656,0.001766816728800611,0.02,0.0
0.05,0.0009,0.003295392946084552,0.012245066095343853,0.0,0.019
0.05,0.0009,0.06519170192647668,0.0314857463687297,0.02,-0.019
0.05,0.0009,0.0008510301370273655,-0.0007999166071268043,0.05,0.01
0.05,0.0009,-0.0003130478490656,0.001766816728800611,0.02,0.0
0.05,0.0009,0.003295392946084552,0.012245066095343853,0.0,0.019
0.05,0.0009,0.06519170192647668,0.0314857463687297,0.02,-0.019
0.05,0.0009,0.0008510301370273655,-0.0007999166071268043,0.05,0.01
0.05,0.0009,-0.0003130478490656,0.001766816728800611,0.02,0.0
0.05,0.0009,0.003295392946084552,0.012245066095343853,0.0,0.019
0.05,0.0009,0.06519170192647668,0.0314857463687297,0.02,-0.019
0.05,0.0009,0.0008510301370273655,-0.0007999166071268043,0.05,0.01
0.05,0.0009,-0.0003130478490656,0.001766816728800611,0.02,0.0
0.05,0.0009,0.003295392946084552,0.012245066095343853,0.0,0.019
0.05,0.0009,0.06519170192647668,0.0314857463687297,0.02,-0.019
0.05,0.0009,0.0008510301370273655,-0.0007999166071268043,0.05,0.01
0.05,0.0009,-0.0003130478490656,0.001766816728800611,0.02,0.0
0.05,0.0009,0.003295392946084552,0.012245066095343853,0.0,0.019
0.05,0.0009,0.06519170192647668,0.0314857463687297,0.02,-0.019
0.05,0.0009,0.0008510301370273655,-0.0007999166071268043,0.05,0.01
0.05,0.0009,0.0064027886809526705,-0.022132093118841678,0.02,0.0
0.05,0.0009,0.011391321190061145,0.04919816480572607,0.0,0.019
0.05,0.0009,0.06916982245416502,-0.0037605587083317793,0.02,-0.019
0.05,0.0009,0.009448232859919218,0.0014952182991884464,0.05,0.01
0.05,0.0009,0.0064027886809526705,-0.022132093118841678,0.02,0.0
0.05,0.0009,0.011391321190061145,0.04919816480572607,0.0,0.019
0.05,0.0009,0.06916982245416502,-0.0037605587083317793,0.02,-0.019
0.05,0.0009,0.009448232859919218,0.0014952182991884464,0.05,0.01
0.05,0.0009,0.0064027886809526705,-0.022132093118841678,0.02,0.0
0.05,0.0009,0.011391321190061145,0.04919816480572607,0.0,0.019
0.05,0.0009,0.06916982245416502,-0.0037605587083317793,0.02,-0.019
0.05,0.0009,0.009448232859919218,0.0014952182991884464,0.05,0.01
0.05,0.0009,0.0064027886809526705,-0.022132093118841678,0.02,0.0
0.05,0.0009,0.011391321190061145,0.04919816480572607,0.0,0.019
0.05,0.0009,0.06916982245416502,-0.0037605587083317793,0.02,-0.019
0.05,0.0009,0.009448232859919218,0.0014952182991884464,0.05,0.01
0.05,0.0009,0.0064027886809526705,-0.022132093118841678,0.02,0.0
0.05,0.0009,0.011391321190061145,0.04919816480572607,0.0,0.019
0.05,0.0009,0.06916982245416502,-0.0037605587083317793,0.02,-0.019
0.05,0.0009,0.009448232859919218,0.0014952182991884464,0.05,0.01
0.05,0.0009,0.0064027886809526705,-0.022132093118841678,0.02,0.0
0.05,0.0009,0.011391321190061145,0.04919816480572607,0.0,0.019
0.05,0.0009,0.06916982245416502,-0.0037605587083317793,0.02,-0.019
0.05,0.0009,0.009448232859919218,0.0014952182991884464,0.05,0.01
0.05,0.0009,0.0064027886809526705,-0.022132093118841678,0.02,0.0
0.05,0.0009,0.011391321190061145,0.04919816480572607,0.0,0.019
0.05,0.0009,0.06916982245416502,-0.0037605587083317793,0.02,-0.019
0.05,0.0009,0.009448232859919218,0.0014952182991884464,0.05,0.01
0.05,0.0009,0.0064027886809526705,-0.022132093118841678,0.02,0.0
0.05,0.0009,0.011391321190061145,0.04919816480572607,0.0,0.019
0.05,0.0009,0.06916982245416502,-0.0037605587083317793,0.02,-0.019
0.05,0.0009,0.009448232859919218,0.0014952182991884464,0.05,0.01
0.05,0.0009,0.0064027886809526705,-0.022132093118841678,0.02,0.0
0.05,0.0009,0.011391321190061145,0.04919816480572607,0.0,0.019
0.05,0.0009,0.06916982245416502,-0.0037605587083317793,0.02,-0.019
0.05,0.0009,0.009448232859919218,0.0014952182991884464,0.05,0.01
0.05,0.0009,0.0064027886809526705,-0.022132093118841678,0.02,0.0
0.05,0.0009,0.011391321190061145,0.04919816480572607,0.0,0.019
0.05,0.0009,0.06916982245416502,-0.0037605587083317793,0.02,-0.019
0.05,0.0009,0.009448232859919218,0.0014952182991884464,0.05,0.01
0.05,0.0009,0.0064027886809526705,-0.022132093118841678,0.02,0.0
0.05,0.0009,0.011391321190061145,0.04919816480572607,0.0,0.019
0.05,0.0009,0.06916982245416502,-0.0037605587083317793,0.02,-0.019
0.05,0.0009,0.009448232859919218,0.0014952182991884464,0.05,0.01
0.05,0.0009,0.0064027886809526705,-0.022132093118841678,0.02,0.0
0.05,0.0009,0.011391321190061145,0.04919816480572607,0.0,0.019
0.05,0.0009,0.06916982245416502,-0.0037605587083317793,0.02,-0.019
0.05,0.0009,0.009448232859919218,0.0014952182991884464,0.05,0.01
0.05,0.0009,0.0064027886809526705,-0.022132093118841678,0.02,0.0
0.05,0.0009,0.011391321190061145,0.04919816480572607,0.0,0.019
0.05,0.0009,0.06916982245416502,-0.0037605587083317793,0.02,-0.019
0.05,0.0009,0.009448232859919218,0.0014952182991884464,0.05,0.01
0.05,0.0009,0.0064027886809526705,-0.022132093118841678,0.02,0.0
0.05,0.0009,0.011391321190061145,0.04919816480572607,0.0,0.019
0.05,0.0009,0.06916982245416502,-0.0037605587083317793,0.02,-0.019
0.05,0.0009,0.009448232859919218,0.0014952182991884464,0.05,0.01
0.05,0.0009,0.0064027886809526705,-0.022132093118841678,0.02,0.0
0.05,0.0009,0.011391321190061145,0.04919816480572607,0.0,0.019
0.05,0.0009,0.06916982245416502,-0.0037605587083317793,0.02,-0.019
0.05,0.0009,0.009448232859919218,0.0014952182991884464,0.05,0.01
0.05,0.0009,0.0064027886809526705,-0.022132093118841678,0.02,0.0
0.05,0.0009,0.011391321190061145,0.04919816480572607,0.0,0.019
0.05,0.0009,0.06916982245416502,-0.0037605587083317793,0.02,-0.019
0.05,0.0009,0.009448232859919218,0.0014952182991884464,0.05,0.01
0.05,0.0009,0.0064027886809526705,-0.022132093118841678,0.02,0.0
0.05,0.0009,0.011391321190061145,0.04919816480572607,0.0,0.019
0.05,0.0009,0.06916982245416502,-0.0037605587083317793,0.02,-0.019
0.05,0.0009,0.009448232859919218,0.0014952182991884464,0.05,0.01
0.05,0.0009,0.0064027886809526705,-0.022132093118841678,0.02,0.0
0.05,0.0009,0.011391321190061145,0.04919816480572607,0.0,0.019
0.05,0.0009,0.06916982245416502,-0.0037605587083317793,0.02,-0.019
0.05,0.0009,0.009448232859919218,0.0014952182991884464,0.05,0.01
0.05,0.0009,0.0064027886809526705,-0.022132093118841678,0.02,0.0
0.05,0.0009,0.011391321190061145,0.04919816480572607,0.0,0.019
0.05,0.0009,0.06916982245416502,-0.0037605587083317793,0.02,-0.019
0.05,0.0009,0.009448232859919218,0.0014952182991884464,0.05,0.01
0.05,0.0009,0.0064027886809526705,-0.022132093118841678,0.02,0.0
0.05,0.0009,0.011391321190061145,0.04919816480572607,0.0,0.019
0.05,0.0009,0.06916982245416502,-0.0037605587083317793,0.02,-0.019
0.05,0.0009,0.009448232859919218,0.0014952182991884464,0.05,0.01
0.05,0.0009,0.0064027886809526705,-0.022132093118841678,0.02,0.0
0.05,0.0009,0.011391321190061145,0.04919816480572607,0.0,0.019
0.05,0.0009,0.06916982245416502,-0.0037605587083317793,0.02,-0.019
0.05,0.0009,0.009448232859919218,0.0014952182991884464,0.05,0.01
0.05,0.0009,0.0064027886809526705,-0.022132093118841678,0.02,0.0
0.05,0.0009,0.011391321190061145,0.04919816480572607,0.0,0.019
0.05,0.0009,0.06916982245416502,-0.0037605587083317793,0.02,-0.019
0.05,0.0009,0.009448232859919218,0.0014952182991884464,0.05,0.01
0.05,0.0009,0.0064027886809526705,-0.022132093118841678,0.02,0.0
0.05,0.0009,0.011391321190061145,0.04919816480572607,0.0,0.019
0.05,0.0009,0.06916982245416502,-0.0037605587083317793,0.02,-0.019
0.05,0.0009,0.009448232859919218,0.0014952182991884464,0.05,0.01
0.05,0.0009,0.0064027886809526705,-0.022132093118841678,0.02,0.0
0.05,0.0009,0.011391321190061145,0.04919816480572607,0.0,0.019
0.05,0.0009,0.06916982245416502,-0.0037605587083317793,0.02,-0.019
0.05,0.0009,0.009448232859919218,0.0014952182991884464,0.05,0.01
0.05,0.0009,0.0064027886809526705,-0.022132093118841678,0.02,0.0
0.05,0.0009,0.011391321190061145,0.04919816480572607,0.0,0.019
0.05,0.0009,0.06916982245416502,-0.0037605587083317793,0.02,-0.019
0.05,0.0009,0.009448232859919218,0.0014952182991884464,0.05,0.01
0.05,0.0009,0.0064027886809526705,-0.022132093118841678,0.02,0.0
0.05,0.0009,0.011391321190061145,0.04919816480572607,0.0,0.019
0.05,0.0009,0.06916982245416502,-0.0037605587083317793,0.02,-0.019
0.05,0.0009,0.009448232859919218,0.0014952182991884464,0.05,0.01
0.05,0.0009,-0.08013498223749684,0.05788398064853382,0.02,0.0
0.05,0.0009,0.031615525827692684,-0.05530185551655613,0.0,0.019
0.05,0.0009,0.04313293552453053,-0.04443112407896934,0.02,-0.019
0.05,0.0009,0.007448832553120845,0.01383893813622989,0.05,0.01
0.05,0.0009,-0.08013498223749684,0.05788398064853382,0.02,0.0
0.05,0.0009,0.031615525827692684,-0.05530185551655613,0.0,0.019
0.05,0.0009,0.04313293552453053,-0.04443112407896934,0.02,-0.019
0.05,0.0009,0.007448832553120845,0.01383893813622989,0.05,0.01
0.05,0.0009,-0.08013498223749684,0.05788398064853382,0.02,0.0
0.05,0.0009,0.031615525827692684,-0.05530185551655613,0.0,0.019
0.05,0.0009,0.04313293552453053,-0.04443112407896934,0.02,-0.019
0.05,0.0009,0.007448832553120845,0.01383893813622989,0.05,0.01
0.05,0.0009,-0.08013498223749684,0.05788398064853382,0.02,0.0
0.05,0.0009,0.031615525827692684,-0.05530185551655613,0.0,0.019
0.05,0.0009,0.04313293552453053,-0.04443112407896934,0.02,-0.019
0.05,0.0009,0.007448832553120845,0.01383893813622989,0.05,0.01
0.05,0.0009,-0.08013498223749684,0.05788398064853382,0.02,0.0
0.05,0.0009,0.031615525827692684,-0.05530185551655613,0.0,0.019
0.05,0.0009,0.04313293552453053,-0.04443112407896934,0.02,-0.019
0.05,0.0009,0.007448832553120845,0.01383893813622989,0.05,0.01
0.05,0.0009,-0.08013498223749684,0.05788398064853382,0.02,0.0
0.05,0.0009,0.031615525827692684,-0.05530185551655613,0.0,0.019
0.05,0.0009,0.04313293552453053,-0.04443112407896934,0.02,-0.019
0.05,0.0009,0.007448832553120845,0.01383893813622989,0.05,0.01
0.05,0.0009,-0.08013498223749684,0.05788398064853382,0.02,0.0
0.05,0.0009,0.031615525827692684,-0.05530185551655613,0.0,0.019
0.05,0.0009,0.04313293552453053,-0.04443112407896934,0.02,-0.019
0.05,0.0009,0.007448832553120845,0.01383893813622989,0.05,0.01
0.05,0.0009,-0.08013498223749684,0.05788398064853382,0.02,0.0
0.05,0.0009,0.031615525827692684,-0.05530185551655613,0.0,0.019
0.05,0.0009,0.04313293552453053,-0.04443112407896934,0.02,-0.019
0.05,0.0009,0.007448832553120845,0.01383893813622989,0.05,0.01
0.05,0.0009,-0.08013498223749684,0.05788398064853382,0.02,0.0
0.05,0.0009,0.031615525827692684,-0.05530185551655613,0.0,0.019
0.05,0.0009,0.04313293552453053,-0.04443112407896934,0.02,-0.019
0.05,0.0009,0.007448832553120845,0.01383893813622989,0.05,0.01
0.05,0.0009,-0.08013498223749684,0.05788398064853382,0.02,0.0
0.05,0.0009,0.031615525827692684,-0.05530185551655613,0.0,0.019
0.05,0.0009,0.04313293552453053,-0.04443112407896934,0.02,-0.019
0.05,0.0009,0.007448832553120845,0.01383893813622989,0.05,0.01
0.05,0.0009,-0.08013498223749684,0.05788398064853382,0.02,0.0
0.05,0.0009,0.031615525827692684,-0.05530185551655613,0.0,0.019
0.05,0.0009,0.04313293552453053,-0.04443112407896934,0.02,-0.019
0.05,0.0009,0.007448832553120845,0.01383893813622989,0.05,0.01
0.05,0.0009,-0.08013498223749684,0.05788398064853382,0.02,0.0
0.05,0.0009,0.031615525827692684,-0.05530185551655613,0.0,0.019
0.05,0.0009,0.04313293552453053,-0.04443112407896934,0.02,-0.019
0.05,0.0009,0.007448832553120845,0.01383893813622989,0.05,0.01
0.05,0.0009,-0.08013498223749684,0.05788398064853382,0.02,0.0
0.05,0.0009,0.031615525827692684,-0.05530185551655613,0.0,0.019
0.05,0.0009,0.04313293552453053,-0.04443112407896934,0.02,-0.019
0.05,0.0009,0.007448832553120845,0.01383893813622989,0.05,0.01
0.05,0.0009,-0.08013498223749684,0.05788398064853382,0.02,0.0
0.05,0.0009,0.031615525827692684,-0.05530185551655613,0.0,0.019
0.05,0.0009,0.04313293552453053,-0.04443112407896934,0.02,-0.019
0.05,0.0009,0.007448832553120845,0.01383893813622989,0.05,0.01
0.05,0.0009,-0.08013498223749684,0.05788398064853382,0.02,0.0
0.05,0.0009,0.031615525827692684,-0.05530185551655613,0.0,0.019
0.05,0.0009,0.04313293552453053,-0.04443112407896934,0.02,-0.019
0.05,0.0009,0.007448832553120845,0.01383893813622989,0.05,0.01
0.05,0.0009,-0.08013498223749684,0.05788398064853382,0.02,0.0
0.05,0.0009,0.031615525827692684,-0.05530185551655613,0.0,0.019
0.05,0.0009,0.04313293552453053,-0.04443112407896934,0.02,-0.019
0.05,0.0009,0.007448832553120845,0.01383893813622989,0.05,0.01
0.05,0.0009,-0.08013498223749684,0.05788398064853382,0.02,0.0
0.05,0.0009,0.031615525827692684,-0.05530185551655613,0.0,0.019
0.05,0.0009,0.04313293552453053,-0.04443112407896934,0.02,-0.019
0.05,0.0009,0.007448832553120845,0.01383893813622989,0.05,0.01
0.05,0.0009,-0.08013498223749684,0.05788398064853382,0.02,0.0
0.05,0.0009,0.031615525827692684,-0.05530185551655613,0.0,0.019
0.05,0.0009,0.04313293552453053,-0.04443112407896934,0.02,-0.019
0.05,0.0009,0.007448832553120845,0.01383893813622989,0.05,0.01
0.05,0.0009,-0.08013498223749684,0.05788398064853382,0.02,0.0
0.05,0.0009,0.031615525827692684,-0.05530185551655613,0.0,0.019
0.05,0.0009,0.04313293552453053,-0.04443112407896934,0.02,-0.019
0.05,0.0009,0.007448832553120845,0.01383893813622989,0.05,0.01
0.05,0.0009,-0.08013498223749684,0.05788398064853382,0.02,0.0
0.05,0.0009,0.031615525827692684,-0.05530185551655613,0.0,0.019
0.05,0.0009,0.04313293552453053,-0.04443112407896934,0.02,-0.019
0.05,0.0009,0.007448832553120845,0.01383893813622989,0.05,0.01
0.05,0.0009,-0.08013498223749684,0.05788398064853382,0.02,0.0
0.05,0.0009,0.031615525827692684,-0.05530185551655613,0.0,0.019
0.05,0.0009,0.04313293552453053,-0.04443112407896934,0.02,-0.019
0.05,0.0009,0.007448832553120845,0.01383893813622989,0.05,0.01
0.05,0.0009,-0.08013498223749684,0.05788398064853382,0.02,0.0
0.05,0.0009,0.031615525827692684,-0.05530185551655613,0.0,0.019
0.05,0.0009,0.04313293552453053,-0.04443112407896934,0.02,-0.019
0.05,0.0009,0.007448832553120845,0.01383893813622989,0.05,0.01
0.05,0.0009,-0.08013498223749684,0.05788398064853382,0.02,0.0
0.05,0.0009,0.031615525827692684,-0.05530185551655613,0.0,0.019
0.05,0.0009,0.04313293552453053,-0.04443112407896934,0.02,-0.019
0.05,0.0009,0.007448832553120845,0.01383893813622989,0.05,0.01
0.05,0.0009,-0.08013498223749684,0.05788398064853382,0.02,0.0
0.05,0.0009,0.031615525827692684,-0.05530185551655613,0.0,0.019
0.05,0.0009,0.04313293552453053,-0.04443112407896934,0.02,-0.019
0.05,0.0009,0.007448832553120845,0.01383893813622989,0.05,0.01
0.05,0.0009,-0.08013498223749684,0.05788398064853382,0.02,0.0
0.05,0.0009,0.031615525827692684,-0.05530185551655613,0.0,0.019
0.05,0.0009,0.04313293552453053,-0.04443112407896934,0.02,-0.019
0.05,0.0009,0.007448832553120845,0.01383893813622989,0.05,0.01
0.05,0.0009,-0.08013498223749684,0.05788398064853382,0.02,0.0
0.05,0.0009,0.031615525827692684,-0.05530185551655613,0.0,0.019
0.05,0.0009,0.04313293552453053,-0.04443112407896934,0.02,-0.019
0.05,0.0009,0.007448832553120845,0.01383893813622989,0.05,0.01
0.05,0.0009,-0.03074563238439365,-0.00042855260470921235,0.02,0.0
0.05,0.0009,0.0270911775140883,0.05162735826927273,0.0,0.019
0.05,0.0009,0.02620248099902177,-0.04125922632039051,0.02,-0.019
0.05,0.0009,-0.0068300790481370995,0.016646729873317057,0.05,0.01
0.05,0.0009,-0.03074563238439365,-0.00042855260470921235,0.02,0.0
0.05,0.0009,0.0270911775140883,0.05162735826927273,0.0,0.019
0.05,0.0009,0.02620248099902177,-0.04125922632039051,0.02,-0.019
0.05,0.0009,-0.0068300790481370995,0.016646729873317057,0.05,0.01
0.05,0.0009,-0.03074563238439365,-0.00042855260470921235,0.02,0.0
0.05,0.0009,0.0270911775140883,0.05162735826927273,0.0,0.019
0.05,0.0009,0.02620248099902177,-0.04125922632039051,0.02,-0.019
0.05,0.0009,-0.0068300790481370995,0.016646729873317057,0.05,0.01
0.05,0.0009,-0.03074563238439365,-0.00042855260470921235,0.02,0.0
0.05,0.0009,0.0270911775140883,0.05162735826927273,0.0,0.019
0.05,0.0009,0.02620248099902177,-0.04125922632039051,0.02,-0.019
0.05,0.0009,-0.0068300790481370995,0.016646729873317057,0.05,0.01
0.05,0.0009,-0.03074563238439365,-0.00042855260470921235,0.02,0.0
0.05,0.0009,0.0270911775140883,0.05162735826927273,0.0,0.019
0.05,0.0009,0.02620248099902177,-0.04125922632039051,0.02,-0.019
0.05,0.0009,-0.0068300790481370995,0.016646729873317057,0.05,0.01
0.05,0.0009,-0.03074563238439365,-0.00042855260470921235,0.02,0.0
0.05,0.0009,0.0270911775140883,0.05162735826927273,0.0,0.019
0.05,0.0009,0.02620248099902177,-0.04125922632039051,0.02,-0.019
0.05,0.0009,-0.0068300790481370995,0.016646729873317057,0.05,0.01
0.05,0.0009,-0.03074563238439365,-0.00042855260470921235,0.02,0.0
0.05,0.0009,0.0270911775140883,0.05162735826927273,0.0,0.019
0.05,0.0009,0.02620248099902177,-0.04125922632039051,0.02,-0.019
0.05,0.0009,-0.0068300790481370995,0.016646729873317057,0.05,0.01
0.05,0.0009,-0.03074563238439365,-0.00042855260470921235,0.02,0.0
0.05,0.0009,0.0270911775140883,0.05162735826927273,0.0,0.019
0.05,0.0009,0.02620248099902177,-0.04125922632039051,0.02,-0.019
0.05,0.0009,-0.0068300790481370995,0.016646729873317057,0.05,0.01
0.05,0.0009,-0.03074563238439365,-0.00042855260470921235,0.02,0.0
0.05,0.0009,0.0270911775140883,0.05162735826927273,0.0,0.019
0.05,0.0009,0.02620248099902177,-0.04125922632039051,0.02,-0.019
0.05,0.0009,-0.0068300790481370995,0.016646729873317057,0.05,0.01
0.05,0.0009,-0.03074563238439365,-0.00042855260470921235,0.02,0.0
0.05,0.0009,0.0270911775140883,0.05162735826927273,0.0,0.019
0.05,0.0009,0.02620248099902177,-0.04125922632039051,0.02,-0.019
0.05,0.0009,-0.0068300790481370995,0.016646729873317057,0.05,0.01
0.05,0.0009,-0.03074563238439365,-0.00042855260470921235,0.02,0.0
0.05,0.0009,0.0270911775140883,0.05162735826927273,0.0,0.019
0.05,0.0009,0.02620248099902177,-0.04125922632039051,0.02,-0.019
0.05,0.0009,-0.0068300790481370995,0.016646729873317057,0.05,0.01
0.05,0.0009,-0.03074563238439365,-0.00042855260470921235,0.02,0.0
0.05,0.0009,0.0270911775140883,0.05162735826927273,0.0,0.019
0.05,0.0009,0.02620248099902177,-0.04125922632039051,0.02,-0.019
0.05,0.0009,-0.0068300790481370995,0.016646729873317057,0.05,0.01
0.05,0.0009,-0.03074563238439365,-0.00042855260470921235,0.02,0.0
0.05,0.0009,0.0270911775140883,0.05162735826927273,0.0,0.019
0.05,0.0009,0.02620248099902177,-0.04125922632039051,0.02,-0.019
0.05,0.0009,-0.0068300790481370995,0.016646729873317057,0.05,0.01
0.05,0.0009,-0.03074563238439365,-0.00042855260470921235,0.02,0.0
0.05,0.0009,0.0270911775140883,0.05162735826927273,0.0,0.019
0.05,0.0009,0.02620248099902177,-0.04125922632039051,0.02,-0.019
0.05,0.0009,-0.0068300790481370995,0.016646729873317057,0.05,0.01
0.05,0.0009,-0.03074563238439365,-0.00042855260470921235,0.02,0.0
0.05,0.0009,0.0270911775140883,0.05162735826927273,0.0,0.019
0.05,0.0009,0.02620248099902177,-0.04125922632039051,0.02,-0.019
0.05,0.0009,-0.0068300790481370995,0.016646729873317057,0.05,0.01
0.05,0.0009,-0.03074563238439365,-0.00042855260470921235,0.02,0.0
0.05,0.0009,0.0270911775140883,0.05162735826927273,0.0,0.019
0.05,0.0009,0.02620248099902177,-0.04125922632039051,0.02,-0.019
0.05,0.0009,-0.0068300790481370995,0.016646729873317057,0.05,0.01
0.05,0.0009,-0.03074563238439365,-0.00042855260470921235,0.02,0.0
0.05,0.0009,0.0270911775140883,0.05162735826927273,0.0,0.019
0.05,0.0009,0.02620248099902177,-0.04125922632039051,0.02,-0.019
0.05,0.0009,-0.0068300790481370995,0.016646729873317057,0.05,0.01
0.05,0.0009,-0.03074563238439365,-0.00042855260470921235,0.02,0.0
0.05,0.0009,0.0270911775140883,0.05162735826927273,0.0,0.019
0.05,0.0009,0.02620248099902177,-0.04125922632039051,0.02,-0.019
0.05,0.0009,-0.0068300790481370995,0.016646729873317057,0.05,0.01
0.05,0.0009,-0.03074563238439365,-0.00042855260470921235,0.02,0.0
0.05,0.0009,0.0270911775140883,0.05162735826927273,0.0,0.019
0.05,0.0009,0.02620248099902177,-0.04125922632039051,0.02,-0.019
0.05,0.0009,-0.0068300790481370995,0.016646729873317057,0.05,0.01
0.05,0.0009,-0.03074563238439365,-0.00042855260470921235,0.02,0.0
0.05,0.0009,0.0270911775140883,0.05162735826927273,0.0,0.019
0.05,0.0009,0.02620248099902177,-0.04125922632039051,0.02,-0.019
0.05,0.0009,-0.0068300790481370995,0.016646729873317057,0.05,0.01
0.05,0.0009,-0.03074563238439365,-0.00042855260470921235,0.02,0.0
0.05,0.0009,0.0270911775140883,0.05162735826927273,0.0,0.019
0.05,0.0009,0.02620248099902177,-0.04125922632039051,0.02,-0.019
0.05,0.0009,-0.0068300790481370995,0.016646729873317057,0.05,0.01
0.05,0.0009,-0.03074563238439365,-0.00042855260470921235,0.02,0.0
0.05,0.0009,0.0270911775140883,0.05162735826927273,0.0,0.019
0.05,0.0009,0.02620248099902177,-0.04125922632039051,0.02,-0.019
0.05,0.0009,-0.0068300790481370995,0.016646729873317057,0.05,0.01
0.05,0.0009,-0.03074563238439365,-0.00042855260470921235,0.02,0.0
0.05,0.0009,0.0270911775140883,0.05162735826927273,0.0,0.019
0.05,0.0009,0.02620248099902177,-0.04125922632039051,0.02,-0.019
0.05,0.0009,-0.0068300790481370995,0.016646729873317057,0.05,0.01
0.05,0.0009,-0.03074563238439365,-0.00042855260470921235,0.02,0.0
0.05,0.0009,0.0270911775140883,0.05162735826927273,0.0,0.019
0.05,0.0009,0.02620248099902177,-0.04125922632039051,0.02,-0.019
0.05,0.0009,-0.0068300790481370995,0.016646729873317057,0.05,0.01
0.05,0.0009,-0.03074563238439365,-0.00042855260470921235,0.02,0.0
0.05,0.0009,0.0270911775140883,0.05162735826927273,0.0,0.019
0.05,0.0009,0.02620248099902177,-0.04125922632039051,0.02,-0.019
0.05,0.0009,-0.0068300790481370995,0.016646729873317057,0.05,0.01
0.05,0.0009,-0.03074563238439365,-0.00042855260470921235,0.02,0.0
0.05,0.0009,0.0270911775140883,0.05162735826927273,0.0,0.019
0.05,0.0009,0.02620248099902177,-0.04125922632039051,0.02,-0.019
0.05,0.0009,-0.0068300790481370995,0.016646729873317057,0.05,0.01
0.05,0.0009,-0.02161313731621594,-0.01595545175076884,0.02,0.0
0.05,0.0009,0.025424307821472928,0.067294260938601,0.0,0.019
0.05,0.0009,0.04585709153533838,-0.033541106803835305,0.02,-0.019
0.05,0.0009,-0.01087232234766285,0.013509625091341251,0.05,0.01
0.01,0.017,-0.021989957057008742,0.0011630546816209242,0.02,0.0
0.01,0.017,0.005885535209659816,-0.0034530989993652116,0.0,0.019
0.01,0.017,0.004173278703121595,-0.00703603190310898,0.02,-0.019
0.01,0.017,-0.015295124489655898,0.0015556870245513165,0.05,0.01
0.01,0.017,-0.021989957057008742,0.0011630546816209242,0.02,0.0
0.01,0.017,0.005885535209659816,-0.0034530989993652116,0.0,0.019
0.01,0.017,0.004173278703121595,-0.00703603190310898,0.02,-0.019
0.01,0.017,-0.015295124489655898,0.0015556870245513165,0.05,0.01
0.01,0.017,-0.021989957057008742,0.0011630546816209242,0.02,0.0
0.01,0.017,0.005885535209659816,-0.0034530989993652116,0.0,0.019
0.01,0.017,0.004173278703121595,-0.00703603190310898,0.02,-0.019
0.01,0.017,-0.015295124489655898,0.0015556870245513165,0.05,0.01
0.01,0.017,-0.021989957057008742,0.0011630546816209242,0.02,0.0
0.01,0.017,0.005885535209659816,-0.0034530989993652116,0.0,0.019
0.01,0.017,0.004173278703121595,-0.00703603190310898,0.02,-0.019
0.01,0.017,-0.015295124489655898,0.0015556870245513165,0.05,0.01
0.01,0.017,-0.021989957057008742,0.0011630546816209242,0.02,0.0
0.01,0.017,0.005885535209659816,-0.0034530989993652116,0.0,0.019
0.01,0.017,0.004173278703121595,-0.00703603190310898,0.02,-0.019
0.01,0.017,-0.015295124489655898,0.0015556870245513165,0.05,0.01
0.01,0.017,-0.021989957057008742,0.0011630546816209242,0.02,0.0
0.01,0.017,0.005885535209659816,-0.0034530989993652116,0.0,0.019
0.01,0.017,0.004173278703121595,-0.00703603190310898,0.02,-0.019
0.01,0.017,-0.015295124489655898,0.0015556870245513165,0.05,0.01
0.01,0.017,-0.021989957057008742,0.0011630546816209242,0.02,0.0
0.01,0.017,0.005885535209659816,-0.0034530989993652116,0.0,0.019
0.01,0.017,0.004173278703121595,-0.00703603190310898,0.02,-0.019
0.01,0.017,-0.015295124489655898,0.0015556870245513165,0.05,0.01
0.01,0.017,-0.021989957057008742,0.0011630546816209242,0.02,0.0
0.01,0.017,0.005885535209659816,-0.0034530989993652116,0.0,0.019
0.01,0.017,0.004173278703121595,-0.00703603190310898,0.02,-0.019
0.01,0.017,-0.015295124489655898,0.0015556870245513165,0.05,0.01
0.01,0.017,-0.021989957057008742,0.0011630546816209242,0.02,0.0
0.01,0.017,0.005885535209659816,-0.0034530989993652116,0.0,0.019
0.01,0.017,0.004173278703121595,-0.00703603190310898,0.02,-0.019
0.01,0.017,-0.015295124489655898,0.0015556870245513165,0.05,0.01
0.01,0.017,-0.021989957057008742,0.0011630546816209242,0.02,0.0
0.01,0.017,0.005885535209659816,-0.0034530989993652116,0.0,0.019
0.01,0.017,0.004173278703121595,-0.00703603190310898,0.02,-0.019
0.01,0.017,-0.015295124489655898,0.0015556870245513165,0.05,0.01
0.01,0.017,-0.021989957057008742,0.0011630546816209242,0.02,0.0
0.01,0.017,0.005885535209659816,-0.0034530989993652116,0.0,0.019
0.01,0.017,0.004173278703121595,-0.00703603190310898,0.02,-0.019
0.01,0.017,-0.015295124489655898,0.0015556870245513165,0.05,0.01
0.01,0.017,-0.021989957057008742,0.0011630546816209242,0.02,0.0
0.01,0.017,0.005885535209659816,-0.0034530989993652116,0.0,0.019
0.01,0.017,0.004173278703121595,-0.00703603190310898,0.02,-0.019
0.01,0.017,-0.015295124489655898,0.0015556870245513165,0.05,0.01
0.01,0.017,-0.021989957057008742,0.0011630546816209242,0.02,0.0
0.01,0.017,0.005885535209659816,-0.0034530989993652116,0.0,0.019
0.01,0.017,0.004173278703121595,-0.00703603190310898,0.02,-0.019
0.01,0.017,-0.015295124489655898,0.0015556870245513165,0.05,0.01
0.01,0.017,-0.021989957057008742,0.0011630546816209242,0.02,0.0
0.01,0.017,0.005885535209659816,-0.0034530989993652116,0.0,0.019
0.01,0.017,0.004173278703121595,-0.00703603190310898,0.02,-0.019
0.01,0.017,-0.015295124489655898,0.0015556870245513165,0.05,0.01
0.01,0.017,-0.021989957057008742,0.0011630546816209242,0.02,0.0
0.01,0.017,0.005885535209659816,-0.0034530989993652116,0.0,0.019
0.01,0.017,0.004173278703121595,-0.00703603190310898,0.02,-0.019
0.01,0.017,-0.015295124489655898,0.0015556870245513165,0.05,0.01
0.01,0.017,-0.021989957057008742,0.0011630546816209242,0.02,0.0
0.01,0.017,0.005885535209659816,-0.0034530989993652116,0.0,0.019
0.01,0.017,0.004173278703121595,-0.00703603190310898,0.02,-0.019
0.01,0.017,-0.015295124489655898,0.0015556870245513165,0.05,0.01
0.01,0.017,-0.021989957057008742,0.0011630546816209242,0.02,0.0
0.01,0.017,0.005885535209659816,-0.0034530989993652116,0.0,0.019
0.01,0.017,0.004173278703121595,-0.00703603190310898,0.02,-0.019
0.01,0.017,-0.015295124489655898,0.0015556870245513165,0.05,0.01
0.01,0.017,-0.021989957057008742,0.0011630546816209242,0.02,0.0
0.01,0.017,0.005885535209659816,-0.0034530989993652116,0.0,0.019
0.01,0.017,0.004173278703121595,-0.00703603190310898,0.02,-0.019
0.01,0.017,-0.015295124489655898,0.0015556870245513165,0.05,0.01
0.01,0.017,-0.021989957057008742,0.0011630546816209242,0.02,0.0
0.01,0.017,0.005885535209659816,-0.0034530989993652116,0.0,0.019
0.01,0.017,0.004173278703121595,-0.00703603190310898,0.02,-0.019
0.01,0.017,-0.015295124489655898,0.0015556870245513165,0.05,0.01
0.01,0.017,-0.021989957057008742,0.0011630546816209242,0.02,0.0
0.01,0.017,0.005885535209659816,-0.0034530989993652116,0.0,0.019
0.01,0.017,0.004173278703121595,-0.00703603190310898,0.02,-0.019
0.01,0.017,-0.015295124489655898,0.0015556870245513165,0.05,0.01
0.01,0.017,-0.021989957057008742,0.0011630546816209242,0.02,0.0
0.01,0.017,0.005885535209659816,-0.0034530989993652116,0.0,0.019
0.01,0.017,0.004173278703121595,-0.00703603190310898,0.02,-0.019
0.01,0.017,-0.015295124489655898,0.0015556870245513165,0.05,0.01
0.01,0.017,-0.021989957057008742,0.0011630546816209242,0.02,0.0
0.01,0.017,0.005885535209659816,-0.0034530989993652116,0.0,0.019
0.01,0.017,0.004173278703121595,-0.00703603190310898,0.02,-0.019
0.01,0.017,-0.015295124489655898,0.0015556870245513165,0.05,0.01
0.01,0.017,-0.021989957057008742,0.0011630546816209242,0.02,0.0
0.01,0.017,0.005885535209659816,-0.0034530989993652116,0.0,0.019
0.01,0.017,0.004173278703121595,-0.00703603190310898,0.02,-0.019
0.01,0.017,-0.015295124489655898,0.0015556870245513165,0.05,0.01
0.01,0.017,-0.021989957057008742,0.0011630546816209242,0.02,0.0
0.01,0.017,0.005885535209659816,-0.0034530989993652116,0.0,0.019
0.01,0.017,0.004173278703121595,-0.00703603190310898,0.02,-0.019
0.01,0.017,-0.015295124489655898,0.0015556870245513165,0.05,0.01
0.01,0.017,-0.021989957057008742,0.0011630546816209242,0.02,0.0
0.01,0.017,0.005885535209659816,-0.0034530989993652116,0.0,0.019
0.01,0.017,0.004173278703121595,-0.00703603190310898,0.02,-0.019
0.01,0.017,-0.015295124489655898,0.0015556870245513165,0.05,0.01
0.01,0.017,-0.021989957057008742,0.0011630546816209242,0.02,0.0
0.01,0.017,0.005885535209659816,-0.0034530989993652116,0.0,0.019
0.01,0.017,0.004173278703121595,-0.00703603190310898,0.02,-0.019
0.01,0.017,-0.015295124489655898,0.0015556870245513165,0.05,0.01
0.01,0.017,-0.0217042063557484,-0.0009864204935104482,0.02,0.0
0.01,0.017,-0.006368774360111573,0.00046512941604416564,0.0,0.019
0.01,0.017,-0.027983465419557638,-0.01693394070256252,0.02,-0.019
0.01,0.017,-0.015280345078383292,0.0011858817364344592,0.05,0.01
0.01,0.017,-0.0217042063557484,-0.0009864204935104482,0.02,0.0
0.01,0.017,-0.006368774360111573,0.00046512941604416564,0.0,0.019
0.01,0.017,-0.027983465419557638,-0.01693394070256252,0.02,-0.019
0.01,0.017,-0.015280345078383292,0.0011858817364344592,0.05,0.01
0.01,0.017,-0.0217042063557484,-0.0009864204935104482,0.02,0.0
0.01,0.017,-0.006368774360111573,0.00046512941604416564,0.0,0.019
0.01,0.017,-0.027983465419557638,-0.01693394070256252,0.02,-0.019
0.01,0.017,-0.015280345078383292,0.0011858817364344592,0.05,0.01
0.01,0.017,-0.0217042063557484,-0.0009864204935104482,0.02,0.0
0.01,0.017,-0.006368774360111573,0.00046512941604416564,0.0,0.019
0.01,0.017,-0.027983465419557638,-0.01693394070256252,0.02,-0.019
0.01,0.017,-0.015280345078383292,0.0011858817364344592,0.05,0.01
0.01,0.017,-0.0217042063557484,-0.0009864204935104482,0.02,0.0
0.01,0.017,-0.006368774360111573,0.00046512941604416564,0.0,0.019
0.01,0.017,-0.027983465419557638,-0.01693394070256252,0.02,-0.019
0.01,0.017,-0.015280345078383292,0.0011858817364344592,0.05,0.01
0.01,0.017,-0.0217042063557484,-0.0009864204935104482,0.02,0.0
0.01,0.017,-0.006368774360111573,0.00046512941604416564,0.0,0.019
0.01,0.017,-0.027983465419557638,-0.01693394070256252,0.02,-0.019
0.01,0.017,-0.015280345078383292,0.0011858817364344592,0.05,0.01
0.01,0.017,-0.0217042063557484,-0.0009864204935104482,0.02,0.0
0.01,0.017,-0.006368774360111573,0.00046512941604416564,0.0,0.019
0.01,0.017,-0.027983465419557638,-0.01693394070256252,0.02,-0.019
0.01,0.017,-0.015280345078383292,0.0011858817364344592,0.05,0.01
0.01,0.017,-0.0217042063557484,-0.0009864204935104482,0.02,0.0
0.01,0.017,-0.006368774360111573,0.00046512941604416564,0.0,0.019
0.01,0.017,-0.027983465419557638,-0.01693394070256252,0.02,-0.019
0.01,0.017,-0.015280345078383292,0.0011858817364344592,0.05,0.01
0.01,0.017,-0.0217042063557484,-0.0009864204935104482,0.02,0.0
0.01,0.017,-0.006368774360111573,0.00046512941604416564,0.0,0.019
0.01,0.017,-0.027983465419557638,-0.01693394070256252,0.02,-0.019
0.01,0.017,-0.015280345078383292,0.0011858817364344592,0.05,0.01
0.01,0.017,-0.0217042063557484,-0.0009864204935104482,0.02,0.0
0.01,0.017,-0.006368774360111573,0.00046512941604416564,0.0,0.019
0.01,0.017,-0.027983465419557638,-0.01693394070256252,0.02,-0.019
0.01,0.017,-0.015280345078383292,0.0011858817364344592,0.05,0.01
0.01,0.017,-0.0217042063557484,-0.0009864204935104482,0.02,0.0
0.01,0.017,-0.006368774360111573,0.00046512941604416564,0.0,0.019
0.01,0.017,-0.027983465419557638,-0.01693394070256252,0.02,-0.019
0.01,0.017,-0.015280345078383292,0.0011858817364344592,0.05,0.01
0.01,0.017,-0.0217042063557484,-0.0009864204935104482,0.02,0.0
0.01,0.017,-0.006368774360111573,0.00046512941604416564,0.0,0.019
0.01,0.017,-0.027983465419557638,-0.01693394070256252,0.02,-0.019
0.01,0.017,-0.015280345078383292,0.0011858817364344592,0.05,0.01
0.01,0.017,-0.0217042063557484,-0.0009864204935104482,0.02,0.0
0.01,0.017,-0.006368774360111573,0.00046512941604416564,0.0,0.019
0.01,0.017,-0.027983465419557638,-0.01693394070256252,0.02,-0.019
0.01,0.017,-0.015280345078383292,0.0011858817364344592,0.05,0.01
0.01,0.017,-0.0217042063557484,-0.0009864204935104482,0.02,0.0
0.01,0.017,-0.006368774360111573,0.00046512941604416564,0.0,0.019
0.01,0.017,-0.027983465419557638,-0.01693394070256252,0.02,-0.019
0.01,0.017,-0.015280345078383292,0.0011858817364344592,0.05,0.01
0.01,0.017,-0.0217042063557484,-0.0009864204935104482,0.02,0.0
0.01,0.017,-0.006368774360111573,0.00046512941604416564,0.0,0.019
0.01,0.017,-0.027983465419557638,-0.01693394070256252,0.02,-0.019
0.01,0.017,-0.015280345078383292,0.0011858817364344592,0.05,0.01
0.01,0.017,-0.0217042063557484,-0.0009864204935104482,0.02,0.0
0.01,0.017,-0.006368774360111573,0.00046512941604416564,0.0,0.019
0.01,0.017,-0.027983465419557638,-0.01693394070256252,0.02,-0.019
0.01,0.017,-0.015280345078383292,0.0011858817364344592,0.05,0.01
0.01,0.017,-0.0217042063557484,-0.0009864204935104482,0.02,0.0
0.01,0.017,-0.006368774360111573,0.00046512941604416564,0.0,0.019
0.01,0.017,-0.027983465419557638,-0.01693394070256252,0.02,-0.019
0.01,0.017,-0.015280345078383292,0.0011858817364344592,0.05,0.01
0.01,0.017,-0.0217042063557484,-0.0009864204935104482,0.02,0.0
0.01,0.017,-0.006368774360111573,0.00046512941604416564,0.0,0.019
0.01,0.017,-0.027983465419557638,-0.01693394070256252,0.02,-0.019
0.01,0.017,-0.015280345078383292,0.0011858817364344592,0.05,0.01
0.01,0.017,-0.0217042063557484,-0.0009864204935104482,0.02,0.0
0.01,0.017,-0.006368774360111573,0.00046512941604416564,0.0,0.019
0.01,0.017,-0.027983465419557638,-0.01693394070256252,0.02,-0.019
0.01,0.017,-0.015280345078383292,0.0011858817364344592,0.05,0.01
0.01,0.017,-0.0217042063557484,-0.0009864204935104482,0.02,0.0
0.01,0.017,-0.006368774360111573,0.00046512941604416564,0.0,0.019
0.01,0.017,-0.027983465419557638,-0.01693394070256252,0.02,-0.019
0.01,0.017,-0.015280345078383292,0.0011858817364344592,0.05,0.01
0.01,0.017,-0.0217042063557484,-0.0009864204935104482,0.02,0.0
0.01,0.017,-0.006368774360111573,0.00046512941604416564,0.0,0.019
0.01,0.017,-0.027983465419557638,-0.01693394070256252,0.02,-0.019
0.01,0.017,-0.015280345078383292,0.0011858817364344592,0.05,0.01
0.01,0.017,-0.0217042063557484,-0.0009864204935104482,0.02,0.0
0.01,0.017,-0.006368774360111573,0.00046512941604416564,0.0,0.019
0.01,0.017,-0.027983465419557638,-0.01693394070256252,0.02,-0.019
0.01,0.017,-0.015280345078383292,0.0011858817364344592,0.05,0.01
0.01,0.017,-0.0217042063557484,-0.0009864204935104482,0.02,0.0
0.01,0.017,-0.006368774360111573,0.00046512941604416564,0.0,0.019
0.01,0.017,-0.027983465419557638,-0.01693394070256252,0.02,-0.019
0.01,0.017,-0.015280345078383292,0.0011858817364344592,0.05,0.01
0.01,0.017,-0.0217042063557484,-0.0009864204935104482,0.02,0.0
0.01,0.017,-0.006368774360111573,0.00046512941604416564,0.0,0.019
0.01,0.017,-0.027983465419557638,-0.01693394070256252,0.02,-0.019
0.01,0.017,-0.015280345078383292,0.0011858817364344592,0.05,0.01
0.01,0.017,-0.0217042063557484,-0.0009864204935104482,0.02,0.0
0.01,0.017,-0.006368774360111573,0.00046512941604416564,0.0,0.019
0.01,0.017,-0.027983465419557638,-0.01693394070256252,0.02,-0.019
0.01,0.017,-0.015280345078383292,0.0011858817364344592,0.05,0.01
0.01,0.017,-0.02128336654900355,-0.00430863116654085,0.02,0.0
0.01,0.017,-0.010217057178554425,-0.0012955170359277895,0.0,0.019
0.01,0.017,-0.02182341917651011,-0.015538099616592468,0.02,-0.019
0.01,0.017,-0.03572953423403127,0.004647812502462852,0.05,0.01
0.01,0.017,-0.02128336654900355,-0.00430863116654085,0.02,0.0
0.01,0.017,-0.010217057178554425,-0.0012955170359277895,0.0,0.019
0.01,0.017,-0.02182341917651011,-0.015538099616592468,0.02,-0.019
0.01,0.017,-0.03572953423403127,0.004647812502462852,0.05,0.01
0.01,0.017,-0.02128336654900355,-0.00430863116654085,0.02,0.0
0.01,0.017,-0.010217057178554425,-0.0012955170359277895,0.0,0.019
0.01,0.017,-0.02182341917651011,-0.015538099616592468,0.02,-0.019
0.01,0.017,-0.03572953423403127,0.004647812502462852,0.05,0.01
0.01,0.017,-0.02128336654900355,-0.00430863116654085,0.02,0.0
0.01,0.017,-0.010217057178554425,-0.0012955170359277895,0.0,0.019
0.01,0.017,-0.02182341917651011,-0.015538099616592468,0.02,-0.019
0.01,0.017,-0.03572953423403127,0.004647812502462852,0.05,0.01
0.01,0.017,-0.02128336654900355,-0.00430863116654085,0.02,0.0
0.01,0.017,-0.010217057178554425,-0.0012955170359277895,0.0,0.019
0.01,0.017,-0.02182341917651011,-0.015538099616592468,0.02,-0.019
0.01,0.017,-0.03572953423403127,0.004647812502462852,0.05,0.01
0.01,0.017,-0.02128336654900355,-0.00430863116654085,0.02,0.0
0.01,0.017,-0.010217057178554425,-0.0012955170359277895,0.0,0.019
0.01,0.017,-0.02182341917651011,-0.015538099616592468,0.02,-0.019
0.01,0.017,-0.03572953423403127,0.004647812502462852,0.05,0.01
0.01,0.017,-0.02128336654900355,-0.00430863116654085,0.02,0.0
0.01,0.017,-0.010217057178554425,-0.0012955170359277895,0.0,0.019
0.01,0.017,-0.02182341917651011,-0.015538099616592468,0.02,-0.019
0.01,0.017,-0.03572953423403127,0.004647812502462852,0.05,0.01
0.01,0.017,-0.02128336654900355,-0.00430863116654085,0.02,0.0
0.01,0.017,-0.010217057178554425,-0.0012955170359277895,0.0,0.019
0.01,0.017,-0.02182341917651011,-0.015538099616592468,0.02,-0.019
0.01,0.017,-0.03572953423403127,0.004647812502462852,0.05,0.01
0.01,0.017,-0.02128336654900355,-0.00430863116654085,0.02,0.0
0.01,0.017,-0.010217057178554425,-0.0012955170359277895,0.0,0.019
0.01,0.017,-0.02182341917651011,-0.015538099616592468,0.02,-0.019
0.01,0.017,-0.03572953423403127,0.004647812502462852,0.05,0.01
0.01,0.017,-0.02128336654900355,-0.00430863116654085,0.02,0.0
0.01,0.017,-0.010217057178554425,-0.0012955170359277895,0.0,0.019
0.01,0.017,-0.02182341917651011,-0.015538099616592468,0.02,-0.019
0.01,0.017,-0.03572953423403127,0.004647812502462852,0.05,0.01
0.01,0.017,-0.02128336654900355,-0.00430863116654085,0.02,0.0
0.01,0.017,-0.010217057178554425,-0.0012955170359277895,0.0,0.019
0.01,0.017,-0.02182341917651011,-0.015538099616592468,0.02,-0.019
0.01,0.017,-0.03572953423403127,0.004647812502462852,0.05,0.01
0.01,0.017,-0.02128336654900355,-0.00430863116654085,0.02,0.0
0.01,0.017,-0.010217057178554425,-0.0012955170359277895,0.0,0.019
0.01,0.017,-0.02182341917651011,-0.015538099616592468,0.02,-0.019
0.01,0.017,-0.03572953423403127,0.004647812502462852,0.05,0.01
0.01,0.017,-0.02128336654900355,-0.00430863116654085,0.02,0.0
0.01,0.017,-0.010217057178554425,-0.0012955170359277895,0.0,0.019
0.01,0.017,-0.02182341917651011,-0.015538099616592468,0.02,-0.019
0.01,0.017,-0.03572953423403127,0.004647812502462852,0.05,0.01
0.01,0.017,-0.02128336654900355,-0.00430863116654085,0.02,0.0
0.01,0.017,-0.010217057178554425,-0.0012955170359277895,0.0,0.019
0.01,0.017,-0.02182341917651011,-0.015538099616592468,0.02,-0.019
0.01,0.017,-0.03572953423403127,0.004647812502462852,0.05,0.01
0.01,0.017,-0.02128336654900355,-0.00430863116654085,0.02,0.0
0.01,0.017,-0.010217057178554425,-0.0012955170359277895,0.0,0.019
0.01,0.017,-0.02182341917651011,-0.015538099616592468,0.02,-0.019
0.01,0.017,-0.03572953423403127,0.004647812502462852,0.05,0.01
0.01,0.017,-0.02128336654900355,-0.00430863116654085,0.02,0.0
0.01,0.017,-0.010217057178554425,-0.0012955170359277895,0.0,0.019
0.01,0.017,-0.02182341917651011,-0.015538099616592468,0.02,-0.019
0.01,0.017,-0.03572953423403127,0.004647812502462852,0.05,0.01
0.01,0.017,-0.02128336654900355,-0.00430863116654085,0.02,0.0
0.01,0.017,-0.010217057178554425,-0.0012955170359277895,0.0,0.019
0.01,0.017,-0.02182341917651011,-0.015538099616592468,0.02,-0.019
0.01,0.017,-0.03572953423403127,0.004647812502462852,0.05,0.01
0.01,0.017,-0.02128336654900355,-0.00430863116654085,0.02,0.0
0.01,0.017,-0.010217057178554425,-0.0012955170359277895,0.0,0.019
0.01,0.017,-0.02182341917651011,-0.015538099616592468,0.02,-0.019
0.01,0.017,-0.03572953423403127,0.004647812502462852,0.05,0.01
0.01,0.017,-0.02128336654900355,-0.00430863116654085,0.02,0.0
0.01,0.017,-0.010217057178554425,-0.0012955170359277895,0.0,0.019
0.01,0.017,-0.02182341917651011,-0.015538099616592468,0.02,-0.019
0.01,0.017,-0.03572953423403127,0.004647812502462852,0.05,0.01
0.01,0.017,-0.02128336654900355,-0.00430863116654085,0.02,0.0
0.01,0.017,-0.010217057178554425,-0.0012955170359277895,0.0,0.019
0.01,0.017,-0.02182341917651011,-0.015538099616592468,0.02,-0.019
0.01,0.017,-0.03572953423403127,0.004647812502462852,0.05,0.01
0.01,0.017,-0.02128336654900355,-0.00430863116654085,0.02,0.0
0.01,0.017,-0.010217057178554425,-0.0012955170359277895,0.0,0.019
0.01,0.017,-0.02182341917651011,-0.015538099616592468,0.02,-0.019
0.01,0.017,-0.03572953423403127,0.004647812502462852,0.05,0.01
0.01,0.017,-0.02128336654900355,-0.00430863116654085,0.02,0.0
0.01,0.017,-0.010217057178554425,-0.0012955170359277895,0.0,0.019
0.01,0.017,-0.02182341917651011,-0.015538099616592468,0.02,-0.019
0.01,0.017,-0.03572953423403127,0.004647812502462852,0.05,0.01
0.01,0.017,-0.02128336654900355,-0.00430863116654085,0.02,0.0
0.01,0.017,-0.010217057178554425,-0.0012955170359277895,0.0,0.019
0.01,0.017,-0.02182341917651011,-0.015538099616592468,0.02,-0.019
0.01,0.017,-0.03572953423403127,0.004647812502462852,0.05,0.01
0.01,0.017,-0.02128336654900355,-0.00430863116654085,0.02,0.0
0.01,0.017,-0.010217057178554425,-0.0012955170359277895,0.0,0.019
0.01,0.017,-0.02182341917651011,-0.015538099616592468,0.02,-0.019
0.01,0.017,-0.03572953423403127,0.004647812502462852,0.05,0.01
0.01,0.017,-0.02128336654900355,-0.00430863116654085,0.02,0.0
0.01,0.017,-0.010217057178554425,-0.0012955170359277895,0.0,0.019
0.01,0.017,-0.02182341917651011,-0.015538099616592468,0.02,-0.019
0.01,0.017,-0.03572953423403127,0.004647812502462852,0.05,0.01
0.01,0.017,-0.021526242631743055,-0.009329739657761137,0.02,0.0
0.01,0.017,-0.0032318727547285386,-0.0027782802809008652,0.0,0.019
0.01,0.017,-0.030006235399678855,-0.019248716536209198,0.02,-0.019
0.01,0.017,-0.031081713614736717,0.006134640460035583,0.05,0.01
0.01,0.017,-0.021526242631743055,-0.009329739657761137,0.02,0.0
0.01,0.017,-0.0032318727547285386,-0.0027782802809008652,0.0,0.019
0.01,0.017,-0.030006235399678855,-0.019248716536209198,0.02,-0.019
0.01,0.017,-0.031081713614736717,0.006134640460035583,0.05,0.01
0.01,0.017,-0.021526242631743055,-0.009329739657761137,0.02,0.0
0.01,0.017,-0.0032318727547285386,-0.0027782802809008652,0.0,0.019
0.01,0.017,-0.030006235399678855,-0.019248716536209198,0.02,-0.019
0.01,0.017,-0.031081713614736717,0.006134640460035583,0.05,0.01
0.01,0.017,-0.021526242631743055,-0.009329739657761137,0.02,0.0
0.01,0.017,-0.0032318727547285386,-0.0027782802809008652,0.0,0.019
0.01,0.017,-0.030006235399678855,-0.019248716536209198,0.02,-0.019
0.01,0.017,-0.031081713614736717,0.006134640460035583,0.05,0.01
0.01,0.017,-0.021526242631743055,-0.009329739657761137,0.02,0.0
0.01,0.017,-0.0032318727547285386,-0.0027782802809008652,0.0,0.019
0.01,0.017,-0.030006235399678855,-0.019248716536209198,0.02,-0.019
0.01,0.017,-0.031081713614736717,0.006134640460035583,0.05,0.01
0.01,0.017,-0.021526242631743055,-0.009329739657761137,0.02,0.0
0.01,0.017,-0.0032318727547285386,-0.0027782802809008652,0.0,0.019
0.01,0.017,-0.030006235399678855,-0.019248716536209198,0.02,-0.019
0.01,0.017,-0.031081713614736717,0.006134640460035583,0.05,0.01
0.01,0.017,-0.021526242631743055,-0.009329739657761137,0.02,0.0
0.01,0.017,-0.0032318727547285386,-0.0027782802809008652,0.0,0.019
0.01,0.017,-0.030006235399678855,-0.019248716536209198,0.02,-0.019
0.01,0.017,-0.031081713614736717,0.006134640460035583,0.05,0.01
0.01,0.017,-0.021526242631743055,-0.009329739657761137,0.02,0.0
0.01,0.017,-0.0032318727547285386,-0.0027782802809008652,0.0,0.019
0.01,0.017,-0.030006235399678855,-0.019248716536209198,0.02,-0.019
0.01,0.017,-0.031081713614736717,0.006134640460035583,0.05,0.01
0.01,0.017,-0.021526242631743055,-0.009329739657761137,0.02,0.0
0.01,0.017,-0.0032318727547285386,-0.0027782802809008652,0.0,0.019
0.01,0.017,-0.030006235399678855,-0.019248716536209198,0.02,-0.019
0.01,0.017,-0.031081713614736717,0.006134640460035583,0.05,0.01
0.01,0.017,-0.021526242631743055,-0.009329739657761137,0.02,0.0
0.01,0.017,-0.0032318727547285386,-0.0027782802809008652,0.0,0.019
0.01,0.017,-0.030006235399678855,-0.019248716536209198,0.02,-0.019
0.01,0.017,-0.031081713614736717,0.006134640460035583,0.05,0.01
0.01,0.017,-0.021526242631743055,-0.009329739657761137,0.02,0.0
0.01,0.017,-0.0032318727547285386,-0.0027782802809008652,0.0,0.019
0.01,0.017,-0.030006235399678855,-0.019248716536209198,0.02,-0.019
0.01,0.017,-0.031081713614736717,0.006134640460035583,0.05,0.01
0.01,0.017,-0.021526242631743055,-0.009329739657761137,0.02,0.0
0.01,0.017,-0.0032318727547285386,-0.0027782802809008652,0.0,0.019
0.01,0.017,-0.030006235399678855,-0.019248716536209198,0.02,-0.019
0.01,0.017,-0.031081713614736717,0.006134640460035583,0.05,0.01
0.01,0.017,-0.021526242631743055,-0.009329739657761137,0.02,0.0
0.01,0.017,-0.0032318727547285386,-0.0027782802809008652,0.0,0.019
0.01,0.017,-0.030006235399678855,-0.019248716536209198,0.02,-0.019
0.01,0.017,-0.031081713614736717,0.006134640460035583,0.05,0.01
0.01,0.017,-0.021526242631743055,-0.009329739657761137,0.02,0.0
0.01,0.017,-0.0032318727547285386,-0.0027782802809008652,0.0,0.019
0.01,0.017,-0.030006235399678855,-0.019248716536209198,0.02,-0.019
0.01,0.017,-0.031081713614736717,0.006134640460035583,0.05,0.01
0.01,0.017,-0.021526242631743055,-0.009329739657761137,0.02,0.0
0.01,0.017,-0.0032318727547285386,-0.0027782802809008652,0.0,0.019
0.01,0.017,-0.030006235399678855,-0.019248716536209198,0.02,-0.019
0.01,0.017,-0.031081713614736717,0.006134640460035583,0.05,0.01
0.01,0.017,-0.021526242631743055,-0.009329739657761137,0.02,0.0
0.01,0.017,-0.0032318727547285386,-0.0027782802809008652,0.0,0.019
0.01,0.017,-0.030006235399678855,-0.019248716536209198,0.02,-0.019
0.01,0.017,-0.031081713614736717,0.006134640460035583,0.05,0.01
0.01,0.017,-0.021526242631743055,-0.009329739657761137,0.02,0.0
0.01,0.017,-0.0032318727547285386,-0.0027782802809008652,0.0,0.019
0.01,0.017,-0.030006235399678855,-0.019248716536209198,0.02,-0.019
0.01,0.017,-0.031081713614736717,0.006134640460035583,0.05,0.01
0.01,0.017,-0.021526242631743055,-0.009329739657761137,0.02,0.0
0.01,0.017,-0.0032318727547285386,-0.0027782802809008652,0.0,0.019
0.01,0.017,-0.030006235399678855,-0.019248716536209198,0.02,-0.019
0.01,0.017,-0.031081713614736717,0.006134640460035583,0.05,0.01
0.01,0.009,-0.018563884938645088,-0.006620128405933539,0.02,0.0
0.01,0.009,-0.004274687778788105,0.0033557538815861907,0.0,0.019
0.01,0.009,-0.0168029278140994,0.002291959231566609,0.02,-0.019
0.01,0.009,-0.01733119633185821,0.007772507322846879,0.05,0.01
0.01,0.009,-0.018563884938645088,-0.006620128405933539,0.02,0.0
0.01,0.009,-0.004274687778788105,0.0033557538815861907,0.0,0.019
0.01,0.009,-0.0168029278140994,0.002291959231566609,0.02,-0.019
0.01,0.009,-0.01733119633185821,0.007772507322846879,0.05,0.01
0.01,0.009,-0.018563884938645088,-0.006620128405933539,0.02,0.0
0.01,0.009,-0.004274687778788105,0.0033557538815861907,0.0,0.019
0.01,0.009,-0.0168029278140994,0.002291959231566609,0.02,-0.019
0.01,0.009,-0.01733119633185821,0.007772507322846879,0.05,0.01
0.01,0.009,-0.018563884938645088,-0.006620128405933539,0.02,0.0
0.01,0.009,-0.004274687778788105,0.0033557538815861907,0.0,0.019
0.01,0.009,-0.0168029278140994,0.002291959231566609,0.02,-0.019
0.01,0.009,-0.01733119633185821,0.007772507322846879,0.05,0.01
0.01,0.009,-0.018563884938645088,-0.006620128405933539,0.02,0.0
0.01,0.009,-0.004274687778788105,0.0033557538815861907,0.0,0.019
0.01,0.009,-0.0168029278140994,0.002291959231566609,0.02,-0.019
0.01,0.009,-0.01733119633185821,0.007772507322846879,0.05,0.01
0.01,0.009,-0.018563884938645088,-0.006620128405933539,0.02,0.0
0.01,0.009,-0.004274687778788105,0.0033557538815861907,0.0,0.019
0.01,0.009,-0.0168029278140994,0.002291959231566609,0.02,-0.019
0.01,0.009,-0.01733119633185821,0.007772507322846879,0.05,0.01
0.01,0.009,-0.018563884938645088,-0.006620128405933539,0.02,0.0
0.01,0.009,-0.004274687778788105,0.0033557538815861907,0.0,0.019
0.01,0.009,-0.0168029278140994,0.002291959231566609,0.02,-0.019
0.01,0.009,-0.01733119633185821,0.007772507322846879,0.05,0.01
0.01,0.009,-0.018563884938645088,-0.006620128405933539,0.02,0.0
0.01,0.009,-0.004274687778788105,0.0033557538815861907,0.0,0.019
0.01,0.009,-0.0168029278140994,0.002291959231566609,0.02,-0.019
0.01,0.009,-0.01733119633185821,0.007772507322846879,0.05,0.01
0.01,0.009,-0.018563884938645088,-0.006620128405933539,0.02,0.0
0.01,0.009,-0.004274687778788105,0.0033557538815861907,0.0,0.019
0.01,0.009,-0.0168029278140994,0.002291959231566609,0.02,-0.019
0.01,0.009,-0.01733119633185821,0.007772507322846879,0.05,0.01
0.01,0.009,-0.018563884938645088,-0.006620128405933539,0.02,0.0
0.01,0.009,-0.004274687778788105,0.0033557538815861907,0.0,0.019
0.01,0.009,-0.0168029278140994,0.002291959231566609,0.02,-0.019
0.01,0.009,-0.01733119633185821,0.007772507322846879,0.05,0.01
0.01,0.009,-0.018563884938645088,-0.006620128405933539,0.02,0.0
0.01,0.009,-0.004274687778788105,0.0033557538815861907,0.0,0.019
0.01,0.009,-0.0168029278140994,0.002291959231566609,0.02,-0.019
0.01,0.009,-0.01733119633185821,0.007772507322846879,0.05,0.01
0.01,0.009,-0.018563884938645088,-0.006620128405933539,0.02,0.0
0.01,0.009,-0.004274687778788105,0.0033557538815861907,0.0,0.019
0.01,0.009,-0.0168029278140994,0.002291959231566609,0.02,-0.019
0.01,0.009,-0.01733119633185821,0.007772507322846879,0.05,0.01
0.01,0.009,-0.018563884938645088,-0.006620128405933539,0.02,0.0
0.01,0.009,-0.004274687778788105,0.0033557538815861907,0.0,0.019
0.01,0.009,-0.0168029278140994,0.002291959231566609,0.02,-0.019
0.01,0.009,-0.01733119633185821,0.007772507322846879,0.05,0.01
0.01,0.009,-0.018563884938645088,-0.006620128405933539,0.02,0.0
0.01,0.009,-0.004274687778788105,0.0033557538815861907,0.0,0.019
0.01,0.009,-0.0168029278140994,0.002291959231566609,0.02,-0.019
0.01,0.009,-0.01733119633185821,0.007772507322846879,0.05,0.01
0.01,0.009,-0.018563884938645088,-0.006620128405933539,0.02,0.0
0.01,0.009,-0.004274687778788105,0.0033557538815861907,0.0,0.019
0.01,0.009,-0.0168029278140994,0.002291959231566609,0.02,-0.019
0.01,0.009,-0.01733119633185821,0.007772507322846879,0.05,0.01
0.01,0.009,-0.018563884938645088,-0.006620128405933539,0.02,0.0
0.01,0.009,-0.004274687778788105,0.0033557538815861907,0.0,0.019
0.01,0.009,-0.0168029278140994,0.002291959231566609,0.02,-0.019
0.01,0.009,-0.01733119633185821,0.007772507322846879,0.05,0.01
0.01,0.009,-0.018563884938645088,-0.006620128405933539,0.02,0.0
0.01,0.009,-0.004274687778788105,0.0033557538815861907,0.0,0.019
0.01,0.009,-0.0168029278140994,0.002291959231566609,0.02,-0.019
0.01,0.009,-0.01733119633185821,0.007772507322846879,0.05,0.01
0.01,0.009,-0.018563884938645088,-0.006620128405933539,0.02,0.0
0.01,0.009,-0.004274687778788105,0.0033557538815861907,0.0,0.019
0.01,0.009,-0.0168029278140994,0.002291959231566609,0.02,-0.019
0.01,0.009,-0.01733119633185821,0.007772507322846879,0.05,0.01
0.01,0.009,-0.018563884938645088,-0.006620128405933539,0.02,0.0
0.01,0.009,-0.004274687778788105,0.0033557538815861907,0.0,0.019
0.01,0.009,-0.0168029278140994,0.002291959231566609,0.02,-0.019
0.01,0.009,-0.01733119633185821,0.007772507322846879,0.05,0.01
0.01,0.009,-0.018563884938645088,-0.006620128405933539,0.02,0.0
0.01,0.009,-0.004274687778788105,0.0033557538815861907,0.0,0.019
0.01,0.009,-0.0168029278140994,0.002291959231566609,0.02,-0.019
0.01,0.009,-0.01733119633185821,0.007772507322846879,0.05,0.01
0.01,0.009,-0.018563884938645088,-0.006620128405933539,0.02,0.0
0.01,0.009,-0.004274687778788105,0.0033557538815861907,0.0,0.019
0.01,0.009,-0.0168029278140994,0.002291959231566609,0.02,-0.019
0.01,0.009,-0.01733119633185821,0.007772507322846879,0.05,0.01
0.01,0.009,-0.018563884938645088,-0.006620128405933539,0.02,0.0
0.01,0.009,-0.004274687778788105,0.0033557538815861907,0.0,0.019
0.01,0.009,-0.0168029278140994,0.002291959231566609,0.02,-0.019
0.01,0.009,-0.01733119633185821,0.007772507322846879,0.05,0.01
0.01,0.009,-0.018563884938645088,-0.006620128405933539,0.02,0.0
0.01,0.009,-0.004274687778788105,0.0033557538815861907,0.0,0.019
0.01,0.009,-0.0168029278140994,0.002291959231566609,0.02,-0.019
0.01,0.009,-0.01733119633185821,0.007772507322846879,0.05,0.01
0.01,0.009,-0.018563884938645088,-0.006620128405933539,0.02,0.0
0.01,0.009,-0.004274687778788105,0.0033557538815861907,0.0,0.019
0.01,0.009,-0.0168029278140994,0.002291959231566609,0.02,-0.019
0.01,0.009,-0.01733119633185821,0.007772507322846879,0.05,0.01
0.01,0.009,-0.018563884938645088,-0.006620128405933539,0.02,0.0
0.01,0.009,-0.004274687778788105,0.0033557538815861907,0.0,0.019
0.01,0.009,-0.0168029278140994,0.002291959231566609,0.02,-0.019
0.01,0.009,-0.01733119633185821,0.007772507322846879,0.05,0.01
0.01,0.009,-0.01585002685197634,-0.01816918198992724,0.02,0.0
0.01,0.009,-0.02769464700383221,0.0014273500910396409,0.0,0.019
0.01,0.009,-0.010619971599289398,0.0045215911292167,0.02,-0.019
0.01,0.009,-0.02609399026938528,0.007206363655705646,0.05,0.01
0.01,0.009,-0.01585002685197634,-0.01816918198992724,0.02,0.0
0.01,0.009,-0.02769464700383221,0.0014273500910396409,0.0,0.019
0.01,0.009,-0.010619971599289398,0.0045215911292167,0.02,-0.019
0.01,0.009,-0.02609399026938528,0.007206363655705646,0.05,0.01
0.01,0.009,-0.01585002685197634,-0.01816918198992724,0.02,0.0
0.01,0.009,-0.02769464700383221,0.0014273500910396409,0.0,0.019
0.01,0.009,-0.010619971599289398,0.0045215911292167,0.02,-0.019
0.01,0.009,-0.02609399026938528,0.007206363655705646,0.05,0.01
0.01,0.009,-0.01585002685197634,-0.01816918198992724,0.02,0.0
0.01,0.009,-0.02769464700383221,0.0014273500910396409,0.0,0.019
0.01,0.009,-0.010619971599289398,0.0045215911292167,0.02,-0.019
0.01,0.009,-0.02609399026938528,0.007206363655705646,0.05,0.01
0.01,0.009,-0.01585002685197634,-0.01816918198992724,0.02,0.0
0.01,0.009,-0.02769464700383221,0.0014273500910396409,0.0,0.019
0.01,0.009,-0.010619971599289398,0.0045215911292167,0.02,-0.019
0.01,0.009,-0.02609399026938528,0.007206363655705646,0.05,0.01
0.01,0.009,-0.01585002685197634,-0.01816918198992724,0.02,0.0
0.01,0.009,-0.02769464700383221,0.0014273500910396409,0.0,0.019
0.01,0.009,-0.010619971599289398,0.0045215911292167,0.02,-0.019
0.01,0.009,-0.02609399026938528,0.007206363655705646,0.05,0.01
0.01,0.009,-0.01585002685197634,-0.01816918198992724,0.02,0.0
0.01,0.009,-0.02769464700383221,0.0014273500910396409,0.0,0.019
0.01,0.009,-0.010619971599289398,0.0045215911292167,0.02,-0.019
0.01,0.009,-0.02609399026938528,0.007206363655705646,0.05,0.01
0.01,0.009,-0.01585002685197634,-0.01816918198992724,0.02,0.0
0.01,0.009,-0.02769464700383221,0.0014273500910396409,0.0,0.019
0.01,0.009,-0.010619971599289398,0.0045215911292167,0.02,-0.019
0.01,0.009,-0.02609399026938528,0.007206363655705646,0.05,0.01
0.01,0.009,-0.01585002685197634,-0.01816918198992724,0.02,0.0
0.01,0.009,-0.02769464700383221,0.0014273500910396409,0.0,0.019
0.01,0.009,-0.010619971599289398,0.0045215911292167,0.02,-0.019
0.01,0.009,-0.02609399026938528,0.007206363655705646,0.05,0.01
0.01,0.009,-0.01585002685197634,-0.01816918198992724,0.02,0.0
0.01,0.009,-0.02769464700383221,0.0014273500910396409,0.0,0.019
0.01,0.009,-0.010619971599289398,0.0045215911292167,0.02,-0.019
0.01,0.009,-0.02609399026938528,0.007206363655705646,0.05,0.01
0.01,0.009,-0.01585002685197634,-0.01816918198992724,0.02,0.0
0.01,0.009,-0.02769464700383221,0.0014273500910396409,0.0,0.019
0.01,0.009,-0.010619971599289398,0.0045215911292167,0.02,-0.019
0.01,0.009,-0.02609399026938528,0.007206363655705646,0.05,0.01
0.01,0.009,-0.01585002685197634,-0.01816918198992724,0.02,0.0
0.01,0.009,-0.02769464700383221,0.0014273500910396409,0.0,0.019
0.01,0.009,-0.010619971599289398,0.0045215911292167,0.02,-0.019
0.01,0.009,-0.02609399026938528,0.007206363655705646,0.05,0.01
0.01,0.009,-0.01585002685197634,-0.01816918198992724,0.02,0.0
0.01,0.009,-0.02769464700383221,0.0014273500910396409,0.0,0.019
0.01,0.009,-0.010619971599289398,0.0045215911292167,0.02,-0.019
0.01,0.009,-0.02609399026938528,0.007206363655705646,0.05,0.01
0.01,0.009,-0.01585002685197634,-0.01816918198992724,0.02,0.0
0.01,0.009,-0.02769464700383221,0.0014273500910396409,0.0,0.019
0.01,0.009,-0.010619971599289398,0.0045215911292167,0.02,-0.019
0.01,0.009,-0.02609399026938528,0.007206363655705646,0.05,0.01
0.01,0.009,-0.01585002685197634,-0.01816918198992724,0.02,0.0
0.01,0.009,-0.02769464700383221,0.0014273500910396409,0.0,0.019
0.01,0.009,-0.010619971599289398,0.0045215911292167,0.02,-0.019
0.01,0.009,-0.02609399026938528,0.007206363655705646,0.05,0.01
0.01,0.009,-0.01585002685197634,-0.01816918198992724,0.02,0.0
0.01,0.009,-0.02769464700383221,0.0014273500910396409,0.0,0.019
0.01,0.009,-0.010619971599289398,0.0045215911292167,0.02,-0.019
0.01,0.009,-0.02609399026938528,0.007206363655705646,0.05,0.01
0.01,0.009,-0.01585002685197634,-0.01816918198992724,0.02,0.0
0.01,0.009,-0.02769464700383221,0.0014273500910396409,0.0,0.019
0.01,0.009,-0.010619971599289398,0.0045215911292167,0.02,-0.019
0.01,0.009,-0.02609399026938528,0.007206363655705646,0.05,0.01
0.01,0.009,-0.01585002685197634,-0.01816918198992724,0.02,0.0
0.01,0.009,-0.02769464700383221,0.0014273500910396409,0.0,0.019
0.01,0.009,-0.010619971599289398,0.0045215911292167,0.02,-0.019
0.01,0.009,-0.02609399026938528,0.007206363655705646,0.05,0.01
0.01,0.009,-0.01585002685197634,-0.01816918198992724,0.02,0.0
0.01,0.009,-0.02769464700383221,0.0014273500910396409,0.0,0.019
0.01,0.009,-0.010619971599289398,0.0045215911292167,0.02,-0.019
0.01,0.009,-0.02609399026938528,0.007206363655705646,0.05,0.01
0.01,0.009,-0.01585002685197634,-0.01816918198992724,0.02,0.0
0.01,0.009,-0.02769464700383221,0.0014273500910396409,0.0,0.019
0.01,0.009,-0.010619971599289398,0.0045215911292167,0.02,-0.019
0.01,0.009,-0.02609399026938528,0.007206363655705646,0.05,0.01
0.01,0.009,-0.01585002685197634,-0.01816918198992724,0.02,0.0
0.01,0.009,-0.02769464700383221,0.0014273500910396409,0.0,0.019
0.01,0.009,-0.010619971599289398,0.0045215911292167,0.02,-0.019
0.01,0.009,-0.02609399026938528,0.007206363655705646,0.05,0.01
0.01,0.009,-0.01585002685197634,-0.01816918198992724,0.02,0.0
0.01,0.009,-0.02769464700383221,0.0014273500910396409,0.0,0.019
0.01,0.009,-0.010619971599289398,0.0045215911292167,0.02,-0.019
0.01,0.009,-0.02609399026938528,0.007206363655705646,0.05,0.01
0.01,0.009,-0.01585002685197634,-0.01816918198992724,0.02,0.0
0.01,0.009,-0.02769464700383221,0.0014273500910396409,0.0,0.019
0.01,0.009,-0.010619971599289398,0.0045215911292167,0.02,-0.019
0.01,0.009,-0.02609399026938528,0.007206363655705646,0.05,0.01
0.01,0.009,-0.01585002685197634,-0.01816918198992724,0.02,0.0
0.01,0.009,-0.02769464700383221,0.0014273500910396409,0.0,0.019
0.01,0.009,-0.010619971599289398,0.0045215911292167,0.02,-0.019
0.01,0.009,-0.02609399026938528,0.007206363655705646,0.05,0.01
0.01,0.009,-0.01585002685197634,-0.01816918198992724,0.02,0.0
0.01,0.009,-0.02769464700383221,0.0014273500910396409,0.0,0.019
0.01,0.009,-0.010619971599289398,0.0045215911292167,0.02,-0.019
0.01,0.009,-0.02609399026938528,0.007206363655705646,0.05,0.01
0.01,0.009,-0.01722456594814865,-0.01588127812175717,0.02,0.0
0.01,0.009,-0.013138172474294916,0.02642397204006652,0.0,0.019
0.01,0.009,-0.013411792048834383,0.0022567492295271553,0.02,-0.019
0.01,0.009,-0.03211146248918238,0.0023409660622506698,0.05,0.01
0.01,0.009,-0.01722456594814865,-0.01588127812175717,0.02,0.0
0.01,0.009,-0.013138172474294916,0.02642397204006652,0.0,0.019
0.01,0.009,-0.013411792048834383,0.0022567492295271553,0.02,-0.019
0.01,0.009,-0.03211146248918238,0.0023409660622506698,0.05,0.01
0.01,0.009,-0.01722456594814865,-0.01588127812175717,0.02,0.0
0.01,0.009,-0.013138172474294916,0.02642397204006652,0.0,0.019
0.01,0.009,-0.013411792048834383,0.0022567492295271553,0.02,-0.019
0.01,0.009,-0.03211146248918238,0.0023409660622506698,0.05,0.01
0.01,0.009,-0.01722456594814865,-0.01588127812175717,0.02,0.0
0.01,0.009,-0.013138172474294916,0.02642397204006652,0.0,0.019
0.01,0.009,-0.013411792048834383,0.0022567492295271553,0.02,-0.019
0.01,0.009,-0.03211146248918238,0.0023409660622506698,0.05,0.01
0.01,0.009,-0.01722456594814865,-0.01588127812175717,0.02,0.0
0.01,0.009,-0.013138172474294916,0.02642397204006652,0.0,0.019
0.01,0.009,-0.013411792048834383,0.0022567492295271553,0.02,-0.019
0.01,0.009,-0.03211146248918238,0.0023409660622506698,0.05,0.01
0.01,0.009,-0.01722456594814865,-0.01588127812175717,0.02,0.0
0.01,0.009,-0.013138172474294916,0.02642397204006652,0.0,0.019
0.01,0.009,-0.013411792048834383,0.0022567492295271553,0.02,-0.019
0.01,0.009,-0.03211146248918238,0.0023409660622506698,0.05,0.01
0.01,0.009,-0.01722456594814865,-0.01588127812175717,0.02,0.0
0.01,0.009,-0.013138172474294916,0.02642397204006652,0.0,0.019
0.01,0.009,-0.013411792048834383,0.0022567492295271553,0.02,-0.019
0.01,0.009,-0.03211146248918238,0.0023409660622506698,0.05,0.01
0.01,0.009,-0.01722456594814865,-0.01588127812175717,0.02,0.0
0.01,0.009,-0.013138172474294916,0.02642397204006652,0.0,0.019
0.01,0.009,-0.013411792048834383,0.0022567492295271553,0.02,-0.019
0.01,0.009,-0.03211146248918238,0.0023409660622506698,0.05,0.01
0.01,0.009,-0.01722456594814865,-0.01588127812175717,0.02,0.0
0.01,0.009,-0.013138172474294916,0.02642397204006652,0.0,0.019
0.01,0.009,-0.013411792048834383,0.0022567492295271553,0.02,-0.019
0.01,0.009,-0.03211146248918238,0.0023409660622506698,0.05,0.01
0.01,0.009,-0.01722456594814865,-0.01588127812175717,0.02,0.0
0.01,0.009,-0.013138172474294916,0.02642397204006652,0.0,0.019
0.01,0.009,-0.013411792048834383,0.0022567492295271553,0.02,-0.019
0.01,0.009,-0.03211146248918238,0.0023409660622506698,0.05,0.01
0.01,0.009,-0.01722456594814865,-0.01588127812175717,0.02,0.0
0.01,0.009,-0.013138172474294916,0.02642397204006652,0.0,0.019
0.01,0.009,-0.013411792048834383,0.0022567492295271553,0.02,-0.019
0.01,0.009,-0.03211146248918238,0.0023409660622506698,0.05,0.01
0.01,0.009,-0.01722456594814865,-0.01588127812175717,0.02,0.0
0.01,0.009,-0.013138172474294916,0.02642397204006652,0.0,0.019
0.01,0.009,-0.013411792048834383,0.0022567492295271553,0.02,-0.019
0.01,0.009,-0.03211146248918238,0.0023409660622506698,0.05,0.01
0.01,0.009,-0.01722456594814865,-0.01588127812175717,0.02,0.0
0.01,0.009,-0.013138172474294916,0.02642397204006652,0.0,0.019
0.01,0.009,-0.013411792048834383,0.0022567492295271553,0.02,-0.019
0.01,0.009,-0.03211146248918238,0.0023409660622506698,0.05,0.01
0.01,0.009,-0.01722456594814865,-0.01588127812175717,0.02,0.0
0.01,0.009,-0.013138172474294916,0.02642397204006652,0.0,0.019
0.01,0.009,-0.013411792048834383,0.0022567492295271553,0.02,-0.019
0.01,0.009,-0.03211146248918238,0.0023409660622506698,0.05,0.01
0.01,0.009,-0.01722456594814865,-0.01588127812175717,0.02,0.0
0.01,0.009,-0.013138172474294916,0.02642397204006652,0.0,0.019
0.01,0.009,-0.013411792048834383,0.0022567492295271553,0.02,-0.019
0.01,0.009,-0.03211146248918238,0.0023409660622506698,0.05,0.01
0.01,0.009,-0.01722456594814865,-0.01588127812175717,0.02,0.0
0.01,0.009,-0.013138172474294916,0.02642397204006652,0.0,0.019
0.01,0.009,-0.013411792048834383,0.0022567492295271553,0.02,-0.019
0.01,0.009,-0.03211146248918238,0.0023409660622506698,0.05,0.01
0.01,0.009,-0.01722456594814865,-0.01588127812175717,0.02,0.0
0.01,0.009,-0.013138172474294916,0.02642397204006652,0.0,0.019
0.01,0.009,-0.013411792048834383,0.0022567492295271553,0.02,-0.019
0.01,0.009,-0.03211146248918238,0.0023409660622506698,0.05,0.01
0.01,0.009,-0.01722456594814865,-0.01588127812175717,0.02,0.0
0.01,0.009,-0.013138172474294916,0.02642397204006652,0.0,0.019
0.01,0.009,-0.013411792048834383,0.0022567492295271553,0.02,-0.019
0.01,0.009,-0.03211146248918238,0.0023409660622506698,0.05,0.01
0.01,0.009,-0.01722456594814865,-0.01588127812175717,0.02,0.0
0.01,0.009,-0.013138172474294916,0.02642397204006652,0.0,0.019
0.01,0.009,-0.013411792048834383,0.0022567492295271553,0.02,-0.019
0.01,0.009,-0.03211146248918238,0.0023409660622506698,0.05,0.01
0.01,0.009,-0.01722456594814865,-0.01588127812175717,0.02,0.0
0.01,0.009,-0.013138172474294916,0.02642397204006652,0.0,0.019
0.01,0.009,-0.013411792048834383,0.0022567492295271553,0.02,-0.019
0.01,0.009,-0.03211146248918238,0.0023409660622506698,0.05,0.01
0.01,0.009,-0.01722456594814865,-0.01588127812175717,0.02,0.0
0.01,0.009,-0.013138172474294916,0.02642397204006652,0.0,0.019
0.01,0.009,-0.013411792048834383,0.0022567492295271553,0.02,-0.019
0.01,0.009,-0.03211146248918238,0.0023409660622506698,0.05,0.01
0.01,0.009,-0.01722456594814865,-0.01588127812175717,0.02,0.0
0.01,0.009,-0.013138172474294916,0.02642397204006652,0.0,0.019
0.01,0.009,-0.013411792048834383,0.0022567492295271553,0.02,-0.019
0.01,0.009,-0.03211146248918238,0.0023409660622506698,0.05,0.01
0.01,0.009,-0.01722456594814865,-0.01588127812175717,0.02,0.0
0.01,0.009,-0.013138172474294916,0.02642397204006652,0.0,0.019
0.01,0.009,-0.013411792048834383,0.0022567492295271553,0.02,-0.019
0.01,0.009,-0.03211146248918238,0.0023409660622506698,0.05,0.01
0.01,0.009,-0.01722456594814865,-0.01588127812175717,0.02,0.0
0.01,0.009,-0.013138172474294916,0.02642397204006652,0.0,0.019
0.01,0.009,-0.013411792048834383,0.0022567492295271553,0.02,-0.019
0.01,0.009,-0.03211146248918238,0.0023409660622506698,0.05,0.01
0.01,0.009,-0.01722456594814865,-0.01588127812175717,0.02,0.0
0.01,0.009,-0.013138172474294916,0.02642397204006652,0.0,0.019
0.01,0.009,-0.013411792048834383,0.0022567492295271553,0.02,-0.019
0.01,0.009,-0.03211146248918238,0.0023409660622506698,0.05,0.01
0.01,0.009,-0.01699523878160422,-0.014885602935467533,0.02,0.0
0.01,0.009,-0.011844852353270988,0.028504617289553173,0.0,0.019
0.01,0.009,-0.013738217144598434,-0.003760664364518531,0.02,-0.019
0.01,0.009,-0.034939739167290415,0.00360994515031962,0.05,0.01
0.01,0.009,-0.01699523878160422,-0.014885602935467533,0.02,0.0
0.01,0.009,-0.011844852353270988,0.028504617289553173,0.0,0.019
0.01,0.009,-0.013738217144598434,-0.003760664364518531,0.02,-0.019
0.01,0.009,-0.034939739167290415,0.00360994515031962,0.05,0.01
0.01,0.009,-0.01699523878160422,-0.014885602935467533,0.02,0.0
0.01,0.009,-0.011844852353270988,0.028504617289553173,0.0,0.019
0.01,0.009,-0.013738217144598434,-0.003760664364518531,0.02,-0.019
0.01,0.009,-0.034939739167290415,0.00360994515031962,0.05,0.01
0.01,0.009,-0.01699523878160422,-0.014885602935467533,0.02,0.0
0.01,0.009,-0.011844852353270988,0.028504617289553173,0.0,0.019
0.01,0.009,-0.013738217144598434,-0.003760664364518531,0.02,-0.019
0.01,0.009,-0.034939739167290415,0.00360994515031962,0.05,0.01
0.01,0.009,-0.01699523878160422,-0.014885602935467533,0.02,0.0
0.01,0.009,-0.011844852353270988,0.028504617289553173,0.0,0.019
0.01,0.009,-0.013738217144598434,-0.003760664364518531,0.02,-0.019
0.01,0.009,-0.034939739167290415,0.00360994515031962,0.05,0.01
0.01,0.009,-0.01699523878160422,-0.014885602935467533,0.02,0.0
0.01,0.009,-0.011844852353270988,0.028504617289553173,0.0,0.019
0.01,0.009,-0.013738217144598434,-0.003760664364518531,0.02,-0.019
0.01,0.009,-0.034939739167290415,0.00360994515031962,0.05,0.01
0.01,0.009,-0.01699523878160422,-0.014885602935467533,0.02,0.0
0.01,0.009,-0.011844852353270988,0.028504617289553173,0.0,0.019
0.01,0.009,-0.013738217144598434,-0.003760664364518531,0.02,-0.019
0.01,0.009,-0.034939739167290415,0.00360994515031962,0.05,0.01
0.01,0.009,-0.01699523878160422,-0.014885602935467533,0.02,0.0
0.01,0.009,-0.011844852353270988,0.028504617289553173,0.0,0.019
0.01,0.009,-0.013738217144598434,-0.003760664364518531,0.02,-0.019
0.01,0.009,-0.034939739167290415,0.00360994515031962,0.05,0.01
0.01,0.009,-0.01699523878160422,-0.014885602935467533,0.02,0.0
0.01,0.009,-0.011844852353270988,0.028504617289553173,0.0,0.019
0.01,0.009,-0.013738217144598434,-0.003760664364518531,0.02,-0.019
0.01,0.009,-0.034939739167290415,0.00360994515031962,0.05,0.01
0.01,0.009,-0.01699523878160422,-0.014885602935467533,0.02,0.0
0.01,0.009,-0.011844852353270988,0.028504617289553173,0.0,0.019
0.01,0.009,-0.013738217144598434,-0.003760664364518531,0.02,-0.019
0.01,0.009,-0.034939739167290415,0.00360994515031962,0.05,0.01
0.01,0.009,-0.01699523878160422,-0.014885602935467533,0.02,0.0
0.01,0.009,-0.011844852353270988,0.028504617289553173,0.0,0.019
0.01,0.009,-0.013738217144598434,-0.003760664364518531,0.02,-0.019
0.01,0.009,-0.034939739167290415,0.00360994515031962,0.05,0.01
0.01,0.009,-0.01699523878160422,-0.014885602935467533,0.02,0.0
0.01,0.009,-0.011844852353270988,0.028504617289553173,0.0,0.019
0.01,0.009,-0.013738217144598434,-0.003760664364518531,0.02,-0.019
0.01,0.009,-0.034939739167290415,0.00360994515031962,0.05,0.01
0.01,0.009,-0.01699523878160422,-0.014885602935467533,0.02,0.0
0.01,0.009,-0.011844852353270988,0.028504617289553173,0.0,0.019
0.01,0.009,-0.013738217144598434,-0.003760664364518531,0.02,-0.019
0.01,0.009,-0.034939739167290415,0.00360994515031962,0.05,0.01
0.01,0.009,-0.01699523878160422,-0.014885602935467533,0.02,0.0
0.01,0.009,-0.011844852353270988,0.028504617289553173,0.0,0.019
0.01,0.009,-0.013738217144598434,-0.003760664364518531,0.02,-0.019
0.01,0.009,-0.034939739167290415,0.00360994515031962,0.05,0.01
0.01,0.009,-0.01699523878160422,-0.014885602935467533,0.02,0.0
0.01,0.009,-0.011844852353270988,0.028504617289553173,0.0,0.019
0.01,0.009,-0.013738217144598434,-0.003760664364518531,0.02,-0.019
0.01,0.009,-0.034939739167290415,0.00360994515031962,0.05,0.01
0.01,0.009,-0.01699523878160422,-0.014885602935467533,0.02,0.0
0.01,0.009,-0.011844852353270988,0.028504617289553173,0.0,0.019
0.01,0.009,-0.013738217144598434,-0.003760664364518531,0.02,-0.019
0.01,0.009,-0.034939739167290415,0.00360994515031962,0.05,0.01
0.01,0.009,-0.01699523878160422,-0.014885602935467533,0.02,0.0
0.01,0.009,-0.011844852353270988,0.028504617289553173,0.0,0.019
0.01,0.009,-0.013738217144598434,-0.003760664364518531,0.02,-0.019
0.01,0.009,-0.034939739167290415,0.00360994515031962,0.05,0.01
0.01,0.009,-0.01699523878160422,-0.014885602935467533,0.02,0.0
0.01,0.009,-0.011844852353270988,0.028504617289553173,0.0,0.019
0.01,0.009,-0.013738217144598434,-0.003760664364518531,0.02,-0.019
0.01,0.009,-0.034939739167290415,0.00360994515031962,0.05,0.01
0.01,0.009,-0.01699523878160422,-0.014885602935467533,0.02,0.0
0.01,0.009,-0.011844852353270988,0.028504617289553173,0.0,0.019
0.01,0.009,-0.013738217144598434,-0.003760664364518531,0.02,-0.019
0.01,0.009,-0.034939739167290415,0.00360994515031962,0.05,0.01
0.01,0.009,-0.01699523878160422,-0.014885602935467533,0.02,0.0
0.01,0.009,-0.011844852353270988,0.028504617289553173,0.0,0.019
0.01,0.009,-0.013738217144598434,-0.003760664364518531,0.02,-0.019
0.01,0.009,-0.034939739167290415,0.00360994515031962,0.05,0.01
0.01,0.009,-0.01699523878160422,-0.014885602935467533,0.02,0.0
0.01,0.009,-0.011844852353270988,0.028504617289553173,0.0,0.019
0.01,0.009,-0.013738217144598434,-0.003760664364518531,0.02,-0.019
0.01,0.009,-0.034939739167290415,0.00360994515031962,0.05,0.01
0.01,0.009,-0.01699523878160422,-0.014885602935467533,0.02,0.0
0.01,0.009,-0.011844852353270988,0.028504617289553173,0.0,0.019
0.01,0.009,-0.013738217144598434,-0.003760664364518531,0.02,-0.019
0.01,0.009,-0.034939739167290415,0.00360994515031962,0.05,0.01
0.01,0.009,-0.01699523878160422,-0.014885602935467533,0.02,0.0
0.01,0.009,-0.011844852353270988,0.028504617289553173,0.0,0.019
0.01,0.009,-0.013738217144598434,-0.003760664364518531,0.02,-0.019
0.01,0.009,-0.034939739167290415,0.00360994515031962,0.05,0.01
0.01,0.009,-0.01699523878160422,-0.014885602935467533,0.02,0.0
0.01,0.009,-0.011844852353270988,0.028504617289553173,0.0,0.019
0.01,0.009,-0.013738217144598434,-0.003760664364518531,0.02,-0.019
0.01,0.009,-0.034939739167290415,0.00360994515031962,0.05,0.01
0.01,0.009,-0.01699523878160422,-0.014885602935467533,0.02,0.0
0.01,0.009,-0.011844852353270988,0.028504617289553173,0.0,0.019
0.01,0.009,-0.013738217144598434,-0.003760664364518531,0.02,-0.019
0.01,0.009,-0.034939739167290415,0.00360994515031962,0.05,0.01
0.01,0.009,-0.015081505835942212,0.009581954402571376,0.02,0.0
0.01,0.009,0.002630274682737642,0.012627254530573135,0.0,0.019
0.01,0.009,-0.018758008975949945,-0.018410633618668737,0.02,-0.019
0.01,0.009,-0.03331686104069281,0.009770949051743751,0.05,0.01
0.01,0.0009,0.007798771469450954,-0.007540166656914,0.02,0.0
0.01,0.0009,-0.002426850298973394,0.001736620243741043,0.0,0.019
0.01,0.0009,-0.006305749846489325,-0.0024032540799020586,0.02,-0.019
0.01,0.0009,-0.02065570027433682,0.004503013254505962,0.05,0.01
0.01,0.0009,0.007798771469450954,-0.007540166656914,0.02,0.0
0.01,0.0009,-0.002426850298973394,0.001736620243741043,0.0,0.019
0.01,0.0009,-0.006305749846489325,-0.0024032540799020586,0.02,-0.019
0.01,0.0009,-0.02065570027433682,0.004503013254505962,0.05,0.01
0.01,0.0009,0.007798771469450954,-0.007540166656914,0.02,0.0
0.01,0.0009,-0.002426850298973394,0.001736620243741043,0.0,0.019
0.01,0.0009,-0.006305749846489325,-0.0024032540799020586,0.02,-0.019
0.01,0.0009,-0.02065570027433682,0.004503013254505962,0.05,0.01
0.01,0.0009,0.007798771469450954,-0.007540166656914,0.02,0.0
0.01,0.0009,-0.002426850298973394,0.001736620243741043,0.0,0.019
0.01,0.0009,-0.006305749846489325,-0.0024032540799020586,0.02,-0.019
0.01,0.0009,-0.02065570027433682,0.004503013254505962,0.05,0.01
0.01,0.0009,0.007798771469450954,-0.007540166656914,0.02,0.0
0.01,0.0009,-0.002426850298973394,0.001736620243741043,0.0,0.019
0.01,0.0009,-0.006305749846489325,-0.0024032540799020586,0.02,-0.019
0.01,0.0009,-0.02065570027433682,0.004503013254505962,0.05,0.01
0.01,0.0009,0.007798771469450954,-0.007540166656914,0.02,0.0
0.01,0.0009,-0.002426850298973394,0.001736620243741043,0.0,0.019
0.01,0.0009,-0.006305749846489325,-0.0024032540799020586,0.02,-0.019
0.01,0.0009,-0.02065570027433682,0.004503013254505962,0.05,0.01
0.01,0.0009,0.007798771469450954,-0.007540166656914,0.02,0.0
0.01,0.0009,-0.002426850298973394,0.001736620243741043,0.0,0.019
0.01,0.0009,-0.006305749846489325,-0.0024032540799020586,0.02,-0.019
0.01,0.0009,-0.02065570027433682,0.004503013254505962,0.05,0.01
0.01,0.0009,0.007798771469450954,-0.007540166656914,0.02,0.0
0.01,0.0009,-0.002426850298973394,0.001736620243741043,0.0,0.019
0.01,0.0009,-0.006305749846489325,-0.0024032540799020586,0.02,-0.019
0.01,0.0009,-0.02065570027433682,0.004503013254505962,0.05,0.01
0.01,0.0009,0.007798771469450954,-0.007540166656914,0.02,0.0
0.01,0.0009,-0.002426850298973394,0.001736620243741043,0.0,0.019
0.01,0.0009,-0.006305749846489325,-0.0024032540799020586,0.02,-0.019
0.01,0.0009,-0.02065570027433682,0.004503013254505962,0.05,0.01
0.01,0.0009,0.007798771469450954,-0.007540166656914,0.02,0.0
0.01,0.0009,-0.002426850298973394,0.001736620243741043,0.0,0.019
0.01,0.0009,-0.006305749846489325,-0.0024032540799020586,0.02,-0.019
0.01,0.0009,-0.02065570027433682,0.004503013254505962,0.05,0.01
0.01,0.0009,0.007798771469450954,-0.007540166656914,0.02,0.0
0.01,0.0009,-0.002426850298973394,0.001736620243741043,0.0,0.019
0.01,0.0009,-0.006305749846489325,-0.0024032540799020586,0.02,-0.019
0.01,0.0009,-0.02065570027433682,0.004503013254505962,0.05,0.01
0.01,0.0009,0.007798771469450954,-0.007540166656914,0.02,0.0
0.01,0.0009,-0.002426850298973394,0.001736620243741043,0.0,0.019
0.01,0.0009,-0.006305749846489325,-0.0024032540799020586,0.02,-0.019
0.01,0.0009,-0.02065570027433682,0.004503013254505962,0.05,0.01
0.01,0.0009,0.007798771469450954,-0.007540166656914,0.02,0.0
0.01,0.0009,-0.002426850298973394,0.001736620243741043,0.0,0.019
0.01,0.0009,-0.006305749846489325,-0.0024032540799020586,0.02,-0.019
0.01,0.0009,-0.02065570027433682,0.004503013254505962,0.05,0.01
0.01,0.0009,0.007798771469450954,-0.007540166656914,0.02,0.0
0.01,0.0009,-0.002426850298973394,0.001736620243741043,0.0,0.019
0.01,0.0009,-0.006305749846489325,-0.0024032540799020586,0.02,-0.019
0.01,0.0009,-0.02065570027433682,0.004503013254505962,0.05,0.01
0.01,0.0009,0.007798771469450954,-0.007540166656914,0.02,0.0
0.01,0.0009,-0.002426850298973394,0.001736620243741043,0.0,0.019
0.01,0.0009,-0.006305749846489325,-0.0024032540799020586,0.02,-0.019
0.01,0.0009,-0.02065570027433682,0.004503013254505962,0.05,0.01
0.01,0.0009,0.007798771469450954,-0.007540166656914,0.02,0.0
0.01,0.0009,-0.002426850298973394,0.001736620243741043,0.0,0.019
0.01,0.0009,-0.006305749846489325,-0.0024032540799020586,0.02,-0.019
0.01,0.0009,-0.02065570027433682,0.004503013254505962,0.05,0.01
0.01,0.0009,0.007798771469450954,-0.007540166656914,0.02,0.0
0.01,0.0009,-0.002426850298973394,0.001736620243741043,0.0,0.019
0.01,0.0009,-0.006305749846489325,-0.0024032540799020586,0.02,-0.019
0.01,0.0009,-0.02065570027433682,0.004503013254505962,0.05,0.01
0.01,0.0009,0.007798771469450954,-0.007540166656914,0.02,0.0
0.01,0.0009,-0.002426850298973394,0.001736620243741043,0.0,0.019
0.01,0.0009,-0.006305749846489325,-0.0024032540799020586,0.02,-0.019
0.01,0.0009,-0.02065570027433682,0.004503013254505962,0.05,0.01
0.01,0.0009,0.007798771469450954,-0.007540166656914,0.02,0.0
0.01,0.0009,-0.002426850298973394,0.001736620243741043,0.0,0.019
0.01,0.0009,-0.006305749846489325,-0.0024032540799020586,0.02,-0.019
0.01,0.0009,-0.02065570027433682,0.004503013254505962,0.05,0.01
0.01,0.0009,0.007798771469450954,-0.007540166656914,0.02,0.0
0.01,0.0009,-0.002426850298973394,0.001736620243741043,0.0,0.019
0.01,0.0009,-0.006305749846489325,-0.0024032540799020586,0.02,-0.019
0.01,0.0009,-0.02065570027433682,0.004503013254505962,0.05,0.01
0.01,0.0009,0.007798771469450954,-0.007540166656914,0.02,0.0
0.01,0.0009,-0.002426850298973394,0.001736620243741043,0.0,0.019
0.01,0.0009,-0.006305749846489325,-0.0024032540799020586,0.02,-0.019
0.01,0.0009,-0.02065570027433682,0.004503013254505962,0.05,0.01
0.01,0.0009,0.007798771469450954,-0.007540166656914,0.02,0.0
0.01,0.0009,-0.002426850298973394,0.001736620243741043,0.0,0.019
0.01,0.0009,-0.006305749846489325,-0.0024032540799020586,0.02,-0.019
0.01,0.0009,-0.02065570027433682,0.004503013254505962,0.05,0.01
0.01,0.0009,0.007798771469450954,-0.007540166656914,0.02,0.0
0.01,0.0009,-0.002426850298973394,0.001736620243741043,0.0,0.019
0.01,0.0009,-0.006305749846489325,-0.0024032540799020586,0.02,-0.019
0.01,0.0009,-0.02065570027433682,0.004503013254505962,0.05,0.01
0.01,0.0009,0.007798771469450954,-0.007540166656914,0.02,0.0
0.01,0.0009,-0.002426850298973394,0.001736620243741043,0.0,0.019
0.01,0.0009,-0.006305749846489325,-0.0024032540799020586,0.02,-0.019
0.01,0.0009,-0.02065570027433682,0.004503013254505962,0.05,0.01
0.01,0.0009,0.007798771469450954,-0.007540166656914,0.02,0.0
0.01,0.0009,-0.002426850298973394,0.001736620243741043,0.0,0.019
0.01,0.0009,-0.006305749846489325,-0.0024032540799020586,0.02,-0.019
0.01,0.0009,-0.02065570027433682,0.004503013254505962,0.05,0.01
0.01,0.0009,-0.027690449601917425,-0.027153611049642718,0.02,0.0
0.01,0.0009,0.00688141572650793,0.022742659726837002,0.0,0.019
0.01,0.0009,-0.015917242700974478,-0.011143159841547052,0.02,-0.019
0.01,0.0009,-0.021413330219129736,0.009683502800678059,0.05,0.01
0.01,0.0009,-0.027690449601917425,-0.027153611049642718,0.02,0.0
0.01,0.0009,0.00688141572650793,0.022742659726837002,0.0,0.019
0.01,0.0009,-0.015917242700974478,-0.011143159841547052,0.02,-0.019
0.01,0.0009,-0.021413330219129736,0.009683502800678059,0.05,0.01
0.01,0.0009,-0.027690449601917425,-0.027153611049642718,0.02,0.0
0.01,0.0009,0.00688141572650793,0.022742659726837002,0.0,0.019
0.01,0.0009,-0.015917242700974478,-0.011143159841547052,0.02,-0.019
0.01,0.0009,-0.021413330219129736,0.009683502800678059,0.05,0.01
0.01,0.0009,-0.027690449601917425,-0.027153611049642718,0.02,0.0
0.01,0.0009,0.00688141572650793,0.022742659726837002,0.0,0.019
0.01,0.0009,-0.015917242700974478,-0.011143159841547052,0.02,-0.019
0.01,0.0009,-0.021413330219129736,0.009683502800678059,0.05,0.01
0.01,0.0009,-0.027690449601917425,-0.027153611049642718,0.02,0.0
0.01,0.0009,0.00688141572650793,0.022742659726837002,0.0,0.019
0.01,0.0009,-0.015917242700974478,-0.011143159841547052,0.02,-0.019
0.01,0.0009,-0.021413330219129736,0.009683502800678059,0.05,0.01
0.01,0.0009,-0.027690449601917425,-0.027153611049642718,0.02,0.0
0.01,0.0009,0.00688141572650793,0.022742659726837002,0.0,0.019
0.01,0.0009,-0.015917242700974478,-0.011143159841547052,0.02,-0.019
0.01,0.0009,-0.021413330219129736,0.009683502800678059,0.05,0.01
0.01,0.0009,-0.027690449601917425,-0.027153611049642718,0.02,0.0
0.01,0.0009,0.00688141572650793,0.022742659726837002,0.0,0.019
0.01,0.0009,-0.015917242700974478,-0.011143159841547052,0.02,-0.019
0.01,0.0009,-0.021413330219129736,0.009683502800678059,0.05,0.01
0.01,0.0009,-0.027690449601917425,-0.027153611049642718,0.02,0.0
0.01,0.0009,0.00688141572650793,0.022742659726837002,0.0,0.019
0.01,0.0009,-0.015917242700974478,-0.011143159841547052,0.02,-0.019
0.01,0.0009,-0.021413330219129736,0.009683502800678059,0.05,0.01
0.01,0.0009,-0.027690449601917425,-0.027153611049642718,0.02,0.0
0.01,0.0009,0.00688141572650793,0.022742659726837002,0.0,0.019
0.01,0.0009,-0.015917242700974478,-0.011143159841547052,0.02,-0.019
0.01,0.0009,-0.021413330219129736,0.009683502800678059,0.05,0.01
0.01,0.0009,-0.027690449601917425,-0.027153611049642718,0.02,0.0
0.01,0.0009,0.00688141572650793,0.022742659726837002,0.0,0.019
0.01,0.0009,-0.015917242700974478,-0.011143159841547052,0.02,-0.019
0.01,0.0009,-0.021413330219129736,0.009683502800678059,0.05,0.01
0.01,0.0009,-0.027690449601917425,-0.027153611049642718,0.02,0.0
0.01,0.0009,0.00688141572650793,0.022742659726837002,0.0,0.019
0.01,0.0009,-0.015917242700974478,-0.011143159841547052,0.02,-0.019
0.01,0.0009,-0.021413330219129736,0.009683502800678059,0.05,0.01
0.01,0.0009,-0.027690449601917425,-0.027153611049642718,0.02,0.0
0.01,0.0009,0.00688141572650793,0.022742659726837002,0.0,0.019
0.01,0.0009,-0.015917242700974478,-0.011143159841547052,0.02,-0.019
0.01,0.0009,-0.021413330219129736,0.009683502800678059,0.05,0.01
0.01,0.0009,-0.027690449601917425,-0.027153611049642718,0.02,0.0
0.01,0.0009,0.00688141572650793,0.022742659726837002,0.0,0.019
0.01,0.0009,-0.015917242700974478,-0.011143159841547052,0.02,-0.019
0.01,0.0009,-0.021413330219129736,0.009683502800678059,0.05,0.01
0.01,0.0009,-0.027690449601917425,-0.027153611049642718,0.02,0.0
0.01,0.0009,0.00688141572650793,0.022742659726837002,0.0,0.019
0.01,0.0009,-0.015917242700974478,-0.011143159841547052,0.02,-0.019
0.01,0.0009,-0.021413330219129736,0.009683502800678059,0.05,0.01
0.01,0.0009,-0.027690449601917425,-0.027153611049642718,0.02,0.0
0.01,0.0009,0.00688141572650793,0.022742659726837002,0.0,0.019
0.01,0.0009,-0.015917242700974478,-0.011143159841547052,0.02,-0.019
0.01,0.0009,-0.021413330219129736,0.009683502800678059,0.05,0.01
0.01,0.0009,-0.027690449601917425,-0.027153611049642718,0.02,0.0
0.01,0.0009,0.00688141572650793,0.022742659726837002,0.0,0.019
0.01,0.0009,-0.015917242700974478,-0.011143159841547052,0.02,-0.019
0.01,0.0009,-0.021413330219129736,0.009683502800678059,0.05,0.01
0.01,0.0009,-0.027690449601917425,-0.027153611049642718,0.02,0.0
0.01,0.0009,0.00688141572650793,0.022742659726837002,0.0,0.019
0.01,0.0009,-0.015917242700974478,-0.011143159841547052,0.02,-0.019
0.01,0.0009,-0.021413330219129736,0.009683502800678059,0.05,0.01
0.01,0.0009,-0.027690449601917425,-0.027153611049642718,0.02,0.0
0.01,0.0009,0.00688141572650793,0.022742659726837002,0.0,0.019
0.01,0.0009,-0.015917242700974478,-0.011143159841547052,0.02,-0.019
0.01,0.0009,-0.021413330219129736,0.009683502800678059,0.05,0.01
0.01,0.0009,-0.027690449601917425,-0.027153611049642718,0.02,0.0
0.01,0.0009,0.00688141572650793,0.022742659726837002,0.0,0.019
0.01,0.0009,-0.015917242700974478,-0.011143159841547052,0.02,-0.019
0.01,0.0009,-0.021413330219129736,0.009683502800678059,0.05,0.01
0.01,0.0009,-0.027690449601917425,-0.027153611049642718,0.02,0.0
0.01,0.0009,0.00688141572650793,0.022742659726837002,0.0,0.019
0.01,0.0009,-0.015917242700974478,-0.011143159841547052,0.02,-0.019
0.01,0.0009,-0.021413330219129736,0.009683502800678059,0.05,0.01
0.01,0.0009,-0.027690449601917425,-0.027153611049642718,0.02,0.0
0.01,0.0009,0.00688141572650793,0.022742659726837002,0.0,0.019
0.01,0.0009,-0.015917242700974478,-0.011143159841547052,0.02,-0.019
0.01,0.0009,-0.021413330219129736,0.009683502800678059,0.05,0.01
0.01,0.0009,-0.027690449601917425,-0.027153611049642718,0.02,0.0
0.01,0.0009,0.00688141572650793,0.022742659726837002,0.0,0.019
0.01,0.0009,-0.015917242700974478,-0.011143159841547052,0.02,-0.019
0.01,0.0009,-0.021413330219129736,0.009683502800678059,0.05,0.01
0.01,0.0009,-0.027690449601917425,-0.027153611049642718,0.02,0.0
0.01,0.0009,0.00688141572650793,0.022742659726837002,0.0,0.019
0.01,0.0009,-0.015917242700974478,-0.011143159841547052,0.02,-0.019
0.01,0.0009,-0.021413330219129736,0.009683502800678059,0.05,0.01
0.01,0.0009,-0.027690449601917425,-0.027153611049642718,0.02,0.0
0.01,0.0009,0.00688141572650793,0.022742659726837002,0.0,0.019
0.01,0.0009,-0.015917242700974478,-0.011143159841547052,0.02,-0.019
0.01,0.0009,-0.021413330219129736,0.009683502800678059,0.05,0.01
0.01,0.0009,-0.027690449601917425,-0.027153611049642718,0.02,0.0
0.01,0.0009,0.00688141572650793,0.022742659726837002,0.0,0.019
0.01,0.0009,-0.015917242700974478,-0.011143159841547052,0.02,-0.019
0.01,0.0009,-0.021413330219129736,0.009683502800678059,0.05,0.01
0.01,0.0009,-0.018077718542784983,-0.021935567667954476,0.02,0.0
0.01,0.0009,-0.00807056904739536,0.016117269244032863,0.0,0.019
0.01,0.0009,-0.011125501957397907,-0.01218408547138318,0.02,-0.019
0.01,0.0009,-0.025788227682669772,0.006279901915283894,0.05,0.01
0.01,0.0009,-0.018077718542784983,-0.021935567667954476,0.02,0.0
0.01,0.0009,-0.00807056904739536,0.016117269244032863,0.0,0.019
0.01,0.0009,-0.011125501957397907,-0.01218408547138318,0.02,-0.019
0.01,0.0009,-0.025788227682669772,0.006279901915283894,0.05,0.01
0.01,0.0009,-0.018077718542784983,-0.021935567667954476,0.02,0.0
0.01,0.0009,-0.00807056904739536,0.016117269244032863,0.0,0.019
0.01,0.0009,-0.011125501957397907,-0.01218408547138318,0.02,-0.019
0.01,0.0009,-0.025788227682669772,0.006279901915283894,0.05,0.01
0.01,0.0009,-0.018077718542784983,-0.021935567667954476,0.02,0.0
0.01,0.0009,-0.00807056904739536,0.016117269244032863,0.0,0.019
0.01,0.0009,-0.011125501957397907,-0.01218408547138318,0.02,-0.019
0.01,0.0009,-0.025788227682669772,0.006279901915283894,0.05,0.01
0.01,0.0009,-0.018077718542784983,-0.021935567667954476,0.02,0.0
0.01,0.0009,-0.00807056904739536,0.016117269244032863,0.0,0.019
0.01,0.0009,-0.011125501957397907,-0.01218408547138318,0.02,-0.019
0.01,0.0009,-0.025788227682669772,0.006279901915283894,0.05,0.01
0.01,0.0009,-0.018077718542784983,-0.021935567667954476,0.02,0.0
0.01,0.0009,-0.00807056904739536,0.016117269244032863,0.0,0.019
0.01,0.0009,-0.011125501957397907,-0.01218408547138318,0.02,-0.019
0.01,0.0009,-0.025788227682669772,0.006279901915283894,0.05,0.01
0.01,0.0009,-0.018077718542784983,-0.021935567667954476,0.02,0.0
0.01,0.0009,-0.00807056904739536,0.016117269244032863,0.0,0.019
0.01,0.0009,-0.011125501957397907,-0.01218408547138318,0.02,-0.019
0.01,0.0009,-0.025788227682669772,0.006279901915283894,0.05,0.01
0.01,0.0009,-0.018077718542784983,-0.021935567667954476,0.02,0.0
0.01,0.0009,-0.00807056904739536,0.016117269244032863,0.0,0.019
0.01,0.0009,-0.011125501957397907,-0.01218408547138318,0.02,-0.019
0.01,0.0009,-0.025788227682669772,0.006279901915283894,0.05,0.01
0.01,0.0009,-0.018077718542784983,-0.021935567667954476,0.02,0.0
0.01,0.0009,-0.00807056904739536,0.016117269244032863,0.0,0.019
0.01,0.0009,-0.011125501957397907,-0.01218408547138318,0.02,-0.019
0.01,0.0009,-0.025788227682669772,0.006279901915283894,0.05,0.01
0.01,0.0009,-0.018077718542784983,-0.021935567667954476,0.02,0.0
0.01,0.0009,-0.00807056904739536,0.016117269244032863,0.0,0.019
0.01,0.0009,-0.011125501957397907,-0.01218408547138318,0.02,-0.019
0.01,0.0009,-0.025788227682669772,0.006279901915283894,0.05,0.01
0.01,0.0009,-0.018077718542784983,-0.021935567667954476,0.02,0.0
0.01,0.0009,-0.00807056904739536,0.016117269244032863,0.0,0.019
0.01,0.0009,-0.011125501957397907,-0.01218408547138318,0.02,-0.019
0.01,0.0009,-0.025788227682669772,0.006279901915283894,0.05,0.01
0.01,0.0009,-0.018077718542784983,-0.021935567667954476,0.02,0.0
0.01,0.0009,-0.00807056904739536,0.016117269244032863,0.0,0.019
0.01,0.0009,-0.011125501957397907,-0.01218408547138318,0.02,-0.019
0.01,0.0009,-0.025788227682669772,0.006279901915283894,0.05,0.01
0.01,0.0009,-0.018077718542784983,-0.021935567667954476,0.02,0.0
0.01,0.0009,-0.00807056904739536,0.016117269244032863,0.0,0.019
0.01,0.0009,-0.011125501957397907,-0.01218408547138318,0.02,-0.019
0.01,0.0009,-0.025788227682669772,0.006279901915283894,0.05,0.01
0.01,0.0009,-0.018077718542784983,-0.021935567667954476,0.02,0.0
0.01,0.0009,-0.00807056904739536,0.016117269244032863,0.0,0.019
0.01,0.0009,-0.011125501957397907,-0.01218408547138318,0.02,-0.019
0.01,0.0009,-0.025788227682669772,0.006279901915283894,0.05,0.01
0.01,0.0009,-0.018077718542784983,-0.021935567667954476,0.02,0.0
0.01,0.0009,-0.00807056904739536,0.016117269244032863,0.0,0.019
0.01,0.0009,-0.011125501957397907,-0.01218408547138318,0.02,-0.019
0.01,0.0009,-0.025788227682669772,0.006279901915283894,0.05,0.01
0.01,0.0009,-0.018077718542784983,-0.021935567667954476,0.02,0.0
0.01,0.0009,-0.00807056904739536,0.016117269244032863,0.0,0.019
0.01,0.0009,-0.011125501957397907,-0.01218408547138318,0.02,-0.019
0.01,0.0009,-0.025788227682669772,0.006279901915283894,0.05,0.01
0.01,0.0009,-0.018077718542784983,-0.021935567667954476,0.02,0.0
0.01,0.0009,-0.00807056904739536,0.016117269244032863,0.0,0.019
0.01,0.0009,-0.011125501957397907,-0.01218408547138318,0.02,-0.019
0.01,0.0009,-0.025788227682669772,0.006279901915283894,0.05,0.01
0.01,0.0009,-0.018077718542784983,-0.021935567667954476,0.02,0.0
0.01,0.0009,-0.00807056904739536,0.016117269244032863,0.0,0.019
0.01,0.0009,-0.011125501957397907,-0.01218408547138318,0.02,-0.019
0.01,0.0009,-0.025788227682669772,0.006279901915283894,0.05,0.01
0.01,0.0009,-0.018077718542784983,-0.021935567667954476,0.02,0.0
0.01,0.0009,-0.00807056904739536,0.016117269244032863,0.0,0.019
0.01,0.0009,-0.011125501957397907,-0.01218408547138318,0.02,-0.019
0.01,0.0009,-0.025788227682669772,0.006279901915283894,0.05,0.01
0.01,0.0009,-0.018077718542784983,-0.021935567667954476,0.02,0.0
0.01,0.0009,-0.00807056904739536,0.016117269244032863,0.0,0.019
0.01,0.0009,-0.011125501957397907,-0.01218408547138318,0.02,-0.019
0.01,0.0009,-0.025788227682669772,0.006279901915283894,0.05,0.01
0.01,0.0009,-0.018077718542784983,-0.021935567667954476,0.02,0.0
0.01,0.0009,-0.00807056904739536,0.016117269244032863,0.0,0.019
0.01,0.0009,-0.011125501957397907,-0.01218408547138318,0.02,-0.019
0.01,0.0009,-0.025788227682669772,0.006279901915283894,0.05,0.01
0.01,0.0009,-0.018077718542784983,-0.021935567667954476,0.02,0.0
0.01,0.0009,-0.00807056904739536,0.016117269244032863,0.0,0.019
0.01,0.0009,-0.011125501957397907,-0.01218408547138318,0.02,-0.019
0.01,0.0009,-0.025788227682669772,0.006279901915283894,0.05,0.01
0.01,0.0009,-0.018077718542784983,-0.021935567667954476,0.02,0.0
0.01,0.0009,-0.00807056904739536,0.016117269244032863,0.0,0.019
0.01,0.0009,-0.011125501957397907,-0.01218408547138318,0.02,-0.019
0.01,0.0009,-0.025788227682669772,0.006279901915283894,0.05,0.01
0.01,0.0009,-0.018077718542784983,-0.021935567667954476,0.02,0.0
0.01,0.0009,-0.00807056904739536,0.016117269244032863,0.0,0.019
0.01,0.0009,-0.011125501957397907,-0.01218408547138318,0.02,-0.019
0.01,0.0009,-0.025788227682669772,0.006279901915283894,0.05,0.01
0.01,0.0009,-0.018077718542784983,-0.021935567667954476,0.02,0.0
0.01,0.0009,-0.00807056904739536,0.016117269244032863,0.0,0.019
0.01,0.0009,-0.011125501957397907,-0.01218408547138318,0.02,-0.019
0.01,0.0009,-0.025788227682669772,0.006279901915283894,0.05,0.01
0.01,0.0009,-0.022688305743131142,-0.022879220458865694,0.02,0.0
0.01,0.0009,-0.0055713177875906595,0.019494973358089085,0.0,0.019
0.01,0.0009,-0.010994557676878491,-0.009053756223439909,0.02,-0.019
0.01,0.0009,-0.025165996772734876,0.007719426561912853,0.05,0.01
0.01,0.0009,-0.022688305743131142,-0.022879220458865694,0.02,0.0
0.01,0.0009,-0.0055713177875906595,0.019494973358089085,0.0,0.019
0.01,0.0009,-0.010994557676878491,-0.009053756223439909,0.02,-0.019
0.01,0.0009,-0.025165996772734876,0.007719426561912853,0.05,0.01
0.01,0.0009,-0.022688305743131142,-0.022879220458865694,0.02,0.0
0.01,0.0009,-0.0055713177875906595,0.019494973358089085,0.0,0.019
0.01,0.0009,-0.010994557676878491,-0.009053756223439909,0.02,-0.019
0.01,0.0009,-0.025165996772734876,0.007719426561912853,0.05,0.01
0.01,0.0009,-0.022688305743131142,-0.022879220458865694,0.02,0.0
0.01,0.0009,-0.0055713177875906595,0.019494973358089085,0.0,0.019
0.01,0.0009,-0.010994557676878491,-0.009053756223439909,0.02,-0.019
0.01,0.0009,-0.025165996772734876,0.007719426561912853,0.05,0.01
0.01,0.0009,-0.022688305743131142,-0.022879220458865694,0.02,0.0
0.01,0.0009,-0.0055713177875906595,0.019494973358089085,0.0,0.019
0.01,0.0009,-0.010994557676878491,-0.009053756223439909,0.02,-0.019
0.01,0.0009,-0.025165996772734876,0.007719426561912853,0.05,0.01
0.01,0.0009,-0.022688305743131142,-0.022879220458865694,0.02,0.0
0.01,0.0009,-0.0055713177875906595,0.019494973358089085,0.0,0.019
0.01,0.0009,-0.010994557676878491,-0.009053756223439909,0.02,-0.019
0.01,0.0009,-0.025165996772734876,0.007719426561912853,0.05,0.01
0.01,0.0009,-0.022688305743131142,-0.022879220458865694,0.02,0.0
0.01,0.0009,-0.0055713177875906595,0.019494973358089085,0.0,0.019
0.01,0.0009,-0.010994557676878491,-0.009053756223439909,0.02,-0.019
0.01,0.0009,-0.025165996772734876,0.007719426561912853,0.05,0.01
0.01,0.0009,-0.022688305743131142,-0.022879220458865694,0.02,0.0
0.01,0.0009,-0.0055713177875906595,0.019494973358089085,0.0,0.019
0.01,0.0009,-0.010994557676878491,-0.009053756223439909,0.02,-0.019
0.01,0.0009,-0.025165996772734876,0.007719426561912853,0.05,0.01
0.01,0.0009,-0.022688305743131142,-0.022879220458865694,0.02,0.0
0.01,0.0009,-0.0055713177875906595,0.019494973358089085,0.0,0.019
0.01,0.0009,-0.010994557676878491,-0.009053756223439909,0.02,-0.019
0.01,0.0009,-0.025165996772734876,0.007719426561912853,0.05,0.01
0.01,0.0009,-0.022688305743131142,-0.022879220458865694,0.02,0.0
0.01,0.0009,-0.0055713177875906595,0.019494973358089085,0.0,0.019
0.01,0.0009,-0.010994557676878491,-0.009053756223439909,0.02,-0.019
0.01,0.0009,-0.025165996772734876,0.007719426561912853,0.05,0.01
0.01,0.0009,-0.022688305743131142,-0.022879220458865694,0.02,0.0
0.01,0.0009,-0.0055713177875906595,0.019494973358089085,0.0,0.019
0.01,0.0009,-0.010994557676878491,-0.009053756223439909,0.02,-0.019
0.01,0.0009,-0.025165996772734876,0.007719426561912853,0.05,0.01
0.01,0.0009,-0.022688305743131142,-0.022879220458865694,0.02,0.0
0.01,0.0009,-0.0055713177875906595,0.019494973358089085,0.0,0.019
0.01,0.0009,-0.010994557676878491,-0.009053756223439909,0.02,-0.019
0.01,0.0009,-0.025165996772734876,0.007719426561912853,0.05,0.01
0.01,0.0009,-0.022688305743131142,-0.022879220458865694,0.02,0.0
0.01,0.0009,-0.0055713177875906595,0.019494973358089085,0.0,0.019
0.01,0.0009,-0.010994557676878491,-0.009053756223439909,0.02,-0.019
0.01,0.0009,-0.025165996772734876,0.007719426561912853,0.05,0.01
0.01,0.0009,-0.022688305743131142,-0.022879220458865694,0.02,0.0
0.01,0.0009,-0.0055713177875906595,0.019494973358089085,0.0,0.019
0.01,0.0009,-0.010994557676878491,-0.009053756223439909,0.02,-0.019
0.01,0.0009,-0.025165996772734876,0.007719426561912853,0.05,0.01
0.01,0.0009,-0.022688305743131142,-0.022879220458865694,0.02,0.0
0.01,0.0009,-0.0055713177875906595,0.019494973358089085,0.0,0.019
0.01,0.0009,-0.010994557676878491,-0.009053756223439909,0.02,-0.019
0.01,0.0009,-0.025165996772734876,0.007719426561912853,0.05,0.01
0.01,0.0009,-0.022688305743131142,-0.022879220458865694,0.02,0.0
0.01,0.0009,-0.0055713177875906595,0.019494973358089085,0.0,0.019
0.01,0.0009,-0.010994557676878491,-0.009053756223439909,0.02,-0.019
0.01,0.0009,-0.025165996772734876,0.007719426561912853,0.05,0.01
0.01,0.0009,-0.022688305743131142,-0.022879220458865694,0.02,0.0
0.01,0.0009,-0.0055713177875906595,0.019494973358089085,0.0,0.019
0.01,0.0009,-0.010994557676878491,-0.009053756223439909,0.02,-0.019
0.01,0.0009,-0.025165996772734876,0.007719426561912853,0.05,0.01
0.01,0.0009,-0.022688305743131142,-0.022879220458865694,0.02,0.0
0.01,0.0009,-0.0055713177875906595,0.019494973358089085,0.0,0.019
0.01,0.0009,-0.010994557676878491,-0.009053756223439909,0.02,-0.019
0.01,0.0009,-0.025165996772734876,0.007719426561912853,0.05,0.01
0.01,0.0009,-0.022688305743131142,-0.022879220458865694,0.02,0.0
0.01,0.0009,-0.0055713177875906595,0.019494973358089085,0.0,0.019
0.01,0.0009,-0.010994557676878491,-0.009053756223439909,0.02,-0.019
0.01,0.0009,-0.025165996772734876,0.007719426561912853,0.05,0.01
0.001,0.017,-0.018342366086428086,0.007678103233756336,0.02,0.0
0.001,0.017,0.009017943714187055,0.0022021074323646432,0.0,0.019
0.001,0.017,-0.008221360226025565,-0.01077753693079734,0.02,-0.019
0.001,0.017,-0.015571334194190644,-0.0027928026286295534,0.05,0.01
0.001,0.017,-0.018342366086428086,0.007678103233756336,0.02,0.0
0.001,0.017,0.009017943714187055,0.0022021074323646432,0.0,0.019
0.001,0.017,-0.008221360226025565,-0.01077753693079734,0.02,-0.019
0.001,0.017,-0.015571334194190644,-0.0027928026286295534,0.05,0.01
0.001,0.017,-0.018342366086428086,0.007678103233756336,0.02,0.0
0.001,0.017,0.009017943714187055,0.0022021074323646432,0.0,0.019
0.001,0.017,-0.008221360226025565,-0.01077753693079734,0.02,-0.019
0.001,0.017,-0.015571334194190644,-0.0027928026286295534,0.05,0.01
0.001,0.017,-0.018342366086428086,0.007678103233756336,0.02,0.0
0.001,0.017,0.009017943714187055,0.0022021074323646432,0.0,0.019
0.001,0.017,-0.008221360226025565,-0.01077753693079734,0.02,-0.019
0.001,0.017,-0.015571334194190644,-0.0027928026286295534,0.05,0.01
0.001,0.017,-0.018342366086428086,0.007678103233756336,0.02,0.0
0.001,0.017,0.009017943714187055,0.0022021074323646432,0.0,0.019
0.001,0.017,-0.008221360226025565,-0.01077753693079734,0.02,-0.019
0.001,0.017,-0.015571334194190644,-0.0027928026286295534,0.05,0.01
0.001,0.017,-0.018342366086428086,0.007678103233756336,0.02,0.0
0.001,0.017,0.009017943714187055,0.0022021074323646432,0.0,0.019
0.001,0.017,-0.008221360226025565,-0.01077753693079734,0.02,-0.019
0.001,0.017,-0.015571334194190644,-0.0027928026286295534,0.05,0.01
0.001,0.017,-0.018342366086428086,0.007678103233756336,0.02,0.0
0.001,0.017,0.009017943714187055,0.0022021074323646432,0.0,0.019
0.001,0.017,-0.008221360226025565,-0.01077753693079734,0.02,-0.019
0.001,0.017,-0.015571334194190644,-0.0027928026286295534,0.05,0.01
0.001,0.017,-0.018342366086428086,0.007678103233756336,0.02,0.0
0.001,0.017,0.009017943714187055,0.0022021074323646432,0.0,0.019
0.001,0.017,-0.008221360226025565,-0.01077753693079734,0.02,-0.019
0.001,0.017,-0.015571334194190644,-0.0027928026286295534,0.05,0.01
0.001,0.017,-0.018342366086428086,0.007678103233756336,0.02,0.0
0.001,0.017,0.009017943714187055,0.0022021074323646432,0.0,0.019
0.001,0.017,-0.008221360226025565,-0.01077753693079734,0.02,-0.019
0.001,0.017,-0.015571334194190644,-0.0027928026286295534,0.05,0.01
0.001,0.017,-0.018342366086428086,0.007678103233756336,0.02,0.0
0.001,0.017,0.009017943714187055,0.0022021074323646432,0.0,0.019
0.001,0.017,-0.008221360226025565,-0.01077753693079734,0.02,-0.019
0.001,0.017,-0.015571334194190644,-0.0027928026286295534,0.05,0.01
0.001,0.017,-0.018342366086428086,0.007678103233756336,0.02,0.0
0.001,0.017,0.009017943714187055,0.0022021074323646432,0.0,0.019
0.001,0.017,-0.008221360226025565,-0.01077753693079734,0.02,-0.019
0.001,0.017,-0.015571334194190644,-0.0027928026286295534,0.05,0.01
0.001,0.017,-0.018342366086428086,0.007678103233756336,0.02,0.0
0.001,0.017,0.009017943714187055,0.0022021074323646432,0.0,0.019
0.001,0.017,-0.008221360226025565,-0.01077753693079734,0.02,-0.019
0.001,0.017,-0.015571334194190644,-0.0027928026286295534,0.05,0.01
0.001,0.017,-0.018342366086428086,0.007678103233756336,0.02,0.0
0.001,0.017,0.009017943714187055,0.0022021074323646432,0.0,0.019
0.001,0.017,-0.008221360226025565,-0.01077753693079734,0.02,-0.019
0.001,0.017,-0.015571334194190644,-0.0027928026286295534,0.05,0.01
0.001,0.017,-0.018342366086428086,0.007678103233756336,0.02,0.0
0.001,0.017,0.009017943714187055,0.0022021074323646432,0.0,0.019
0.001,0.017,-0.008221360226025565,-0.01077753693079734,0.02,-0.019
0.001,0.017,-0.015571334194190644,-0.0027928026286295534,0.05,0.01
0.001,0.017,-0.018342366086428086,0.007678103233756336,0.02,0.0
0.001,0.017,0.009017943714187055,0.0022021074323646432,0.0,0.019
0.001,0.017,-0.008221360226025565,-0.01077753693079734,0.02,-0.019
0.001,0.017,-0.015571334194190644,-0.0027928026286295534,0.05,0.01
0.001,0.017,-0.018342366086428086,0.007678103233756336,0.02,0.0
0.001,0.017,0.009017943714187055,0.0022021074323646432,0.0,0.019
0.001,0.017,-0.008221360226025565,-0.01077753693079734,0.02,-0.019
0.001,0.017,-0.015571334194190644,-0.0027928026286295534,0.05,0.01
0.001,0.017,-0.018342366086428086,0.007678103233756336,0.02,0.0
0.001,0.017,0.009017943714187055,0.0022021074323646432,0.0,0.019
0.001,0.017,-0.008221360226025565,-0.01077753693079734,0.02,-0.019
0.001,0.017,-0.015571334194190644,-0.0027928026286295534,0.05,0.01
0.001,0.017,-0.018342366086428086,0.007678103233756336,0.02,0.0
0.001,0.017,0.009017943714187055,0.0022021074323646432,0.0,0.019
0.001,0.017,-0.008221360226025565,-0.01077753693079734,0.02,-0.019
0.001,0.017,-0.015571334194190644,-0.0027928026286295534,0.05,0.01
0.001,0.017,-0.018342366086428086,0.007678103233756336,0.02,0.0
0.001,0.017,0.009017943714187055,0.0022021074323646432,0.0,0.019
0.001,0.017,-0.008221360226025565,-0.01077753693079734,0.02,-0.019
0.001,0.017,-0.015571334194190644,-0.0027928026286295534,0.05,0.01
0.001,0.017,-0.018342366086428086,0.007678103233756336,0.02,0.0
0.001,0.017,0.009017943714187055,0.0022021074323646432,0.0,0.019
0.001,0.017,-0.008221360226025565,-0.01077753693079734,0.02,-0.019
0.001,0.017,-0.015571334194190644,-0.0027928026286295534,0.05,0.01
0.001,0.017,-0.018342366086428086,0.007678103233756336,0.02,0.0
0.001,0.017,0.009017943714187055,0.0022021074323646432,0.0,0.019
0.001,0.017,-0.008221360226025565,-0.01077753693079734,0.02,-0.019
0.001,0.017,-0.015571334194190644,-0.0027928026286295534,0.05,0.01
0.001,0.017,-0.018342366086428086,0.007678103233756336,0.02,0.0
0.001,0.017,0.009017943714187055,0.0022021074323646432,0.0,0.019
0.001,0.017,-0.008221360226025565,-0.01077753693079734,0.02,-0.019
0.001,0.017,-0.015571334194190644,-0.0027928026286295534,0.05,0.01
0.001,0.017,-0.018342366086428086,0.007678103233756336,0.02,0.0
0.001,0.017,0.009017943714187055,0.0022021074323646432,0.0,0.019
0.001,0.017,-0.008221360226025565,-0.01077753693079734,0.02,-0.019
0.001,0.017,-0.015571334194190644,-0.0027928026286295534,0.05,0.01
0.001,0.017,-0.018342366086428086,0.007678103233756336,0.02,0.0
0.001,0.017,0.009017943714187055,0.0022021074323646432,0.0,0.019
0.001,0.017,-0.008221360226025565,-0.01077753693079734,0.02,-0.019
0.001,0.017,-0.015571334194190644,-0.0027928026286295534,0.05,0.01
0.001,0.017,-0.018342366086428086,0.007678103233756336,0.02,0.0
0.001,0.017,0.009017943714187055,0.0022021074323646432,0.0,0.019
0.001,0.017,-0.008221360226025565,-0.01077753693079734,0.02,-0.019
0.001,0.017,-0.015571334194190644,-0.0027928026286295534,0.05,0.01
0.001,0.017,-0.01952494358086537,0.0019437663171314363,0.02,0.0
0.001,0.017,0.0020954458414893387,0.0077448022428567775,0.0,0.019
0.001,0.017,-0.012447201877700249,-0.010725003204230596,0.02,-0.019
0.001,0.017,-0.021016546154434396,0.0033563299154011073,0.05,0.01
0.001,0.017,-0.01952494358086537,0.0019437663171314363,0.02,0.0
0.001,0.017,0.0020954458414893387,0.0077448022428567775,0.0,0.019
0.001,0.017,-0.012447201877700249,-0.010725003204230596,0.02,-0.019
0.001,0.017,-0.021016546154434396,0.0033563299154011073,0.05,0.01
0.001,0.017,-0.01952494358086537,0.0019437663171314363,0.02,0.0
0.001,0.017,0.0020954458414893387,0.0077448022428567775,0.0,0.019
0.001,0.017,-0.012447201877700249,-0.010725003204230596,0.02,-0.019
0.001,0.017,-0.021016546154434396,0.0033563299154011073,0.05,0.01
0.001,0.017,-0.01952494358086537,0.0019437663171314363,0.02,0.0
0.001,0.017,0.0020954458414893387,0.0077448022428567775,0.0,0.019
0.001,0.017,-0.012447201877700249,-0.010725003204230596,0.02,-0.019
0.001,0.017,-0.021016546154434396,0.0033563299154011073,0.05,0.01
0.001,0.017,-0.01952494358086537,0.0019437663171314363,0.02,0.0
0.001,0.017,0.0020954458414893387,0.0077448022428567775,0.0,0.019
0.001,0.017,-0.012447201877700249,-0.010725003204230596,0.02,-0.019
0.001,0.017,-0.021016546154434396,0.0033563299154011073,0.05,0.01
0.001,0.017,-0.01952494358086537,0.0019437663171314363,0.02,0.0
0.001,0.017,0.0020954458414893387,0.0077448022428567775,0.0,0.019
0.001,0.017,-0.012447201877700249,-0.010725003204230596,0.02,-0.019
0.001,0.017,-0.021016546154434396,0.0033563299154011073,0.05,0.01
0.001,0.017,-0.01952494358086537,0.0019437663171314363,0.02,0.0
0.001,0.017,0.0020954458414893387,0.0077448022428567775,0.0,0.019
0.001,0.017,-0.012447201877700249,-0.010725003204230596,0.02,-0.019
0.001,0.017,-0.021016546154434396,0.0033563299154011073,0.05,0.01
0.001,0.017,-0.01952494358086537,0.0019437663171314363,0.02,0.0
0.001,0.017,0.0020954458414893387,0.0077448022428567775,0.0,0.019
0.001,0.017,-0.012447201877700249,-0.010725003204230596,0.02,-0.019
0.001,0.017,-0.021016546154434396,0.0033563299154011073,0.05,0.01
0.001,0.017,-0.01952494358086537,0.0019437663171314363,0.02,0.0
0.001,0.017,0.0020954458414893387,0.0077448022428567775,0.0,0.019
0.001,0.017,-0.012447201877700249,-0.010725003204230596,0.02,-0.019
0.001,0.017,-0.021016546154434396,0.0033563299154011073,0.05,0.01
0.001,0.017,-0.01952494358086537,0.0019437663171314363,0.02,0.0
0.001,0.017,0.0020954458414893387,0.0077448022428567775,0.0,0.019
0.001,0.017,-0.012447201877700249,-0.010725003204230596,0.02,-0.019
0.001,0.017,-0.021016546154434396,0.0033563299154011073,0.05,0.01
0.001,0.017,-0.01952494358086537,0.0019437663171314363,0.02,0.0
0.001,0.017,0.0020954458414893387,0.0077448022428567775,0.0,0.019
0.001,0.017,-0.012447201877700249,-0.010725003204230596,0.02,-0.019
0.001,0.017,-0.021016546154434396,0.0033563299154011073,0.05,0.01
0.001,0.017,-0.01952494358086537,0.0019437663171314363,0.02,0.0
0.001,0.017,0.0020954458414893387,0.0077448022428567775,0.0,0.019
0.001,0.017,-0.012447201877700249,-0.010725003204230596,0.02,-0.019
0.001,0.017,-0.021016546154434396,0.0033563299154011073,0.05,0.01
0.001,0.017,-0.01952494358086537,0.0019437663171314363,0.02,0.0
0.001,0.017,0.0020954458414893387,0.0077448022428567775,0.0,0.019
0.001,0.017,-0.012447201877700249,-0.010725003204230596,0.02,-0.019
0.001,0.017,-0.021016546154434396,0.0033563299154011073,0.05,0.01
0.001,0.017,-0.01952494358086537,0.0019437663171314363,0.02,0.0
0.001,0.017,0.0020954458414893387,0.0077448022428567775,0.0,0.019
0.001,0.017,-0.012447201877700249,-0.010725003204230596,0.02,-0.019
0.001,0.017,-0.021016546154434396,0.0033563299154011073,0.05,0.01
0.001,0.017,-0.01952494358086537,0.0019437663171314363,0.02,0.0
0.001,0.017,0.0020954458414893387,0.0077448022428567775,0.0,0.019
0.001,0.017,-0.012447201877700249,-0.010725003204230596,0.02,-0.019
0.001,0.017,-0.021016546154434396,0.0033563299154011073,0.05,0.01
0.001,0.017,-0.01952494358086537,0.0019437663171314363,0.02,0.0
0.001,0.017,0.0020954458414893387,0.0077448022428567775,0.0,0.019
0.001,0.017,-0.012447201877700249,-0.010725003204230596,0.02,-0.019
0.001,0.017,-0.021016546154434396,0.0033563299154011073,0.05,0.01
0.001,0.017,-0.01952494358086537,0.0019437663171314363,0.02,0.0
0.001,0.017,0.0020954458414893387,0.0077448022428567775,0.0,0.019
0.001,0.017,-0.012447201877700249,-0.010725003204230596,0.02,-0.019
0.001,0.017,-0.021016546154434396,0.0033563299154011073,0.05,0.01
0.001,0.017,-0.01952494358086537,0.0019437663171314363,0.02,0.0
0.001,0.017,0.0020954458414893387,0.0077448022428567775,0.0,0.019
0.001,0.017,-0.012447201877700249,-0.010725003204230596,0.02,-0.019
0.001,0.017,-0.021016546154434396,0.0033563299154011073,0.05,0.01
0.001,0.017,-0.01952494358086537,0.0019437663171314363,0.02,0.0
0.001,0.017,0.0020954458414893387,0.0077448022428567775,0.0,0.019
0.001,0.017,-0.012447201877700249,-0.010725003204230596,0.02,-0.019
0.001,0.017,-0.021016546154434396,0.0033563299154011073,0.05,0.01
0.001,0.017,-0.01952494358086537,0.0019437663171314363,0.02,0.0
0.001,0.017,0.0020954458414893387,0.0077448022428567775,0.0,0.019
0.001,0.017,-0.012447201877700249,-0.010725003204230596,0.02,-0.019
0.001,0.017,-0.021016546154434396,0.0033563299154011073,0.05,0.01
0.001,0.017,-0.01952494358086537,0.0019437663171314363,0.02,0.0
0.001,0.017,0.0020954458414893387,0.0077448022428567775,0.0,0.019
0.001,0.017,-0.012447201877700249,-0.010725003204230596,0.02,-0.019
0.001,0.017,-0.021016546154434396,0.0033563299154011073,0.05,0.01
0.001,0.017,-0.01952494358086537,0.0019437663171314363,0.02,0.0
0.001,0.017,0.0020954458414893387,0.0077448022428567775,0.0,0.019
0.001,0.017,-0.012447201877700249,-0.010725003204230596,0.02,-0.019
0.001,0.017,-0.021016546154434396,0.0033563299154011073,0.05,0.01
0.001,0.017,-0.01952494358086537,0.0019437663171314363,0.02,0.0
0.001,0.017,0.0020954458414893387,0.0077448022428567775,0.0,0.019
0.001,0.017,-0.012447201877700249,-0.010725003204230596,0.02,-0.019
0.001,0.017,-0.021016546154434396,0.0033563299154011073,0.05,0.01
0.001,0.017,-0.01952494358086537,0.0019437663171314363,0.02,0.0
0.001,0.017,0.0020954458414893387,0.0077448022428567775,0.0,0.019
0.001,0.017,-0.012447201877700249,-0.010725003204230596,0.02,-0.019
0.001,0.017,-0.021016546154434396,0.0033563299154011073,0.05,0.01
0.001,0.017,-0.01952494358086537,0.0019437663171314363,0.02,0.0
0.001,0.017,0.0020954458414893387,0.0077448022428567775,0.0,0.019
0.001,0.017,-0.012447201877700249,-0.010725003204230596,0.02,-0.019
0.001,0.017,-0.021016546154434396,0.0033563299154011073,0.05,0.01
0.001,0.017,-0.019456190423053816,0.003811319679138751,0.02,0.0
0.001,0.017,0.001981893516332772,0.0036771778045582063,0.0,0.019
0.001,0.017,-0.010572098309706748,-0.018459892622451984,0.02,-0.019
0.001,0.017,-0.026833970810745494,0.004458722204305288,0.05,0.01
0.001,0.017,-0.019456190423053816,0.003811319679138751,0.02,0.0
0.001,0.017,0.001981893516332772,0.0036771778045582063,0.0,0.019
0.001,0.017,-0.010572098309706748,-0.018459892622451984,0.02,-0.019
0.001,0.017,-0.026833970810745494,0.004458722204305288,0.05,0.01
0.001,0.017,-0.019456190423053816,0.003811319679138751,0.02,0.0
0.001,0.017,0.001981893516332772,0.0036771778045582063,0.0,0.019
0.001,0.017,-0.010572098309706748,-0.018459892622451984,0.02,-0.019
0.001,0.017,-0.026833970810745494,0.004458722204305288,0.05,0.01
0.001,0.017,-0.019456190423053816,0.003811319679138751,0.02,0.0
0.001,0.017,0.001981893516332772,0.0036771778045582063,0.0,0.019
0.001,0.017,-0.010572098309706748,-0.018459892622451984,0.02,-0.019
0.001,0.017,-0.026833970810745494,0.004458722204305288,0.05,0.01
0.001,0.017,-0.019456190423053816,0.003811319679138751,0.02,0.0
0.001,0.017,0.001981893516332772,0.0036771778045582063,0.0,0.019
0.001,0.017,-0.010572098309706748,-0.018459892622451984,0.02,-0.019
0.001,0.017,-0.026833970810745494,0.004458722204305288,0.05,0.01
0.001,0.017,-0.019456190423053816,0.003811319679138751,0.02,0.0
0.001,0.017,0.001981893516332772,0.0036771778045582063,0.0,0.019
0.001,0.017,-0.010572098309706748,-0.018459892622451984,0.02,-0.019
0.001,0.017,-0.026833970810745494,0.004458722204305288,0.05,0.01
0.001,0.017,-0.019456190423053816,0.003811319679138751,0.02,0.0
0.001,0.017,0.001981893516332772,0.0036771778045582063,0.0,0.019
0.001,0.017,-0.010572098309706748,-0.018459892622451984,0.02,-0.019
0.001,0.017,-0.026833970810745494,0.004458722204305288,0.05,0.01
0.001,0.017,-0.019456190423053816,0.003811319679138751,0.02,0.0
0.001,0.017,0.001981893516332772,0.0036771778045582063,0.0,0.019
0.001,0.017,-0.010572098309706748,-0.018459892622451984,0.02,-0.019
0.001,0.017,-0.026833970810745494,0.004458722204305288,0.05,0.01
0.001,0.017,-0.019456190423053816,0.003811319679138751,0.02,0.0
0.001,0.017,0.001981893516332772,0.0036771778045582063,0.0,0.019
0.001,0.017,-0.010572098309706748,-0.018459892622451984,0.02,-0.019
0.001,0.017,-0.026833970810745494,0.004458722204305288,0.05,0.01
0.001,0.017,-0.019456190423053816,0.003811319679138751,0.02,0.0
0.001,0.017,0.001981893516332772,0.0036771778045582063,0.0,0.019
0.001,0.017,-0.010572098309706748,-0.018459892622451984,0.02,-0.019
0.001,0.017,-0.026833970810745494,0.004458722204305288,0.05,0.01
0.001,0.017,-0.019456190423053816,0.003811319679138751,0.02,0.0
0.001,0.017,0.001981893516332772,0.0036771778045582063,0.0,0.019
0.001,0.017,-0.010572098309706748,-0.018459892622451984,0.02,-0.019
0.001,0.017,-0.026833970810745494,0.004458722204305288,0.05,0.01
0.001,0.017,-0.019456190423053816,0.003811319679138751,0.02,0.0
0.001,0.017,0.001981893516332772,0.0036771778045582063,0.0,0.019
0.001,0.017,-0.010572098309706748,-0.018459892622451984,0.02,-0.019
0.001,0.017,-0.026833970810745494,0.004458722204305288,0.05,0.01
0.001,0.017,-0.019456190423053816,0.003811319679138751,0.02,0.0
0.001,0.017,0.001981893516332772,0.0036771778045582063,0.0,0.019
0.001,0.017,-0.010572098309706748,-0.018459892622451984,0.02,-0.019
0.001,0.017,-0.026833970810745494,0.004458722204305288,0.05,0.01
0.001,0.017,-0.019456190423053816,0.003811319679138751,0.02,0.0
0.001,0.017,0.001981893516332772,0.0036771778045582063,0.0,0.019
0.001,0.017,-0.010572098309706748,-0.018459892622451984,0.02,-0.019
0.001,0.017,-0.026833970810745494,0.004458722204305288,0.05,0.01
0.001,0.017,-0.019456190423053816,0.003811319679138751,0.02,0.0
0.001,0.017,0.001981893516332772,0.0036771778045582063,0.0,0.019
0.001,0.017,-0.010572098309706748,-0.018459892622451984,0.02,-0.019
0.001,0.017,-0.026833970810745494,0.004458722204305288,0.05,0.01
0.001,0.017,-0.019456190423053816,0.003811319679138751,0.02,0.0
0.001,0.017,0.001981893516332772,0.0036771778045582063,0.0,0.019
0.001,0.017,-0.010572098309706748,-0.018459892622451984,0.02,-0.019
0.001,0.017,-0.026833970810745494,0.004458722204305288,0.05,0.01
0.001,0.017,-0.019456190423053816,0.003811319679138751,0.02,0.0
0.001,0.017,0.001981893516332772,0.0036771778045582063,0.0,0.019
0.001,0.017,-0.010572098309706748,-0.018459892622451984,0.02,-0.019
0.001,0.017,-0.026833970810745494,0.004458722204305288,0.05,0.01
0.001,0.017,-0.019456190423053816,0.003811319679138751,0.02,0.0
0.001,0.017,0.001981893516332772,0.0036771778045582063,0.0,0.019
0.001,0.017,-0.010572098309706748,-0.018459892622451984,0.02,-0.019
0.001,0.017,-0.026833970810745494,0.004458722204305288,0.05,0.01
0.001,0.017,-0.019456190423053816,0.003811319679138751,0.02,0.0
0.001,0.017,0.001981893516332772,0.0036771778045582063,0.0,0.019
0.001,0.017,-0.010572098309706748,-0.018459892622451984,0.02,-0.019
0.001,0.017,-0.026833970810745494,0.004458722204305288,0.05,0.01
0.001,0.017,-0.019456190423053816,0.003811319679138751,0.02,0.0
0.001,0.017,0.001981893516332772,0.0036771778045582063,0.0,0.019
0.001,0.017,-0.010572098309706748,-0.018459892622451984,0.02,-0.019
0.001,0.017,-0.026833970810745494,0.004458722204305288,0.05,0.01
0.001,0.017,-0.019456190423053816,0.003811319679138751,0.02,0.0
0.001,0.017,0.001981893516332772,0.0036771778045582063,0.0,0.019
0.001,0.017,-0.010572098309706748,-0.018459892622451984,0.02,-0.019
0.001,0.017,-0.026833970810745494,0.004458722204305288,0.05,0.01
0.001,0.017,-0.019456190423053816,0.003811319679138751,0.02,0.0
0.001,0.017,0.001981893516332772,0.0036771778045582063,0.0,0.019
0.001,0.017,-0.010572098309706748,-0.018459892622451984,0.02,-0.019
0.001,0.017,-0.026833970810745494,0.004458722204305288,0.05,0.01
0.001,0.017,-0.019456190423053816,0.003811319679138751,0.02,0.0
0.001,0.017,0.001981893516332772,0.0036771778045582063,0.0,0.019
0.001,0.017,-0.010572098309706748,-0.018459892622451984,0.02,-0.019
0.001,0.017,-0.026833970810745494,0.004458722204305288,0.05,0.01
0.001,0.017,-0.019456190423053816,0.003811319679138751,0.02,0.0
0.001,0.017,0.001981893516332772,0.0036771778045582063,0.0,0.019
0.001,0.017,-0.010572098309706748,-0.018459892622451984,0.02,-0.019
0.001,0.017,-0.026833970810745494,0.004458722204305288,0.05,0.01
0.001,0.017,-0.019456190423053816,0.003811319679138751,0.02,0.0
0.001,0.017,0.001981893516332772,0.0036771778045582063,0.0,0.019
0.001,0.017,-0.010572098309706748,-0.018459892622451984,0.02,-0.019
0.001,0.017,-0.026833970810745494,0.004458722204305288,0.05,0.01
0.001,0.017,-0.020253610905390726,0.005041061530526002,0.02,0.0
0.001,0.017,0.0011183540647791896,0.004567753590991507,0.0,0.019
0.001,0.017,-0.01307513477739129,-0.020620802832967734,0.02,-0.019
0.001,0.017,-0.02605544237043659,0.005598324675117339,0.05,0.01
0.001,0.017,-0.020253610905390726,0.005041061530526002,0.02,0.0
0.001,0.017,0.0011183540647791896,0.004567753590991507,0.0,0.019
0.001,0.017,-0.01307513477739129,-0.020620802832967734,0.02,-0.019
0.001,0.017,-0.02605544237043659,0.005598324675117339,0.05,0.01
0.001,0.017,-0.020253610905390726,0.005041061530526002,0.02,0.0
0.001,0.017,0.0011183540647791896,0.004567753590991507,0.0,0.019
0.001,0.017,-0.01307513477739129,-0.020620802832967734,0.02,-0.019
0.001,0.017,-0.02605544237043659,0.005598324675117339,0.05,0.01
0.001,0.017,-0.020253610905390726,0.005041061530526002,0.02,0.0
0.001,0.017,0.0011183540647791896,0.004567753590991507,0.0,0.019
0.001,0.017,-0.01307513477739129,-0.020620802832967734,0.02,-0.019
0.001,0.017,-0.02605544237043659,0.005598324675117339,0.05,0.01
0.001,0.017,-0.020253610905390726,0.005041061530526002,0.02,0.0
0.001,0.017,0.0011183540647791896,0.004567753590991507,0.0,0.019
0.001,0.017,-0.01307513477739129,-0.020620802832967734,0.02,-0.019
0.001,0.017,-0.02605544237043659,0.005598324675117339,0.05,0.01
0.001,0.017,-0.020253610905390726,0.005041061530526002,0.02,0.0
0.001,0.017,0.0011183540647791896,0.004567753590991507,0.0,0.019
0.001,0.017,-0.01307513477739129,-0.020620802832967734,0.02,-0.019
0.001,0.017,-0.02605544237043659,0.005598324675117339,0.05,0.01
0.001,0.017,-0.020253610905390726,0.005041061530526002,0.02,0.0
0.001,0.017,0.0011183540647791896,0.004567753590991507,0.0,0.019
0.001,0.017,-0.01307513477739129,-0.020620802832967734,0.02,-0.019
0.001,0.017,-0.02605544237043659,0.005598324675117339,0.05,0.01
0.001,0.017,-0.020253610905390726,0.005041061530526002,0.02,0.0
0.001,0.017,0.0011183540647791896,0.004567753590991507,0.0,0.019
0.001,0.017,-0.01307513477739129,-0.020620802832967734,0.02,-0.019
0.001,0.017,-0.02605544237043659,0.005598324675117339,0.05,0.01
0.001,0.017,-0.020253610905390726,0.005041061530526002,0.02,0.0
0.001,0.017,0.0011183540647791896,0.004567753590991507,0.0,0.019
0.001,0.017,-0.01307513477739129,-0.020620802832967734,0.02,-0.019
0.001,0.017,-0.02605544237043659,0.005598324675117339,0.05,0.01
0.001,0.017,-0.020253610905390726,0.005041061530526002,0.02,0.0
0.001,0.017,0.0011183540647791896,0.004567753590991507,0.0,0.019
0.001,0.017,-0.01307513477739129,-0.020620802832967734,0.02,-0.019
0.001,0.017,-0.02605544237043659,0.005598324675117339,0.05,0.01
0.001,0.017,-0.020253610905390726,0.005041061530526002,0.02,0.0
0.001,0.017,0.0011183540647791896,0.004567753590991507,0.0,0.019
0.001,0.017,-0.01307513477739129,-0.020620802832967734,0.02,-0.019
0.001,0.017,-0.02605544237043659,0.005598324675117339,0.05,0.01
0.001,0.017,-0.020253610905390726,0.005041061530526002,0.02,0.0
0.001,0.017,0.0011183540647791896,0.004567753590991507,0.0,0.019
0.001,0.017,-0.01307513477739129,-0.020620802832967734,0.02,-0.019
0.001,0.017,-0.02605544237043659,0.005598324675117339,0.05,0.01
0.001,0.017,-0.020253610905390726,0.005041061530526002,0.02,0.0
0.001,0.017,0.0011183540647791896,0.004567753590991507,0.0,0.019
0.001,0.017,-0.01307513477739129,-0.020620802832967734,0.02,-0.019
0.001,0.017,-0.02605544237043659,0.005598324675117339,0.05,0.01
0.001,0.017,-0.020253610905390726,0.005041061530526002,0.02,0.0
0.001,0.017,0.0011183540647791896,0.004567753590991507,0.0,0.019
0.001,0.017,-0.01307513477739129,-0.020620802832967734,0.02,-0.019
0.001,0.017,-0.02605544237043659,0.005598324675117339,0.05,0.01
0.001,0.017,-0.020253610905390726,0.005041061530526002,0.02,0.0
0.001,0.017,0.0011183540647791896,0.004567753590991507,0.0,0.019
0.001,0.017,-0.01307513477739129,-0.020620802832967734,0.02,-0.019
0.001,0.017,-0.02605544237043659,0.005598324675117339,0.05,0.01
0.001,0.017,-0.020253610905390726,0.005041061530526002,0.02,0.0
0.001,0.017,0.0011183540647791896,0.004567753590991507,0.0,0.019
0.001,0.017,-0.01307513477739129,-0.020620802832967734,0.02,-0.019
0.001,0.017,-0.02605544237043659,0.005598324675117339,0.05,0.01
0.001,0.017,-0.020253610905390726,0.005041061530526002,0.02,0.0
0.001,0.017,0.0011183540647791896,0.004567753590991507,0.0,0.019
0.001,0.017,-0.01307513477739129,-0.020620802832967734,0.02,-0.019
0.001,0.017,-0.02605544237043659,0.005598324675117339,0.05,0.01
0.001,0.017,-0.020253610905390726,0.005041061530526002,0.02,0.0
0.001,0.017,0.0011183540647791896,0.004567753590991507,0.0,0.019
0.001,0.017,-0.01307513477739129,-0.020620802832967734,0.02,-0.019
0.001,0.017,-0.02605544237043659,0.005598324675117339,0.05,0.01
0.001,0.017,-0.020253610905390726,0.005041061530526002,0.02,0.0
0.001,0.017,0.0011183540647791896,0.004567753590991507,0.0,0.019
0.001,0.017,-0.01307513477739129,-0.020620802832967734,0.02,-0.019
0.001,0.017,-0.02605544237043659,0.005598324675117339,0.05,0.01
0.001,0.017,-0.020253610905390726,0.005041061530526002,0.02,0.0
0.001,0.017,0.0011183540647791896,0.004567753590991507,0.0,0.019
0.001,0.017,-0.01307513477739129,-0.020620802832967734,0.02,-0.019
0.001,0.017,-0.02605544237043659,0.005598324675117339,0.05,0.01
0.001,0.017,-0.020253610905390726,0.005041061530526002,0.02,0.0
0.001,0.017,0.0011183540647791896,0.004567753590991507,0.0,0.019
0.001,0.017,-0.01307513477739129,-0.020620802832967734,0.02,-0.019
0.001,0.017,-0.02605544237043659,0.005598324675117339,0.05,0.01
0.001,0.017,-0.020253610905390726,0.005041061530526002,0.02,0.0
0.001,0.017,0.0011183540647791896,0.004567753590991507,0.0,0.019
0.001,0.017,-0.01307513477739129,-0.020620802832967734,0.02,-0.019
0.001,0.017,-0.02605544237043659,0.005598324675117339,0.05,0.01
0.001,0.017,-0.020253610905390726,0.005041061530526002,0.02,0.0
0.001,0.017,0.0011183540647791896,0.004567753590991507,0.0,0.019
0.001,0.017,-0.01307513477739129,-0.020620802832967734,0.02,-0.019
0.001,0.017,-0.02605544237043659,0.005598324675117339,0.05,0.01
0.001,0.017,-0.020253610905390726,0.005041061530526002,0.02,0.0
0.001,0.017,0.0011183540647791896,0.004567753590991507,0.0,0.019
0.001,0.017,-0.01307513477739129,-0.020620802832967734,0.02,-0.019
0.001,0.017,-0.02605544237043659,0.005598324675117339,0.05,0.01
0.001,0.017,-0.020253610905390726,0.005041061530526002,0.02,0.0
0.001,0.017,0.0011183540647791896,0.004567753590991507,0.0,0.019
0.001,0.017,-0.01307513477739129,-0.020620802832967734,0.02,-0.019
0.001,0.017,-0.02605544237043659,0.005598324675117339,0.05,0.01
0.001,0.017,-0.020354476567899158,0.004568924068902483,0.02,0.0
0.001,0.017,0.0004656314240882249,0.005323555557471419,0.0,0.019
0.001,0.017,-0.01334116647191303,-0.02465206334170692,0.02,-0.019
0.001,0.017,-0.027718542189577797,0.004626359187982694,0.05,0.01
0.001,0.009,-0.018478778717189386,0.0037138211445780834,0.02,0.0
0.001,0.009,-0.004545819521555988,0.001494531591639749,0.0,0.019
0.001,0.009,-0.014282648457638006,-0.007579645955982143,0.02,-0.019
0.001,0.009,-0.007706778929761047,0.008143752015071405,0.05,0.01
0.001,0.009,-0.018478778717189386,0.0037138211445780834,0.02,0.0
0.001,0.009,-0.004545819521555988,0.001494531591639749,0.0,0.019
0.001,0.009,-0.014282648457638006,-0.007579645955982143,0.02,-0.019
0.001,0.009,-0.007706778929761047,0.008143752015071405,0.05,0.01
0.001,0.009,-0.018478778717189386,0.0037138211445780834,0.02,0.0
0.001,0.009,-0.004545819521555988,0.001494531591639749,0.0,0.019
0.001,0.009,-0.014282648457638006,-0.007579645955982143,0.02,-0.019
0.001,0.009,-0.007706778929761047,0.008143752015071405,0.05,0.01
0.001,0.009,-0.018478778717189386,0.0037138211445780834,0.02,0.0
0.001,0.009,-0.004545819521555988,0.001494531591639749,0.0,0.019
0.001,0.009,-0.014282648457638006,-0.007579645955982143,0.02,-0.019
0.001,0.009,-0.007706778929761047,0.008143752015071405,0.05,0.01
0.001,0.009,-0.018478778717189386,0.0037138211445780834,0.02,0.0
0.001,0.009,-0.004545819521555988,0.001494531591639749,0.0,0.019
0.001,0.009,-0.014282648457638006,-0.007579645955982143,0.02,-0.019
0.001,0.009,-0.007706778929761047,0.008143752015071405,0.05,0.01
0.001,0.009,-0.018478778717189386,0.0037138211445780834,0.02,0.0
0.001,0.009,-0.004545819521555988,0.001494531591639749,0.0,0.019
0.001,0.009,-0.014282648457638006,-0.007579645955982143,0.02,-0.019
0.001,0.009,-0.007706778929761047,0.008143752015071405,0.05,0.01
0.001,0.009,-0.018478778717189386,0.0037138211445780834,0.02,0.0
0.001,0.009,-0.004545819521555988,0.001494531591639749,0.0,0.019
0.001,0.009,-0.014282648457638006,-0.007579645955982143,0.02,-0.019
0.001,0.009,-0.007706778929761047,0.008143752015071405,0.05,0.01
0.001,0.009,-0.018478778717189386,0.0037138211445780834,0.02,0.0
0.001,0.009,-0.004545819521555988,0.001494531591639749,0.0,0.019
0.001,0.009,-0.014282648457638006,-0.007579645955982143,0.02,-0.019
0.001,0.009,-0.007706778929761047,0.008143752015071405,0.05,0.01
0.001,0.009,-0.018478778717189386,0.0037138211445780834,0.02,0.0
0.001,0.009,-0.004545819521555988,0.001494531591639749,0.0,0.019
0.001,0.009,-0.014282648457638006,-0.007579645955982143,0.02,-0.019
0.001,0.009,-0.007706778929761047,0.008143752015071405,0.05,0.01
0.001,0.009,-0.018478778717189386,0.0037138211445780834,0.02,0.0
0.001,0.009,-0.004545819521555988,0.001494531591639749,0.0,0.019
0.001,0.009,-0.014282648457638006,-0.007579645955982143,0.02,-0.019
0.001,0.009,-0.007706778929761047,0.008143752015071405,0.05,0.01
0.001,0.009,-0.018478778717189386,0.0037138211445780834,0.02,0.0
0.001,0.009,-0.004545819521555988,0.001494531591639749,0.0,0.019
0.001,0.009,-0.014282648457638006,-0.007579645955982143,0.02,-0.019
0.001,0.009,-0.007706778929761047,0.008143752015071405,0.05,0.01
0.001,0.009,-0.018478778717189386,0.0037138211445780834,0.02,0.0
0.001,0.009,-0.004545819521555988,0.001494531591639749,0.0,0.019
0.001,0.009,-0.014282648457638006,-0.007579645955982143,0.02,-0.019
0.001,0.009,-0.007706778929761047,0.008143752015071405,0.05,0.01
0.001,0.009,-0.018478778717189386,0.0037138211445780834,0.02,0.0
0.001,0.009,-0.004545819521555988,0.001494531591639749,0.0,0.019
0.001,0.009,-0.014282648457638006,-0.007579645955982143,0.02,-0.019
0.001,0.009,-0.007706778929761047,0.008143752015071405,0.05,0.01
0.001,0.009,-0.018478778717189386,0.0037138211445780834,0.02,0.0
0.001,0.009,-0.004545819521555988,0.001494531591639749,0.0,0.019
0.001,0.009,-0.014282648457638006,-0.007579645955982143,0.02,-0.019
0.001,0.009,-0.007706778929761047,0.008143752015071405,0.05,0.01
0.001,0.009,-0.018478778717189386,0.0037138211445780834,0.02,0.0
0.001,0.009,-0.004545819521555988,0.001494531591639749,0.0,0.019
0.001,0.009,-0.014282648457638006,-0.007579645955982143,0.02,-0.019
0.001,0.009,-0.007706778929761047,0.008143752015071405,0.05,0.01
0.001,0.009,-0.018478778717189386,0.0037138211445780834,0.02,0.0
0.001,0.009,-0.004545819521555988,0.001494531591639749,0.0,0.019
0.001,0.009,-0.014282648457638006,-0.007579645955982143,0.02,-0.019
0.001,0.009,-0.007706778929761047,0.008143752015071405,0.05,0.01
0.001,0.009,-0.018478778717189386,0.0037138211445780834,0.02,0.0
0.001,0.009,-0.004545819521555988,0.001494531591639749,0.0,0.019
0.001,0.009,-0.014282648457638006,-0.007579645955982143,0.02,-0.019
0.001,0.009,-0.007706778929761047,0.008143752015071405,0.05,0.01
0.001,0.009,-0.018478778717189386,0.0037138211445780834,0.02,0.0
0.001,0.009,-0.004545819521555988,0.001494531591639749,0.0,0.019
0.001,0.009,-0.014282648457638006,-0.007579645955982143,0.02,-0.019
0.001,0.009,-0.007706778929761047,0.008143752015071405,0.05,0.01
0.001,0.009,-0.018478778717189386,0.0037138211445780834,0.02,0.0
0.001,0.009,-0.004545819521555988,0.001494531591639749,0.0,0.019
0.001,0.009,-0.014282648457638006,-0.007579645955982143,0.02,-0.019
0.001,0.009,-0.007706778929761047,0.008143752015071405,0.05,0.01
0.001,0.009,-0.018478778717189386,0.0037138211445780834,0.02,0.0
0.001,0.009,-0.004545819521555988,0.001494531591639749,0.0,0.019
0.001,0.009,-0.014282648457638006,-0.007579645955982143,0.02,-0.019
0.001,0.009,-0.007706778929761047,0.008143752015071405,0.05,0.01
0.001,0.009,-0.018478778717189386,0.0037138211445780834,0.02,0.0
0.001,0.009,-0.004545819521555988,0.001494531591639749,0.0,0.019
0.001,0.009,-0.014282648457638006,-0.007579645955982143,0.02,-0.019
0.001,0.009,-0.007706778929761047,0.008143752015071405,0.05,0.01
0.001,0.009,-0.018478778717189386,0.0037138211445780834,0.02,0.0
0.001,0.009,-0.004545819521555988,0.001494531591639749,0.0,0.019
0.001,0.009,-0.014282648457638006,-0.007579645955982143,0.02,-0.019
0.001,0.009,-0.007706778929761047,0.008143752015071405,0.05,0.01
0.001,0.009,-0.018478778717189386,0.0037138211445780834,0.02,0.0
0.001,0.009,-0.004545819521555988,0.001494531591639749,0.0,0.019
0.001,0.009,-0.014282648457638006,-0.007579645955982143,0.02,-0.019
0.001,0.009,-0.007706778929761047,0.008143752015071405,0.05,0.01
0.001,0.009,-0.018478778717189386,0.0037138211445780834,0.02,0.0
0.001,0.009,-0.004545819521555988,0.001494531591639749,0.0,0.019
0.001,0.009,-0.014282648457638006,-0.007579645955982143,0.02,-0.019
0.001,0.009,-0.007706778929761047,0.008143752015071405,0.05,0.01
0.001,0.009,-0.018478778717189386,0.0037138211445780834,0.02,0.0
0.001,0.009,-0.004545819521555988,0.001494531591639749,0.0,0.019
0.001,0.009,-0.014282648457638006,-0.007579645955982143,0.02,-0.019
0.001,0.009,-0.007706778929761047,0.008143752015071405,0.05,0.01
0.001,0.009,-0.018478778717189386,0.0037138211445780834,0.02,0.0
0.001,0.009,-0.004545819521555988,0.001494531591639749,0.0,0.019
0.001,0.009,-0.014282648457638006,-0.007579645955982143,0.02,-0.019
0.001,0.009,-0.007706778929761047,0.008143752015071405,0.05,0.01
0.001,0.009,-0.016315182058835705,0.005411502350795991,0.02,0.0
0.001,0.009,-0.0027036376274263245,0.012232375466875499,0.0,0.019
0.001,0.009,-0.01821923999108377,-0.013872325758193131,0.02,-0.019
0.001,0.009,-0.023287186502674743,0.008070621664906073,0.05,0.01
0.001,0.009,-0.016315182058835705,0.005411502350795991,0.02,0.0
0.001,0.009,-0.0027036376274263245,0.012232375466875499,0.0,0.019
0.001,0.009,-0.01821923999108377,-0.013872325758193131,0.02,-0.019
0.001,0.009,-0.023287186502674743,0.008070621664906073,0.05,0.01
0.001,0.009,-0.016315182058835705,0.005411502350795991,0.02,0.0
0.001,0.009,-0.0027036376274263245,0.012232375466875499,0.0,0.019
0.001,0.009,-0.01821923999108377,-0.013872325758193131,0.02,-0.019
0.001,0.009,-0.023287186502674743,0.008070621664906073,0.05,0.01
0.001,0.009,-0.016315182058835705,0.005411502350795991,0.02,0.0
0.001,0.009,-0.0027036376274263245,0.012232375466875499,0.0,0.019
0.001,0.009,-0.01821923999108377,-0.013872325758193131,0.02,-0.019
0.001,0.009,-0.023287186502674743,0.008070621664906073,0.05,0.01
0.001,0.009,-0.016315182058835705,0.005411502350795991,0.02,0.0
0.001,0.009,-0.0027036376274263245,0.012232375466875499,0.0,0.019
0.001,0.009,-0.01821923999108377,-0.013872325758193131,0.02,-0.019
0.001,0.009,-0.023287186502674743,0.008070621664906073,0.05,0.01
0.001,0.009,-0.016315182058835705,0.005411502350795991,0.02,0.0
0.001,0.009,-0.0027036376274263245,0.012232375466875499,0.0,0.019
0.001,0.009,-0.01821923999108377,-0.013872325758193131,0.02,-0.019
0.001,0.009,-0.023287186502674743,0.008070621664906073,0.05,0.01
0.001,0.009,-0.016315182058835705,0.005411502350795991,0.02,0.0
0.001,0.009,-0.0027036376274263245,0.012232375466875499,0.0,0.019
0.001,0.009,-0.01821923999108377,-0.013872325758193131,0.02,-0.019
0.001,0.009,-0.023287186502674743,0.008070621664906073,0.05,0.01
0.001,0.009,-0.016315182058835705,0.005411502350795991,0.02,0.0
0.001,0.009,-0.0027036376274263245,0.012232375466875499,0.0,0.019
0.001,0.009,-0.01821923999108377,-0.013872325758193131,0.02,-0.019
0.001,0.009,-0.023287186502674743,0.008070621664906073,0.05,0.01
0.001,0.009,-0.016315182058835705,0.005411502350795991,0.02,0.0
0.001,0.009,-0.0027036376274263245,0.012232375466875499,0.0,0.019
0.001,0.009,-0.01821923999108377,-0.013872325758193131,0.02,-0.019
0.001,0.009,-0.023287186502674743,0.008070621664906073,0.05,0.01
0.001,0.009,-0.016315182058835705,0.005411502350795991,0.02,0.0
0.001,0.009,-0.0027036376274263245,0.012232375466875499,0.0,0.019
0.001,0.009,-0.01821923999108377,-0.013872325758193131,0.02,-0.019
0.001,0.009,-0.023287186502674743,0.008070621664906073,0.05,0.01
0.001,0.009,-0.016315182058835705,0.005411502350795991,0.02,0.0
0.001,0.009,-0.0027036376274263245,0.012232375466875499,0.0,0.019
0.001,0.009,-0.01821923999108377,-0.013872325758193131,0.02,-0.019
0.001,0.009,-0.023287186502674743,0.008070621664906073,0.05,0.01
0.001,0.009,-0.016315182058835705,0.005411502350795991,0.02,0.0
0.001,0.009,-0.0027036376274263245,0.012232375466875499,0.0,0.019
0.001,0.009,-0.01821923999108377,-0.013872325758193131,0.02,-0.019
0.001,0.009,-0.023287186502674743,0.008070621664906073,0.05,0.01
0.001,0.009,-0.016315182058835705,0.005411502350795991,0.02,0.0
0.001,0.009,-0.0027036376274263245,0.012232375466875499,0.0,0.019
0.001,0.009,-0.01821923999108377,-0.013872325758193131,0.02,-0.019
0.001,0.009,-0.023287186502674743,0.008070621664906073,0.05,0.01
0.001,0.009,-0.016315182058835705,0.005411502350795991,0.02,0.0
0.001,0.009,-0.0027036376274263245,0.012232375466875499,0.0,0.019
0.001,0.009,-0.01821923999108377,-0.013872325758193131,0.02,-0.019
0.001,0.009,-0.023287186502674743,0.008070621664906073,0.05,0.01
0.001,0.009,-0.016315182058835705,0.005411502350795991,0.02,0.0
0.001,0.009,-0.0027036376274263245,0.012232375466875499,0.0,0.019
0.001,0.009,-0.01821923999108377,-0.013872325758193131,0.02,-0.019
0.001,0.009,-0.023287186502674743,0.008070621664906073,0.05,0.01
0.001,0.009,-0.016315182058835705,0.005411502350795991,0.02,0.0
0.001,0.009,-0.0027036376274263245,0.012232375466875499,0.0,0.019
0.001,0.009,-0.01821923999108377,-0.013872325758193131,0.02,-0.019
0.001,0.009,-0.023287186502674743,0.008070621664906073,0.05,0.01
0.001,0.009,-0.016315182058835705,0.005411502350795991,0.02,0.0
0.001,0.009,-0.0027036376274263245,0.012232375466875499,0.0,0.019
0.001,0.009,-0.01821923999108377,-0.013872325758193131,0.02,-0.019
0.001,0.009,-0.023287186502674743,0.008070621664906073,0.05,0.01
0.001,0.009,-0.016315182058835705,0.005411502350795991,0.02,0.0
0.001,0.009,-0.0027036376274263245,0.012232375466875499,0.0,0.019
0.001,0.009,-0.01821923999108377,-0.013872325758193131,0.02,-0.019
0.001,0.009,-0.023287186502674743,0.008070621664906073,0.05,0.01
0.001,0.009,-0.016315182058835705,0.005411502350795991,0.02,0.0
0.001,0.009,-0.0027036376274263245,0.012232375466875499,0.0,0.019
0.001,0.009,-0.01821923999108377,-0.013872325758193131,0.02,-0.019
0.001,0.009,-0.023287186502674743,0.008070621664906073,0.05,0.01
0.001,0.009,-0.016315182058835705,0.005411502350795991,0.02,0.0
0.001,0.009,-0.0027036376274263245,0.012232375466875499,0.0,0.019
0.001,0.009,-0.01821923999108377,-0.013872325758193131,0.02,-0.019
0.001,0.009,-0.023287186502674743,0.008070621664906073,0.05,0.01
0.001,0.009,-0.016315182058835705,0.005411502350795991,0.02,0.0
0.001,0.009,-0.0027036376274263245,0.012232375466875499,0.0,0.019
0.001,0.009,-0.01821923999108377,-0.013872325758193131,0.02,-0.019
0.001,0.009,-0.023287186502674743,0.008070621664906073,0.05,0.01
0.001,0.009,-0.016315182058835705,0.005411502350795991,0.02,0.0
0.001,0.009,-0.0027036376274263245,0.012232375466875499,0.0,0.019
0.001,0.009,-0.01821923999108377,-0.013872325758193131,0.02,-0.019
0.001,0.009,-0.023287186502674743,0.008070621664906073,0.05,0.01
0.001,0.009,-0.016315182058835705,0.005411502350795991,0.02,0.0
0.001,0.009,-0.0027036376274263245,0.012232375466875499,0.0,0.019
0.001,0.009,-0.01821923999108377,-0.013872325758193131,0.02,-0.019
0.001,0.009,-0.023287186502674743,0.008070621664906073,0.05,0.01
0.001,0.009,-0.016315182058835705,0.005411502350795991,0.02,0.0
0.001,0.009,-0.0027036376274263245,0.012232375466875499,0.0,0.019
0.001,0.009,-0.01821923999108377,-0.013872325758193131,0.02,-0.019
0.001,0.009,-0.023287186502674743,0.008070621664906073,0.05,0.01
0.001,0.009,-0.016315182058835705,0.005411502350795991,0.02,0.0
0.001,0.009,-0.0027036376274263245,0.012232375466875499,0.0,0.019
0.001,0.009,-0.01821923999108377,-0.013872325758193131,0.02,-0.019
0.001,0.009,-0.023287186502674743,0.008070621664906073,0.05,0.01
0.001,0.009,-0.016315182058835705,0.005411502350795991,0.02,0.0
0.001,0.009,-0.0027036376274263245,0.012232375466875499,0.0,0.019
0.001,0.009,-0.01821923999108377,-0.013872325758193131,0.02,-0.019
0.001,0.009,-0.023287186502674743,0.008070621664906073,0.05,0.01
0.001,0.009,-0.019813975340489325,-0.002302466486892947,0.02,0.0
0.001,0.009,-0.0013507378330795362,0.01640186066918432,0.0,0.019
0.001,0.009,-0.018322033343450866,-0.013115573314428272,0.02,-0.019
0.001,0.009,-0.03097843703687318,0.008535422211299859,0.05,0.01
0.001,0.009,-0.019813975340489325,-0.002302466486892947,0.02,0.0
0.001,0.009,-0.0013507378330795362,0.01640186066918432,0.0,0.019
0.001,0.009,-0.018322033343450866,-0.013115573314428272,0.02,-0.019
0.001,0.009,-0.03097843703687318,0.008535422211299859,0.05,0.01
0.001,0.009,-0.019813975340489325,-0.002302466486892947,0.02,0.0
0.001,0.009,-0.0013507378330795362,0.01640186066918432,0.0,0.019
0.001,0.009,-0.018322033343450866,-0.013115573314428272,0.02,-0.019
0.001,0.009,-0.03097843703687318,0.008535422211299859,0.05,0.01
0.001,0.009,-0.019813975340489325,-0.002302466486892947,0.02,0.0
0.001,0.009,-0.0013507378330795362,0.01640186066918432,0.0,0.019
0.001,0.009,-0.018322033343450866,-0.013115573314428272,0.02,-0.019
0.001,0.009,-0.03097843703687318,0.008535422211299859,0.05,0.01
0.001,0.009,-0.019813975340489325,-0.002302466486892947,0.02,0.0
0.001,0.009,-0.0013507378330795362,0.01640186066918432,0.0,0.019
0.001,0.009,-0.018322033343450866,-0.013115573314428272,0.02,-0.019
0.001,0.009,-0.03097843703687318,0.008535422211299859,0.05,0.01
0.001,0.009,-0.019813975340489325,-0.002302466486892947,0.02,0.0
0.001,0.009,-0.0013507378330795362,0.01640186066918432,0.0,0.019
0.001,0.009,-0.018322033343450866,-0.013115573314428272,0.02,-0.019
0.001,0.009,-0.03097843703687318,0.008535422211299859,0.05,0.01
0.001,0.009,-0.019813975340489325,-0.002302466486892947,0.02,0.0
0.001,0.009,-0.0013507378330795362,0.01640186066918432,0.0,0.019
0.001,0.009,-0.018322033343450866,-0.013115573314428272,0.02,-0.019
0.001,0.009,-0.03097843703687318,0.008535422211299859,0.05,0.01
0.001,0.009,-0.019813975340489325,-0.002302466486892947,0.02,0.0
0.001,0.009,-0.0013507378330795362,0.01640186066918432,0.0,0.019
0.001,0.009,-0.018322033343450866,-0.013115573314428272,0.02,-0.019
0.001,0.009,-0.03097843703687318,0.008535422211299859,0.05,0.01
0.001,0.009,-0.019813975340489325,-0.002302466486892947,0.02,0.0
0.001,0.009,-0.0013507378330795362,0.01640186066918432,0.0,0.019
0.001,0.009,-0.018322033343450866,-0.013115573314428272,0.02,-0.019
0.001,0.009,-0.03097843703687318,0.008535422211299859,0.05,0.01
0.001,0.009,-0.019813975340489325,-0.002302466486892947,0.02,0.0
0.001,0.009,-0.0013507378330795362,0.01640186066918432,0.0,0.019
0.001,0.009,-0.018322033343450866,-0.013115573314428272,0.02,-0.019
0.001,0.009,-0.03097843703687318,0.008535422211299859,0.05,0.01
0.001,0.009,-0.019813975340489325,-0.002302466486892947,0.02,0.0
0.001,0.009,-0.0013507378330795362,0.01640186066918432,0.0,0.019
0.001,0.009,-0.018322033343450866,-0.013115573314428272,0.02,-0.019
0.001,0.009,-0.03097843703687318,0.008535422211299859,0.05,0.01
0.001,0.009,-0.019813975340489325,-0.002302466486892947,0.02,0.0
0.001,0.009,-0.0013507378330795362,0.01640186066918432,0.0,0.019
0.001,0.009,-0.018322033343450866,-0.013115573314428272,0.02,-0.019
0.001,0.009,-0.03097843703687318,0.008535422211299859,0.05,0.01
0.001,0.009,-0.019813975340489325,-0.002302466486892947,0.02,0.0
0.001,0.009,-0.0013507378330795362,0.01640186066918432,0.0,0.019
0.001,0.009,-0.018322033343450866,-0.013115573314428272,0.02,-0.019
0.001,0.009,-0.03097843703687318,0.008535422211299859,0.05,0.01
0.001,0.009,-0.019813975340489325,-0.002302466486892947,0.02,0.0
0.001,0.009,-0.0013507378330795362,0.01640186066918432,0.0,0.019
0.001,0.009,-0.018322033343450866,-0.013115573314428272,0.02,-0.019
0.001,0.009,-0.03097843703687318,0.008535422211299859,0.05,0.01
0.001,0.009,-0.019813975340489325,-0.002302466486892947,0.02,0.0
0.001,0.009,-0.0013507378330795362,0.01640186066918432,0.0,0.019
0.001,0.009,-0.018322033343450866,-0.013115573314428272,0.02,-0.019
0.001,0.009,-0.03097843703687318,0.008535422211299859,0.05,0.01
0.001,0.009,-0.019813975340489325,-0.002302466486892947,0.02,0.0
0.001,0.009,-0.0013507378330795362,0.01640186066918432,0.0,0.019
0.001,0.009,-0.018322033343450866,-0.013115573314428272,0.02,-0.019
0.001,0.009,-0.03097843703687318,0.008535422211299859,0.05,0.01
0.001,0.009,-0.019813975340489325,-0.002302466486892947,0.02,0.0
0.001,0.009,-0.0013507378330795362,0.01640186066918432,0.0,0.019
0.001,0.009,-0.018322033343450866,-0.013115573314428272,0.02,-0.019
0.001,0.009,-0.03097843703687318,0.008535422211299859,0.05,0.01
0.001,0.009,-0.019813975340489325,-0.002302466486892947,0.02,0.0
0.001,0.009,-0.0013507378330795362,0.01640186066918432,0.0,0.019
0.001,0.009,-0.018322033343450866,-0.013115573314428272,0.02,-0.019
0.001,0.009,-0.03097843703687318,0.008535422211299859,0.05,0.01
0.001,0.009,-0.019813975340489325,-0.002302466486892947,0.02,0.0
0.001,0.009,-0.0013507378330795362,0.01640186066918432,0.0,0.019
0.001,0.009,-0.018322033343450866,-0.013115573314428272,0.02,-0.019
0.001,0.009,-0.03097843703687318,0.008535422211299859,0.05,0.01
0.001,0.009,-0.019813975340489325,-0.002302466486892947,0.02,0.0
0.001,0.009,-0.0013507378330795362,0.01640186066918432,0.0,0.019
0.001,0.009,-0.018322033343450866,-0.013115573314428272,0.02,-0.019
0.001,0.009,-0.03097843703687318,0.008535422211299859,0.05,0.01
0.001,0.009,-0.019813975340489325,-0.002302466486892947,0.02,0.0
0.001,0.009,-0.0013507378330795362,0.01640186066918432,0.0,0.019
0.001,0.009,-0.018322033343450866,-0.013115573314428272,0.02,-0.019
0.001,0.009,-0.03097843703687318,0.008535422211299859,0.05,0.01
0.001,0.009,-0.019813975340489325,-0.002302466486892947,0.02,0.0
0.001,0.009,-0.0013507378330795362,0.01640186066918432,0.0,0.019
0.001,0.009,-0.018322033343450866,-0.013115573314428272,0.02,-0.019
0.001,0.009,-0.03097843703687318,0.008535422211299859,0.05,0.01
0.001,0.009,-0.019813975340489325,-0.002302466486892947,0.02,0.0
0.001,0.009,-0.0013507378330795362,0.01640186066918432,0.0,0.019
0.001,0.009,-0.018322033343450866,-0.013115573314428272,0.02,-0.019
0.001,0.009,-0.03097843703687318,0.008535422211299859,0.05,0.01
0.001,0.009,-0.019813975340489325,-0.002302466486892947,0.02,0.0
0.001,0.009,-0.0013507378330795362,0.01640186066918432,0.0,0.019
0.001,0.009,-0.018322033343450866,-0.013115573314428272,0.02,-0.019
0.001,0.009,-0.03097843703687318,0.008535422211299859,0.05,0.01
0.001,0.009,-0.019813975340489325,-0.002302466486892947,0.02,0.0
0.001,0.009,-0.0013507378330795362,0.01640186066918432,0.0,0.019
0.001,0.009,-0.018322033343450866,-0.013115573314428272,0.02,-0.019
0.001,0.009,-0.03097843703687318,0.008535422211299859,0.05,0.01
0.001,0.009,-0.019813975340489325,-0.002302466486892947,0.02,0.0
0.001,0.009,-0.0013507378330795362,0.01640186066918432,0.0,0.019
0.001,0.009,-0.018322033343450866,-0.013115573314428272,0.02,-0.019
0.001,0.009,-0.03097843703687318,0.008535422211299859,0.05,0.01
0.001,0.009,-0.019068164789498535,0.00027563127629265534,0.02,0.0
0.001,0.009,-0.0007876972184967569,0.019375499983507863,0.0,0.019
0.001,0.009,-0.018499731924530947,-0.013949464659671743,0.02,-0.019
0.001,0.009,-0.032793971873567286,0.007286096060508632,0.05,0.01
0.001,0.009,-0.019068164789498535,0.00027563127629265534,0.02,0.0
0.001,0.009,-0.0007876972184967569,0.019375499983507863,0.0,0.019
0.001,0.009,-0.018499731924530947,-0.013949464659671743,0.02,-0.019
0.001,0.009,-0.032793971873567286,0.007286096060508632,0.05,0.01
0.001,0.009,-0.019068164789498535,0.00027563127629265534,0.02,0.0
0.001,0.009,-0.0007876972184967569,0.019375499983507863,0.0,0.019
0.001,0.009,-0.018499731924530947,-0.013949464659671743,0.02,-0.019
0.001,0.009,-0.032793971873567286,0.007286096060508632,0.05,0.01
0.001,0.009,-0.019068164789498535,0.00027563127629265534,0.02,0.0
0.001,0.009,-0.0007876972184967569,0.019375499983507863,0.0,0.019
0.001,0.009,-0.018499731924530947,-0.013949464659671743,0.02,-0.019
0.001,0.009,-0.032793971873567286,0.007286096060508632,0.05,0.01
0.001,0.009,-0.019068164789498535,0.00027563127629265534,0.02,0.0
0.001,0.009,-0.0007876972184967569,0.019375499983507863,0.0,0.019
0.001,0.009,-0.018499731924530947,-0.013949464659671743,0.02,-0.019
0.001,0.009,-0.032793971873567286,0.007286096060508632,0.05,0.01
0.001,0.009,-0.019068164789498535,0.00027563127629265534,0.02,0.0
0.001,0.009,-0.0007876972184967569,0.019375499983507863,0.0,0.019
0.001,0.009,-0.018499731924530947,-0.013949464659671743,0.02,-0.019
0.001,0.009,-0.032793971873567286,0.007286096060508632,0.05,0.01
0.001,0.009,-0.019068164789498535,0.00027563127629265534,0.02,0.0
0.001,0.009,-0.0007876972184967569,0.019375499983507863,0.0,0.019
0.001,0.009,-0.018499731924530947,-0.013949464659671743,0.02,-0.019
0.001,0.009,-0.032793971873567286,0.007286096060508632,0.05,0.01
0.001,0.009,-0.019068164789498535,0.00027563127629265534,0.02,0.0
0.001,0.009,-0.0007876972184967569,0.019375499983507863,0.0,0.019
0.001,0.009,-0.018499731924530947,-0.013949464659671743,0.02,-0.019
0.001,0.009,-0.032793971873567286,0.007286096060508632,0.05,0.01
0.001,0.009,-0.019068164789498535,0.00027563127629265534,0.02,0.0
0.001,0.009,-0.0007876972184967569,0.019375499983507863,0.0,0.019
0.001,0.009,-0.018499731924530947,-0.013949464659671743,0.02,-0.019
0.001,0.009,-0.032793971873567286,0.007286096060508632,0.05,0.01
0.001,0.009,-0.019068164789498535,0.00027563127629265534,0.02,0.0
0.001,0.009,-0.0007876972184967569,0.019375499983507863,0.0,0.019
0.001,0.009,-0.018499731924530947,-0.013949464659671743,0.02,-0.019
0.001,0.009,-0.032793971873567286,0.007286096060508632,0.05,0.01
0.001,0.009,-0.019068164789498535,0.00027563127629265534,0.02,0.0
0.001,0.009,-0.0007876972184967569,0.019375499983507863,0.0,0.019
0.001,0.009,-0.018499731924530947,-0.013949464659671743,0.02,-0.019
0.001,0.009,-0.032793971873567286,0.007286096060508632,0.05,0.01
0.001,0.009,-0.019068164789498535,0.00027563127629265534,0.02,0.0
0.001,0.009,-0.0007876972184967569,0.019375499983507863,0.0,0.019
0.001,0.009,-0.018499731924530947,-0.013949464659671743,0.02,-0.019
0.001,0.009,-0.032793971873567286,0.007286096060508632,0.05,0.01
0.001,0.009,-0.019068164789498535,0.00027563127629265534,0.02,0.0
0.001,0.009,-0.0007876972184967569,0.019375499983507863,0.0,0.019
0.001,0.009,-0.018499731924530947,-0.013949464659671743,0.02,-0.019
0.001,0.009,-0.032793971873567286,0.007286096060508632,0.05,0.01
0.001,0.009,-0.019068164789498535,0.00027563127629265534,0.02,0.0
0.001,0.009,-0.0007876972184967569,0.019375499983507863,0.0,0.019
0.001,0.009,-0.018499731924530947,-0.013949464659671743,0.02,-0.019
0.001,0.009,-0.032793971873567286,0.007286096060508632,0.05,0.01
0.001,0.0009,-0.019923938123279535,0.002487353659715571,0.02,0.0
0.001,0.0009,-0.0024397848923514436,0.0009838726335371166,0.0,0.019
0.001,0.0009,-0.009121028072713663,0.0031387643252943614,0.02,-0.019
0.001,0.0009,-0.012950376074303604,-0.00665518447961966,0.05,0.01
0.001,0.0009,-0.019923938123279535,0.002487353659715571,0.02,0.0
0.001,0.0009,-0.0024397848923514436,0.0009838726335371166,0.0,0.019
0.001,0.0009,-0.009121028072713663,0.0031387643252943614,0.02,-0.019
0.001,0.0009,-0.012950376074303604,-0.00665518447961966,0.05,0.01
0.001,0.0009,-0.019923938123279535,0.002487353659715571,0.02,0.0
0.001,0.0009,-0.0024397848923514436,0.0009838726335371166,0.0,0.019
0.001,0.0009,-0.009121028072713663,0.0031387643252943614,0.02,-0.019
0.001,0.0009,-0.012950376074303604,-0.00665518447961966,0.05,0.01
0.001,0.0009,-0.019923938123279535,0.002487353659715571,0.02,0.0
0.001,0.0009,-0.0024397848923514436,0.0009838726335371166,0.0,0.019
0.001,0.0009,-0.009121028072713663,0.0031387643252943614,0.02,-0.019
0.001,0.0009,-0.012950376074303604,-0.00665518447961966,0.05,0.01
0.001,0.0009,-0.019923938123279535,0.002487353659715571,0.02,0.0
0.001,0.0009,-0.0024397848923514436,0.0009838726335371166,0.0,0.019
0.001,0.0009,-0.009121028072713663,0.0031387643252943614,0.02,-0.019
0.001,0.0009,-0.012950376074303604,-0.00665518447961966,0.05,0.01
0.001,0.0009,-0.019923938123279535,0.002487353659715571,0.02,0.0
0.001,0.0009,-0.0024397848923514436,0.0009838726335371166,0.0,0.019
0.001,0.0009,-0.009121028072713663,0.0031387643252943614,0.02,-0.019
0.001,0.0009,-0.012950376074303604,-0.00665518447961966,0.05,0.01
0.001,0.0009,-0.019923938123279535,0.002487353659715571,0.02,0.0
0.001,0.0009,-0.0024397848923514436,0.0009838726335371166,0.0,0.019
0.001,0.0009,-0.009121028072713663,0.0031387643252943614,0.02,-0.019
0.001,0.0009,-0.012950376074303604,-0.00665518447961966,0.05,0.01
0.001,0.0009,-0.019923938123279535,0.002487353659715571,0.02,0.0
0.001,0.0009,-0.0024397848923514436,0.0009838726335371166,0.0,0.019
0.001,0.0009,-0.009121028072713663,0.0031387643252943614,0.02,-0.019
0.001,0.0009,-0.012950376074303604,-0.00665518447961966,0.05,0.01
0.001,0.0009,-0.019923938123279535,0.002487353659715571,0.02,0.0
0.001,0.0009,-0.0024397848923514436,0.0009838726335371166,0.0,0.019
0.001,0.0009,-0.009121028072713663,0.0031387643252943614,0.02,-0.019
0.001,0.0009,-0.012950376074303604,-0.00665518447961966,0.05,0.01
0.001,0.0009,-0.019923938123279535,0.002487353659715571,0.02,0.0
0.001,0.0009,-0.0024397848923514436,0.0009838726335371166,0.0,0.019
0.001,0.0009,-0.009121028072713663,0.0031387643252943614,0.02,-0.019
0.001,0.0009,-0.012950376074303604,-0.00665518447961966,0.05,0.01
0.001,0.0009,-0.019923938123279535,0.002487353659715571,0.02,0.0
0.001,0.0009,-0.0024397848923514436,0.0009838726335371166,0.0,0.019
0.001,0.0009,-0.009121028072713663,0.0031387643252943614,0.02,-0.019
0.001,0.0009,-0.012950376074303604,-0.00665518447961966,0.05,0.01
0.001,0.0009,-0.019923938123279535,0.002487353659715571,0.02,0.0
0.001,0.0009,-0.0024397848923514436,0.0009838726335371166,0.0,0.019
0.001,0.0009,-0.009121028072713663,0.0031387643252943614,0.02,-0.019
0.001,0.0009,-0.012950376074303604,-0.00665518447961966,0.05,0.01
0.001,0.0009,-0.019923938123279535,0.002487353659715571,0.02,0.0
0.001,0.0009,-0.0024397848923514436,0.0009838726335371166,0.0,0.019
0.001,0.0009,-0.009121028072713663,0.0031387643252943614,0.02,-0.019
0.001,0.0009,-0.012950376074303604,-0.00665518447961966,0.05,0.01
0.001,0.0009,-0.019923938123279535,0.002487353659715571,0.02,0.0
0.001,0.0009,-0.0024397848923514436,0.0009838726335371166,0.0,0.019
0.001,0.0009,-0.009121028072713663,0.0031387643252943614,0.02,-0.019
0.001,0.0009,-0.012950376074303604,-0.00665518447961966,0.05,0.01
0.001,0.0009,-0.019923938123279535,0.002487353659715571,0.02,0.0
0.001,0.0009,-0.0024397848923514436,0.0009838726335371166,0.0,0.019
0.001,0.0009,-0.009121028072713663,0.0031387643252943614,0.02,-0.019
0.001,0.0009,-0.012950376074303604,-0.00665518447961966,0.05,0.01
0.001,0.0009,-0.019923938123279535,0.002487353659715571,0.02,0.0
0.001,0.0009,-0.0024397848923514436,0.0009838726335371166,0.0,0.019
0.001,0.0009,-0.009121028072713663,0.0031387643252943614,0.02,-0.019
0.001,0.0009,-0.012950376074303604,-0.00665518447961966,0.05,0.01
0.001,0.0009,-0.019923938123279535,0.002487353659715571,0.02,0.0
0.001,0.0009,-0.0024397848923514436,0.0009838726335371166,0.0,0.019
0.001,0.0009,-0.009121028072713663,0.0031387643252943614,0.02,-0.019
0.001,0.0009,-0.012950376074303604,-0.00665518447961966,0.05,0.01
0.001,0.0009,-0.019923938123279535,0.002487353659715571,0.02,0.0
0.001,0.0009,-0.0024397848923514436,0.0009838726335371166,0.0,0.019
0.001,0.0009,-0.009121028072713663,0.0031387643252943614,0.02,-0.019
0.001,0.0009,-0.012950376074303604,-0.00665518447961966,0.05,0.01
0.001,0.0009,-0.019923938123279535,0.002487353659715571,0.02,0.0
0.001,0.0009,-0.0024397848923514436,0.0009838726335371166,0.0,0.019
0.001,0.0009,-0.009121028072713663,0.0031387643252943614,0.02,-0.019
0.001,0.0009,-0.012950376074303604,-0.00665518447961966,0.05,0.01
0.001,0.0009,-0.019923938123279535,0.002487353659715571,0.02,0.0
0.001,0.0009,-0.0024397848923514436,0.0009838726335371166,0.0,0.019
0.001,0.0009,-0.009121028072713663,0.0031387643252943614,0.02,-0.019
0.001,0.0009,-0.012950376074303604,-0.00665518447961966,0.05,0.01
0.001,0.0009,-0.019923938123279535,0.002487353659715571,0.02,0.0
0.001,0.0009,-0.0024397848923514436,0.0009838726335371166,0.0,0.019
0.001,0.0009,-0.009121028072713663,0.0031387643252943614,0.02,-0.019
0.001,0.0009,-0.012950376074303604,-0.00665518447961966,0.05,0.01
0.001,0.0009,-0.019923938123279535,0.002487353659715571,0.02,0.0
0.001,0.0009,-0.0024397848923514436,0.0009838726335371166,0.0,0.019
0.001,0.0009,-0.009121028072713663,0.0031387643252943614,0.02,-0.019
0.001,0.0009,-0.012950376074303604,-0.00665518447961966,0.05,0.01
0.001,0.0009,-0.019923938123279535,0.002487353659715571,0.02,0.0
0.001,0.0009,-0.0024397848923514436,0.0009838726335371166,0.0,0.019
0.001,0.0009,-0.009121028072713663,0.0031387643252943614,0.02,-0.019
0.001,0.0009,-0.012950376074303604,-0.00665518447961966,0.05,0.01
0.001,0.0009,-0.019923938123279535,0.002487353659715571,0.02,0.0
0.001,0.0009,-0.0024397848923514436,0.0009838726335371166,0.0,0.019
0.001,0.0009,-0.009121028072713663,0.0031387643252943614,0.02,-0.019
0.001,0.0009,-0.012950376074303604,-0.00665518447961966,0.05,0.01
0.001,0.0009,-0.019923938123279535,0.002487353659715571,0.02,0.0
0.001,0.0009,-0.0024397848923514436,0.0009838726335371166,0.0,0.019
0.001,0.0009,-0.009121028072713663,0.0031387643252943614,0.02,-0.019
0.001,0.0009,-0.012950376074303604,-0.00665518447961966,0.05,0.01
0.001,0.0009,-0.019923938123279535,0.002487353659715571,0.02,0.0
0.001,0.0009,-0.0024397848923514436,0.0009838726335371166,0.0,0.019
0.001,0.0009,-0.009121028072713663,0.0031387643252943614,0.02,-0.019
0.001,0.0009,-0.012950376074303604,-0.00665518447961966,0.05,0.01
0.001,0.0009,-0.01996203614862657,0.002399771670510002,0.02,0.0
0.001,0.0009,-0.0004707836488038605,0.0027952412858568898,0.0,0.019
0.001,0.0009,-0.00707311650239182,-0.007466769501278574,0.02,-0.019
0.001,0.0009,-0.01942823628511851,-0.0018519423088908986,0.05,0.01
0.001,0.0009,-0.01996203614862657,0.002399771670510002,0.02,0.0
0.001,0.0009,-0.0004707836488038605,0.0027952412858568898,0.0,0.019
0.001,0.0009,-0.00707311650239182,-0.007466769501278574,0.02,-0.019
0.001,0.0009,-0.01942823628511851,-0.0018519423088908986,0.05,0.01
0.001,0.0009,-0.01996203614862657,0.002399771670510002,0.02,0.0
0.001,0.0009,-0.0004707836488038605,0.0027952412858568898,0.0,0.019
0.001,0.0009,-0.00707311650239182,-0.007466769501278574,0.02,-0.019
0.001,0.0009,-0.01942823628511851,-0.0018519423088908986,0.05,0.01
0.001,0.0009,-0.01996203614862657,0.002399771670510002,0.02,0.0
0.001,0.0009,-0.0004707836488038605,0.0027952412858568898,0.0,0.019
0.001,0.0009,-0.00707311650239182,-0.007466769501278574,0.02,-0.019
0.001,0.0009,-0.01942823628511851,-0.0018519423088908986,0.05,0.01
0.001,0.0009,-0.01996203614862657,0.002399771670510002,0.02,0.0
0.001,0.0009,-0.0004707836488038605,0.0027952412858568898,0.0,0.019
0.001,0.0009,-0.00707311650239182,-0.007466769501278574,0.02,-0.019
0.001,0.0009,-0.01942823628511851,-0.0018519423088908986,0.05,0.01
0.001,0.0009,-0.01996203614862657,0.002399771670510002,0.02,0.0
0.001,0.0009,-0.0004707836488038605,0.0027952412858568898,0.0,0.019
0.001,0.0009,-0.00707311650239182,-0.007466769501278574,0.02,-0.019
0.001,0.0009,-0.01942823628511851,-0.0018519423088908986,0.05,0.01
0.001,0.0009,-0.01996203614862657,0.002399771670510002,0.02,0.0
0.001,0.0009,-0.0004707836488038605,0.0027952412858568898,0.0,0.019
0.001,0.0009,-0.00707311650239182,-0.007466769501278574,0.02,-0.019
0.001,0.0009,-0.01942823628511851,-0.0018519423088908986,0.05,0.01
0.001,0.0009,-0.01996203614862657,0.002399771670510002,0.02,0.0
0.001,0.0009,-0.0004707836488038605,0.0027952412858568898,0.0,0.019
0.001,0.0009,-0.00707311650239182,-0.007466769501278574,0.02,-0.019
0.001,0.0009,-0.01942823628511851,-0.0018519423088908986,0.05,0.01
0.001,0.0009,-0.01996203614862657,0.002399771670510002,0.02,0.0
0.001,0.0009,-0.0004707836488038605,0.0027952412858568898,0.0,0.019
0.001,0.0009,-0.00707311650239182,-0.007466769501278574,0.02,-0.019
0.001,0.0009,-0.01942823628511851,-0.0018519423088908986,0.05,0.01
0.001,0.0009,-0.01996203614862657,0.002399771670510002,0.02,0.0
0.001,0.0009,-0.0004707836488038605,0.0027952412858568898,0.0,0.019
0.001,0.0009,-0.00707311650239182,-0.007466769501278574,0.02,-0.019
0.001,0.0009,-0.01942823628511851,-0.0018519423088908986,0.05,0.01
0.001,0.0009,-0.01996203614862657,0.002399771670510002,0.02,0.0
0.001,0.0009,-0.0004707836488038605,0.0027952412858568898,0.0,0.019
0.001,0.0009,-0.00707311650239182,-0.007466769501278574,0.02,-0.019
0.001,0.0009,-0.01942823628511851,-0.0018519423088908986,0.05,0.01
0.001,0.0009,-0.01996203614862657,0.002399771670510002,0.02,0.0
0.001,0.0009,-0.0004707836488038605,0.0027952412858568898,0.0,0.019
0.001,0.0009,-0.00707311650239182,-0.007466769501278574,0.02,-0.019
0.001,0.0009,-0.01942823628511851,-0.0018519423088908986,0.05,0.01
0.001,0.0009,-0.01996203614862657,0.002399771670510002,0.02,0.0
0.001,0.0009,-0.0004707836488038605,0.0027952412858568898,0.0,0.019
0.001,0.0009,-0.00707311650239182,-0.007466769501278574,0.02,-0.019
0.001,0.0009,-0.01942823628511851,-0.0018519423088908986,0.05,0.01
0.001,0.0009,-0.01996203614862657,0.002399771670510002,0.02,0.0
0.001,0.0009,-0.0004707836488038605,0.0027952412858568898,0.0,0.019
0.001,0.0009,-0.00707311650239182,-0.007466769501278574,0.02,-0.019
0.001,0.0009,-0.01942823628511851,-0.0018519423088908986,0.05,0.01
0.001,0.0009,-0.01996203614862657,0.002399771670510002,0.02,0.0
0.001,0.0009,-0.0004707836488038605,0.0027952412858568898,0.0,0.019
0.001,0.0009,-0.00707311650239182,-0.007466769501278574,0.02,-0.019
0.001,0.0009,-0.01942823628511851,-0.0018519423088908986,0.05,0.01
0.001,0.0009,-0.01996203614862657,0.002399771670510002,0.02,0.0
0.001,0.0009,-0.0004707836488038605,0.0027952412858568898,0.0,0.019
0.001,0.0009,-0.00707311650239182,-0.007466769501278574,0.02,-0.019
0.001,0.0009,-0.01942823628511851,-0.0018519423088908986,0.05,0.01
0.001,0.0009,-0.01996203614862657,0.002399771670510002,0.02,0.0
0.001,0.0009,-0.0004707836488038605,0.0027952412858568898,0.0,0.019
0.001,0.0009,-0.00707311650239182,-0.007466769501278574,0.02,-0.019
0.001,0.0009,-0.01942823628511851,-0.0018519423088908986,0.05,0.01
0.001,0.0009,-0.01996203614862657,0.002399771670510002,0.02,0.0
0.001,0.0009,-0.0004707836488038605,0.0027952412858568898,0.0,0.019
0.001,0.0009,-0.00707311650239182,-0.007466769501278574,0.02,-0.019
0.001,0.0009,-0.01942823628511851,-0.0018519423088908986,0.05,0.01
0.001,0.0009,-0.01996203614862657,0.002399771670510002,0.02,0.0
0.001,0.0009,-0.0004707836488038605,0.0027952412858568898,0.0,0.019
0.001,0.0009,-0.00707311650239182,-0.007466769501278574,0.02,-0.019
0.001,0.0009,-0.01942823628511851,-0.0018519423088908986,0.05,0.01
0.001,0.0009,-0.01996203614862657,0.002399771670510002,0.02,0.0
0.001,0.0009,-0.0004707836488038605,0.0027952412858568898,0.0,0.019
0.001,0.0009,-0.00707311650239182,-0.007466769501278574,0.02,-0.019
0.001,0.0009,-0.01942823628511851,-0.0018519423088908986,0.05,0.01
0.001,0.0009,-0.01996203614862657,0.002399771670510002,0.02,0.0
0.001,0.0009,-0.0004707836488038605,0.0027952412858568898,0.0,0.019
0.001,0.0009,-0.00707311650239182,-0.007466769501278574,0.02,-0.019
0.001,0.0009,-0.01942823628511851,-0.0018519423088908986,0.05,0.01
0.001,0.0009,-0.01996203614862657,0.002399771670510002,0.02,0.0
0.001,0.0009,-0.0004707836488038605,0.0027952412858568898,0.0,0.019
0.001,0.0009,-0.00707311650239182,-0.007466769501278574,0.02,-0.019
0.001,0.0009,-0.01942823628511851,-0.0018519423088908986,0.05,0.01
0.001,0.0009,-0.01996203614862657,0.002399771670510002,0.02,0.0
0.001,0.0009,-0.0004707836488038605,0.0027952412858568898,0.0,0.019
0.001,0.0009,-0.00707311650239182,-0.007466769501278574,0.02,-0.019
0.001,0.0009,-0.01942823628511851,-0.0018519423088908986,0.05,0.01
0.001,0.0009,-0.01996203614862657,0.002399771670510002,0.02,0.0
0.001,0.0009,-0.0004707836488038605,0.0027952412858568898,0.0,0.019
0.001,0.0009,-0.00707311650239182,-0.007466769501278574,0.02,-0.019
0.001,0.0009,-0.01942823628511851,-0.0018519423088908986,0.05,0.01
0.001,0.0009,-0.01996203614862657,0.002399771670510002,0.02,0.0
0.001,0.0009,-0.0004707836488038605,0.0027952412858568898,0.0,0.019
0.001,0.0009,-0.00707311650239182,-0.007466769501278574,0.02,-0.019
0.001,0.0009,-0.01942823628511851,-0.0018519423088908986,0.05,0.01
0.001,0.0009,-0.01996203614862657,0.002399771670510002,0.02,0.0
0.001,0.0009,-0.0004707836488038605,0.0027952412858568898,0.0,0.019
0.001,0.0009,-0.00707311650239182,-0.007466769501278574,0.02,-0.019
0.001,0.0009,-0.01942823628511851,-0.0018519423088908986,0.05,0.01
0.001,0.0009,-0.019690018738909215,0.0006567688555740915,0.02,0.0
0.001,0.0009,-0.001967582264323745,0.0009997533424337937,0.0,0.019
0.001,0.0009,-0.01006605450933612,-0.00699397461316455,0.02,-0.019
0.001,0.0009,-0.022373202392988626,-0.004316281186170642,0.05,0.01
0.001,0.0009,-0.019690018738909215,0.0006567688555740915,0.02,0.0
0.001,0.0009,-0.001967582264323745,0.0009997533424337937,0.0,0.019
0.001,0.0009,-0.01006605450933612,-0.00699397461316455,0.02,-0.019
0.001,0.0009,-0.022373202392988626,-0.004316281186170642,0.05,0.01
0.001,0.0009,-0.019690018738909215,0.0006567688555740915,0.02,0.0
0.001,0.0009,-0.001967582264323745,0.0009997533424337937,0.0,0.019
0.001,0.0009,-0.01006605450933612,-0.00699397461316455,0.02,-0.019
0.001,0.0009,-0.022373202392988626,-0.004316281186170642,0.05,0.01
0.001,0.0009,-0.019690018738909215,0.0006567688555740915,0.02,0.0
0.001,0.0009,-0.001967582264323745,0.0009997533424337937,0.0,0.019
0.001,0.0009,-0.01006605450933612,-0.00699397461316455,0.02,-0.019
0.001,0.0009,-0.022373202392988626,-0.004316281186170642,0.05,0.01
0.001,0.0009,-0.019690018738909215,0.0006567688555740915,0.02,0.0
0.001,0.0009,-0.001967582264323745,0.0009997533424337937,0.0,0.019
0.001,0.0009,-0.01006605450933612,-0.00699397461316455,0.02,-0.019
0.001,0.0009,-0.022373202392988626,-0.004316281186170642,0.05,0.01
0.001,0.0009,-0.019690018738909215,0.0006567688555740915,0.02,0.0
0.001,0.0009,-0.001967582264323745,0.0009997533424337937,0.0,0.019
0.001,0.0009,-0.01006605450933612,-0.00699397461316455,0.02,-0.019
0.001,0.0009,-0.022373202392988626,-0.004316281186170642,0.05,0.01
0.001,0.0009,-0.019690018738909215,0.0006567688555740915,0.02,0.0
0.001,0.0009,-0.001967582264323745,0.0009997533424337937,0.0,0.019
0.001,0.0009,-0.01006605450933612,-0.00699397461316455,0.02,-0.019
0.001,0.0009,-0.022373202392988626,-0.004316281186170642,0.05,0.01
0.001,0.0009,-0.019690018738909215,0.0006567688555740915,0.02,0.0
0.001,0.0009,-0.001967582264323745,0.0009997533424337937,0.0,0.019
0.001,0.0009,-0.01006605450933612,-0.00699397461316455,0.02,-0.019
0.001,0.0009,-0.022373202392988626,-0.004316281186170642,0.05,0.01
0.001,0.0009,-0.019690018738909215,0.0006567688555740915,0.02,0.0
0.001,0.0009,-0.001967582264323745,0.0009997533424337937,0.0,0.019
0.001,0.0009,-0.01006605450933612,-0.00699397461316455,0.02,-0.019
0.001,0.0009,-0.022373202392988626,-0.004316281186170642,0.05,0.01
0.001,0.0009,-0.019690018738909215,0.0006567688555740915,0.02,0.0
0.001,0.0009,-0.001967582264323745,0.0009997533424337937,0.0,0.019
0.001,0.0009,-0.01006605450933612,-0.00699397461316455,0.02,-0.019
0.001,0.0009,-0.022373202392988626,-0.004316281186170642,0.05,0.01
0.001,0.0009,-0.019690018738909215,0.0006567688555740915,0.02,0.0
0.001,0.0009,-0.001967582264323745,0.0009997533424337937,0.0,0.019
0.001,0.0009,-0.01006605450933612,-0.00699397461316455,0.02,-0.019
0.001,0.0009,-0.022373202392988626,-0.004316281186170642,0.05,0.01
0.001,0.0009,-0.019690018738909215,0.0006567688555740915,0.02,0.0
0.001,0.0009,-0.001967582264323745,0.0009997533424337937,0.0,0.019
0.001,0.0009,-0.01006605450933612,-0.00699397461316455,0.02,-0.019
0.001,0.0009,-0.022373202392988626,-0.004316281186170642,0.05,0.01
0.001,0.0009,-0.019690018738909215,0.0006567688555740915,0.02,0.0
0.001,0.0009,-0.001967582264323745,0.0009997533424337937,0.0,0.019
0.001,0.0009,-0.01006605450933612,-0.00699397461316455,0.02,-0.019
0.001,0.0009,-0.022373202392988626,-0.004316281186170642,0.05,0.01
0.001,0.0009,-0.019690018738909215,0.0006567688555740915,0.02,0.0
0.001,0.0009,-0.001967582264323745,0.0009997533424337937,0.0,0.019
0.001,0.0009,-0.01006605450933612,-0.00699397461316455,0.02,-0.019
0.001,0.0009,-0.022373202392988626,-0.004316281186170642,0.05,0.01
0.001,0.0009,-0.019690018738909215,0.0006567688555740915,0.02,0.0
0.001,0.0009,-0.001967582264323745,0.0009997533424337937,0.0,0.019
0.001,0.0009,-0.01006605450933612,-0.00699397461316455,0.02,-0.019
0.001,0.0009,-0.022373202392988626,-0.004316281186170642,0.05,0.01
0.001,0.0009,-0.019690018738909215,0.0006567688555740915,0.02,0.0
0.001,0.0009,-0.001967582264323745,0.0009997533424337937,0.0,0.019
0.001,0.0009,-0.01006605450933612,-0.00699397461316455,0.02,-0.019
0.001,0.0009,-0.022373202392988626,-0.004316281186170642,0.05,0.01
0.001,0.0009,-0.019690018738909215,0.0006567688555740915,0.02,0.0
0.001,0.0009,-0.001967582264323745,0.0009997533424337937,0.0,0.019
0.001,0.0009,-0.01006605450933612,-0.00699397461316455,0.02,-0.019
0.001,0.0009,-0.022373202392988626,-0.004316281186170642,0.05,0.01
0.001,0.0009,-0.019690018738909215,0.0006567688555740915,0.02,0.0
0.001,0.0009,-0.001967582264323745,0.0009997533424337937,0.0,0.019
0.001,0.0009,-0.01006605450933612,-0.00699397461316455,0.02,-0.019
0.001,0.0009,-0.022373202392988626,-0.004316281186170642,0.05,0.01
0.001,0.0009,-0.019690018738909215,0.0006567688555740915,0.02,0.0
0.001,0.0009,-0.001967582264323745,0.0009997533424337937,0.0,0.019
0.001,0.0009,-0.01006605450933612,-0.00699397461316455,0.02,-0.019
0.001,0.0009,-0.022373202392988626,-0.004316281186170642,0.05,0.01
0.001,0.0009,-0.019690018738909215,0.0006567688555740915,0.02,0.0
0.001,0.0009,-0.001967582264323745,0.0009997533424337937,0.0,0.019
0.001,0.0009,-0.01006605450933612,-0.00699397461316455,0.02,-0.019
0.001,0.0009,-0.022373202392988626,-0.004316281186170642,0.05,0.01
0.001,0.0009,-0.019690018738909215,0.0006567688555740915,0.02,0.0
0.001,0.0009,-0.001967582264323745,0.0009997533424337937,0.0,0.019
0.001,0.0009,-0.01006605450933612,-0.00699397461316455,0.02,-0.019
0.001,0.0009,-0.022373202392988626,-0.004316281186170642,0.05,0.01
0.001,0.0009,-0.019690018738909215,0.0006567688555740915,0.02,0.0
0.001,0.0009,-0.001967582264323745,0.0009997533424337937,0.0,0.019
0.001,0.0009,-0.01006605450933612,-0.00699397461316455,0.02,-0.019
0.001,0.0009,-0.022373202392988626,-0.004316281186170642,0.05,0.01
0.001,0.0009,-0.019690018738909215,0.0006567688555740915,0.02,0.0
0.001,0.0009,-0.001967582264323745,0.0009997533424337937,0.0,0.019
0.001,0.0009,-0.01006605450933612,-0.00699397461316455,0.02,-0.019
0.001,0.0009,-0.022373202392988626,-0.004316281186170642,0.05,0.01
0.001,0.0009,-0.019690018738909215,0.0006567688555740915,0.02,0.0
0.001,0.0009,-0.001967582264323745,0.0009997533424337937,0.0,0.019
0.001,0.0009,-0.01006605450933612,-0.00699397461316455,0.02,-0.019
0.001,0.0009,-0.022373202392988626,-0.004316281186170642,0.05,0.01
0.001,0.0009,-0.019690018738909215,0.0006567688555740915,0.02,0.0
0.001,0.0009,-0.001967582264323745,0.0009997533424337937,0.0,0.019
0.001,0.0009,-0.01006605450933612,-0.00699397461316455,0.02,-0.019
0.001,0.0009,-0.022373202392988626,-0.004316281186170642,0.05,0.01
0.001,0.0009,-0.019690018738909215,0.0006567688555740915,0.02,0.0
0.001,0.0009,-0.001967582264323745,0.0009997533424337937,0.0,0.019
0.001,0.0009,-0.01006605450933612,-0.00699397461316455,0.02,-0.019
0.001,0.0009,-0.022373202392988626,-0.004316281186170642,0.05,0.01
0.001,0.0009,-0.01979292647768456,0.0005809540550399629,0.02,0.0
0.001,0.0009,-0.0010177726608326333,0.0010279851438882266,0.0,0.019
0.001,0.0009,-0.00850964357893206,-0.007135670011019582,0.02,-0.019
0.001,0.0009,-0.024077423522429437,-0.005514302553227133,0.05,0.01
0.001,0.0009,-0.01979292647768456,0.0005809540550399629,0.02,0.0
0.001,0.0009,-0.0010177726608326333,0.0010279851438882266,0.0,0.019
0.001,0.0009,-0.00850964357893206,-0.007135670011019582,0.02,-0.019
0.001,0.0009,-0.024077423522429437,-0.005514302553227133,0.05,0.01
0.001,0.0009,-0.01979292647768456,0.0005809540550399629,0.02,0.0
0.001,0.0009,-0.0010177726608326333,0.0010279851438882266,0.0,0.019
0.001,0.0009,-0.00850964357893206,-0.007135670011019582,0.02,-0.019
0.001,0.0009,-0.024077423522429437,-0.005514302553227133,0.05,0.01
0.001,0.0009,-0.01979292647768456,0.0005809540550399629,0.02,0.0
0.001,0.0009,-0.0010177726608326333,0.0010279851438882266,0.0,0.019
0.001,0.0009,-0.00850964357893206,-0.007135670011019582,0.02,-0.019
0.001,0.0009,-0.024077423522429437,-0.005514302553227133,0.05,0.01
0.001,0.0009,-0.01979292647768456,0.0005809540550399629,0.02,0.0
0.001,0.0009,-0.0010177726608326333,0.0010279851438882266,0.0,0.019
0.001,0.0009,-0.00850964357893206,-0.007135670011019582,0.02,-0.019
0.001,0.0009,-0.024077423522429437,-0.005514302553227133,0.05,0.01
0.001,0.0009,-0.01979292647768456,0.0005809540550399629,0.02,0.0
0.001,0.0009,-0.0010177726608326333,0.0010279851438882266,0.0,0.019
0.001,0.0009,-0.00850964357893206,-0.007135670011019582,0.02,-0.019
0.001,0.0009,-0.024077423522429437,-0.005514302553227133,0.05,0.01
0.001,0.0009,-0.01979292647768456,0.0005809540550399629,0.02,0.0
0.001,0.0009,-0.0010177726608326333,0.0010279851438882266,0.0,0.019
0.001,0.0009,-0.00850964357893206,-0.007135670011019582,0.02,-0.019
0.001,0.0009,-0.024077423522429437,-0.005514302553227133,0.05,0.01
0.001,0.0009,-0.01979292647768456,0.0005809540550399629,0.02,0.0
0.001,0.0009,-0.0010177726608326333,0.0010279851438882266,0.0,0.019
0.001,0.0009,-0.00850964357893206,-0.007135670011019582,0.02,-0.019
0.001,0.0009,-0.024077423522429437,-0.005514302553227133,0.05,0.01
0.001,0.0009,-0.01979292647768456,0.0005809540550399629,0.02,0.0
0.001,0.0009,-0.0010177726608326333,0.0010279851438882266,0.0,0.019
0.001,0.0009,-0.00850964357893206,-0.007135670011019582,0.02,-0.019
0.001,0.0009,-0.024077423522429437,-0.005514302553227133,0.05,0.01
0.001,0.0009,-0.01979292647768456,0.0005809540550399629,0.02,0.0
0.001,0.0009,-0.0010177726608326333,0.0010279851438882266,0.0,0.019
0.001,0.0009,-0.00850964357893206,-0.007135670011019582,0.02,-0.019
0.001,0.0009,-0.024077423522429437,-0.005514302553227133,0.05,0.01
0.001,0.0009,-0.01979292647768456,0.0005809540550399629,0.02,0.0
0.001,0.0009,-0.0010177726608326333,0.0010279851438882266,0.0,0.019
0.001,0.0009,-0.00850964357893206,-0.007135670011019582,0.02,-0.019
0.001,0.0009,-0.024077423522429437,-0.005514302553227133,0.05,0.01
0.001,0.0009,-0.01979292647768456,0.0005809540550399629,0.02,0.0
0.001,0.0009,-0.0010177726608326333,0.0010279851438882266,0.0,0.019
0.001,0.0009,-0.00850964357893206,-0.007135670011019582,0.02,-0.019
0.001,0.0009,-0.024077423522429437,-0.005514302553227133,0.05,0.01
0.001,0.0009,-0.01979292647768456,0.0005809540550399629,0.02,0.0
0.001,0.0009,-0.0010177726608326333,0.0010279851438882266,0.0,0.019
0.001,0.0009,-0.00850964357893206,-0.007135670011019582,0.02,-0.019
0.001,0.0009,-0.024077423522429437,-0.005514302553227133,0.05,0.01
0.001,0.0009,-0.01979292647768456,0.0005809540550399629,0.02,0.0
0.001,0.0009,-0.0010177726608326333,0.0010279851438882266,0.0,0.019
0.001,0.0009,-0.00850964357893206,-0.007135670011019582,0.02,-0.019
0.001,0.0009,-0.024077423522429437,-0.005514302553227133,0.05,0.01
0.001,0.0009,-0.01979292647768456,0.0005809540550399629,0.02,0.0
0.001,0.0009,-0.0010177726608326333,0.0010279851438882266,0.0,0.019
0.001,0.0009,-0.00850964357893206,-0.007135670011019582,0.02,-0.019
0.001,0.0009,-0.024077423522429437,-0.005514302553227133,0.05,0.01
0.001,0.0009,-0.01979292647768456,0.0005809540550399629,0.02,0.0
0.001,0.0009,-0.0010177726608326333,0.0010279851438882266,0.0,0.019
0.001,0.0009,-0.00850964357893206,-0.007135670011019582,0.02,-0.019
0.001,0.0009,-0.024077423522429437,-0.005514302553227133,0.05,0.01
0.001,0.0009,-0.01979292647768456,0.0005809540550399629,0.02,0.0
0.001,0.0009,-0.0010177726608326333,0.0010279851438882266,0.0,0.019
0.001,0.0009,-0.00850964357893206,-0.007135670011019582,0.02,-0.019
0.001,0.0009,-0.024077423522429437,-0.005514302553227133,0.05,0.01
0.001,0.0009,-0.01979292647768456,0.0005809540550399629,0.02,0.0
0.001,0.0009,-0.0010177726608326333,0.0010279851438882266,0.0,0.019
0.001,0.0009,-0.00850964357893206,-0.007135670011019582,0.02,-0.019
0.001,0.0009,-0.024077423522429437,-0.005514302553227133,0.05,0.01
0.001,0.0009,-0.01979292647768456,0.0005809540550399629,0.02,0.0
0.001,0.0009,-0.0010177726608326333,0.0010279851438882266,0.0,0.019
0.001,0.0009,-0.00850964357893206,-0.007135670011019582,0.02,-0.019
0.001,0.0009,-0.024077423522429437,-0.005514302553227133,0.05,0.01
0.001,0.0009,-0.01979292647768456,0.0005809540550399629,0.02,0.0
0.001,0.0009,-0.0010177726608326333,0.0010279851438882266,0.0,0.019
0.001,0.0009,-0.00850964357893206,-0.007135670011019582,0.02,-0.019
0.001,0.0009,-0.024077423522429437,-0.005514302553227133,0.05,0.01
0.001,0.0009,-0.01979292647768456,0.0005809540550399629,0.02,0.0
0.001,0.0009,-0.0010177726608326333,0.0010279851438882266,0.0,0.019
0.001,0.0009,-0.00850964357893206,-0.007135670011019582,0.02,-0.019
0.001,0.0009,-0.024077423522429437,-0.005514302553227133,0.05,0.01
0.001,0.0009,-0.01979292647768456,0.0005809540550399629,0.02,0.0
0.001,0.0009,-0.0010177726608326333,0.0010279851438882266,0.0,0.019
0.001,0.0009,-0.00850964357893206,-0.007135670011019582,0.02,-0.019
0.001,0.0009,-0.024077423522429437,-0.005514302553227133,0.05,0.01
0.001,0.0009,-0.01979292647768456,0.0005809540550399629,0.02,0.0
0.001,0.0009,-0.0010177726608326333,0.0010279851438882266,0.0,0.019
0.001,0.0009,-0.00850964357893206,-0.007135670011019582,0.02,-0.019
0.001,0.0009,-0.024077423522429437,-0.005514302553227133,0.05,0.01
0.001,0.0009,-0.01979292647768456,0.0005809540550399629,0.02,0.0
0.001,0.0009,-0.0010177726608326333,0.0010279851438882266,0.0,0.019
0.001,0.0009,-0.00850964357893206,-0.007135670011019582,0.02,-0.019
0.001,0.0009,-0.024077423522429437,-0.005514302553227133,0.05,0.01
0.001,0.0009,-0.01979292647768456,0.0005809540550399629,0.02,0.0
0.001,0.0009,-0.0010177726608326333,0.0010279851438882266,0.0,0.019
0.001,0.0009,-0.00850964357893206,-0.007135670011019582,0.02,-0.019
0.001,0.0009,-0.024077423522429437,-0.005514302553227133,0.05,0.01
0.001,0.0009,-0.01979292647768456,0.0005809540550399629,0.02,0.0
0.001,0.0009,-0.0010177726608326333,0.0010279851438882266,0.0,0.019
0.001,0.0009,-0.00850964357893206,-0.007135670011019582,0.02,-0.019
0.001,0.0009,-0.024077423522429437,-0.005514302553227133,0.05,0.01
0.001,0.0009,-0.020169836975913305,0.0009466190903669698,0.02,0.0
0.001,0.0009,-0.002059096362198684,0.004748959219219477,0.0,0.019
0.001,0.0009,-0.008049198582722782,-0.007770356853667766,0.02,-0.019
0.001,0.0009,-0.02892699413717503,-0.00021653131541941786,0.05,0.01
