sigma_pos,sigma_theta,sigma_encoder,k,connected,limb_id,child_id,cost_per_obs,cov_trace,cj_x,cj_y,cj_theta
0.05,0.09,0.017,20,False,6,0,20.12704224189762,0.0005001152080642702,-0.14116352884607505,0.0013038515363176385,-0.0008251158674357688
0.05,0.09,0.017,20,True,6,7,1.310509552648425,0.0005036529128994414,-0.018970890710876345,-0.007772065536164764,-7.120914632007695e-05
0.05,0.09,0.017,20,False,6,0,23.740290240355044,0.0005001191591043348,-0.1404865695407931,-0.0029036857700912876,-0.000915439221592183
0.05,0.09,0.017,20,False,6,3,21.610054155510543,0.0005004129277501657,-0.11103559344890486,-0.0021832210151139877,-0.0008237600804772712
0.05,0.09,0.017,20,True,6,7,1.28503447350249,0.0005039702912481766,-0.013173482517728286,-0.00678592934094146,-5.661455344997871e-05
0.05,0.09,0.017,20,False,0,6,24.47093452468313,0.0005001054784309381,-0.14562853011010246,-0.0036754603157536964,0.0006665349637318982
0.05,0.09,0.017,20,False,3,0,20.36592925071002,0.0005001762501885107,-0.16445143778757992,0.012916593280048181,-0.00041508161333313025
0.05,0.09,0.017,20,True,3,4,1.2200332536497127,0.0005028443161247163,-0.03479418672652952,0.006076936208613724,1.6832252135336773e-05
0.05,0.09,0.017,20,True,4,5,1.3737164249482607,0.0005042969459238808,-0.007399168540514564,0.004000955353760077,4.034497290703968e-07
0.05,0.09,0.017,20,False,6,0,23.740290240355044,0.0005001191591043348,-0.1404865695407931,-0.0029036857700912876,-0.000915439221592183
0.05,0.09,0.017,20,False,6,3,21.610054155510543,0.0005004129277501657,-0.11103559344890486,-0.0021832210151139877,-0.0008237600804772712
0.05,0.09,0.017,20,True,6,7,1.28503447350249,0.0005039702912481766,-0.013173482517728286,-0.00678592934094146,-5.661455344997871e-05
0.05,0.09,0.017,20,False,0,6,24.47093452468313,0.0005001054784309381,-0.14562853011010246,-0.0036754603157536964,0.0006665349637318982
0.05,0.09,0.017,20,False,3,0,20.36592925071002,0.0005001762501885107,-0.16445143778757992,0.012916593280048181,-0.00041508161333313025
0.05,0.09,0.017,20,True,3,4,1.2200332536497127,0.0005028443161247163,-0.03479418672652952,0.006076936208613724,1.6832252135336773e-05
0.05,0.09,0.017,20,False,3,6,20.15056948352268,0.0005002044910812235,-0.1711482786135979,0.00808256118295598,-0.000336341220789722
0.05,0.09,0.017,20,True,4,5,1.3127914820543283,0.000504386228911366,-0.0058428590771614835,0.0015915439768352001,-1.0824655435909453e-05
0.05,0.09,0.017,20,False,6,0,23.740290240355044,0.0005001191591043348,-0.1404865695407931,-0.0029036857700912876,-0.000915439221592183
0.05,0.09,0.017,20,False,6,3,24.46293427415886,0.0005004380705127161,-0.10997609156621987,-0.006554997028697774,-0.000912805856778587
0.05,0.09,0.017,20,True,6,7,1.28503447350249,0.0005039702912481766,-0.013173482517728286,-0.00678592934094146,-5.661455344997871e-05
0.05,0.09,0.017,20,False,0,3,18.770272871360483,0.0005002979801784253,-0.11933821954624557,-0.005060394667266409,0.0005467968120633602
0.05,0.09,0.017,20,False,0,6,24.453806812153406,0.0005001075492692121,-0.14393384350976407,0.0024205513829309313,0.0006692960516496004
0.05,0.09,0.017,20,False,3,0,21.522602084877235,0.0005002238243702699,-0.16897285721157393,0.01569515491404021,-0.00035475940843975143
0.05,0.09,0.017,20,True,3,4,1.3012386443897737,0.0005025511623075098,-0.041402585138957095,0.009737952724835837,3.631881555124684e-05
0.05,0.09,0.017,20,False,3,6,20.847593963629073,0.0005002846328042105,-0.17453147724562953,0.017299815555917322,-0.00029224434818000614
0.05,0.09,0.017,20,True,4,5,1.3127914820543283,0.000504386228911366,-0.0058428590771614835,0.0015915439768352001,-1.0824655435909453e-05
0.05,0.09,0.017,20,False,6,0,23.740290240355044,0.0005001191591043348,-0.1404865695407931,-0.0029036857700912876,-0.000915439221592183
0.05,0.09,0.017,20,False,6,3,24.46293427415886,0.0005004380705127161,-0.10997609156621987,-0.006554997028697774,-0.000912805856778587
0.05,0.09,0.017,20,True,6,7,1.28503447350249,0.0005039702912481766,-0.013173482517728286,-0.00678592934094146,-5.661455344997871e-05
0.05,0.09,0.017,20,False,0,3,18.767538534609514,0.0005003017427905553,-0.11864008190432955,-0.0007593691304570658,0.0005395267583415557
0.05,0.09,0.017,20,False,0,6,24.453806812153406,0.0005001075492692121,-0.14393384350976407,0.0024205513829309313,0.0006692960516496004
0.05,0.09,0.017,20,True,0,1,1.0597364406083218,0.0005041121649922311,-0.01479965686601772,0.0342950809850586,1.7897410030858053e-07
0.05,0.09,0.017,20,False,3,0,21.522602084877235,0.0005002238243702699,-0.16897285721157393,0.01569515491404021,-0.00035475940843975143
0.05,0.09,0.017,20,True,3,4,1.3012386443897737,0.0005025511623075098,-0.041402585138957095,0.009737952724835837,3.631881555124684e-05
0.05,0.09,0.017,20,False,3,6,20.847593963629073,0.0005002846328042105,-0.17453147724562953,0.017299815555917322,-0.00029224434818000614
0.05,0.09,0.017,20,True,4,5,1.3127914820543283,0.000504386228911366,-0.0058428590771614835,0.0015915439768352001,-1.0824655435909453e-05
0.05,0.09,0.017,20,False,6,0,23.740290240355044,0.0005001191591043348,-0.1404865695407931,-0.0029036857700912876,-0.000915439221592183
0.05,0.09,0.017,20,False,6,3,24.46293427415886,0.0005004380705127161,-0.10997609156621987,-0.006554997028697774,-0.000912805856778587
0.05,0.09,0.017,20,True,6,7,1.28503447350249,0.0005039702912481766,-0.013173482517728286,-0.00678592934094146,-5.661455344997871e-05
0.05,0.09,0.017,20,True,7,8,0.9268167438669772,0.0005032016138730817,-0.027711598045726087,0.009320971674066777,-9.582663742935177e-06
0.05,0.09,0.009,20,True,3,4,1.2280595907148704,0.0005039344701808071,-0.013214961944726704,0.010730164758389395,2.5884322907061736e-06
0.05,0.09,0.009,20,True,3,4,1.2325608888583819,0.0005036451392964038,-0.018295623268459876,0.007696545219952703,-3.3995426440819385e-06
0.05,0.09,0.009,20,True,6,7,1.2415902866128536,0.000504104449035937,-0.010034536901387746,-0.00831791782448806,4.723980114203636e-05
0.05,0.09,0.009,20,True,3,4,1.2325608888583819,0.0005036451392964038,-0.018295623268459876,0.007696545219952703,-3.3995426440819385e-06
0.05,0.09,0.009,20,False,3,0,16.25279692240602,0.0005003371082169029,-0.11585280726510117,-0.0019263678612562224,-5.9999485029908096e-05
0.05,0.09,0.009,20,True,6,7,1.2415902866128536,0.000504104449035937,-0.010034536901387746,-0.00831791782448806,4.723980114203636e-05
0.05,0.09,0.009,20,True,3,4,1.2325608888583819,0.0005036451392964038,-0.018295623268459876,0.007696545219952703,-3.3995426440819385e-06
0.05,0.09,0.009,20,False,3,0,16.70962212136696,0.0005003255673640763,-0.11706300849162257,-0.005323858539338177,-2.847672380037723e-05
0.05,0.09,0.009,20,True,6,7,1.2733821401645886,0.0005036869878809486,-0.017510101376402517,-0.0075560514502515455,5.624665256531755e-05
0.05,0.09,0.009,20,True,3,4,1.2325608888583819,0.0005036451392964038,-0.018295623268459876,0.007696545219952703,-3.3995426440819385e-06
0.05,0.09,0.009,20,False,3,6,17.79442511915462,0.0005001646257367031,-0.1328122959591829,-0.005280799804407088,0.0002168287564208161
0.05,0.09,0.009,20,False,3,0,16.70962212136696,0.0005003255673640763,-0.11706300849162257,-0.005323858539338177,-2.847672380037723e-05
0.05,0.09,0.009,20,True,6,7,1.2733821401645886,0.0005036869878809486,-0.017510101376402517,-0.0075560514502515455,5.624665256531755e-05
0.05,0.09,0.009,20,True,1,2,0.8934244464847806,0.0005040343691369599,-0.011686112857276498,-0.01359580784338454,-8.699319704109526e-06
0.05,0.09,0.009,20,True,3,4,1.2325608888583819,0.0005036451392964038,-0.018295623268459876,0.007696545219952703,-3.3995426440819385e-06
0.05,0.09,0.009,20,False,3,6,17.821759042695163,0.000500171828804182,-0.13683541661652743,-0.013614619231911684,0.0002253818410954375
0.05,0.09,0.009,20,False,3,0,16.70962212136696,0.0005003255673640763,-0.11706300849162257,-0.005323858539338177,-2.847672380037723e-05
0.05,0.09,0.009,20,True,6,7,1.2733821401645886,0.0005036869878809486,-0.017510101376402517,-0.0075560514502515455,5.624665256531755e-05
0.05,0.09,0.009,20,True,0,1,0.881572014294367,0.0005019631559915437,-0.05442153081100576,0.003879788988385755,2.3359274721235857e-05
0.05,0.09,0.009,20,True,1,2,0.8720357772765164,0.0005040089362126721,-0.012047980374972725,-0.012648938414851516,-1.6001631728401895e-06
0.05,0.09,0.009,20,True,3,4,1.2325608888583819,0.0005036451392964038,-0.018295623268459876,0.007696545219952703,-3.3995426440819385e-06
0.05,0.09,0.009,20,False,3,6,17.821759042695163,0.000500171828804182,-0.13683541661652743,-0.013614619231911684,0.0002253818410954375
0.05,0.09,0.009,20,False,3,0,16.70962212136696,0.0005003255673640763,-0.11706300849162257,-0.005323858539338177,-2.847672380037723e-05
0.05,0.09,0.009,20,True,6,7,1.2733821401645886,0.0005036869878809486,-0.017510101376402517,-0.0075560514502515455,5.624665256531755e-05
0.05,0.09,0.009,20,False,6,3,15.55828076648219,0.0005001677255257738,-0.13219942018137712,0.004653919700971229,-0.00028745970352580624
0.05,0.09,0.009,20,True,7,8,0.8926495361404104,0.0005032047460371599,-0.02722854904021446,-0.013078669120679377,1.05998714291639e-05
0.05,0.09,0.009,20,True,0,1,0.9209664537750806,0.0005020656278156228,-0.05213193548993095,0.008663636549356457,3.7161551385312355e-06
0.05,0.09,0.009,20,False,0,3,22.00948026573316,0.0005001127398929685,-0.15676206347850083,-0.004788818424903842,-1.0631580456235046e-05
0.05,0.09,0.009,20,True,1,2,0.8720357772765164,0.0005040089362126721,-0.012047980374972725,-0.012648938414851516,-1.6001631728401895e-06
0.05,0.09,0.009,20,True,3,4,1.2325608888583819,0.0005036451392964038,-0.018295623268459876,0.007696545219952703,-3.3995426440819385e-06
0.05,0.09,0.009,20,False,3,6,17.821759042695163,0.000500171828804182,-0.13683541661652743,-0.013614619231911684,0.0002253818410954375
0.05,0.09,0.009,20,False,3,0,16.70962212136696,0.0005003255673640763,-0.11706300849162257,-0.005323858539338177,-2.847672380037723e-05
0.05,0.09,0.009,20,True,4,5,1.1644140030619228,0.0005042948739272333,-0.006883665351843416,0.010574483558989918,-5.355965559183578e-05
0.05,0.09,0.009,20,False,6,0,13.083082085880509,0.000500485026995604,-0.11165145972287238,0.02061956732848562,-0.00027132114662600034
0.05,0.09,0.009,20,True,6,7,1.2733821401645886,0.0005036869878809486,-0.017510101376402517,-0.0075560514502515455,5.624665256531755e-05
0.05,0.09,0.009,20,False,6,3,15.6090210664524,0.0005001132351652974,-0.14225452838190408,0.003331839292835267,-0.00025406669926139407
0.05,0.09,0.009,20,True,7,8,0.9151304229103389,0.0005034499345530389,-0.022170515361433052,-0.010337375848420711,2.737280217051283e-06
0.05,0.09,0.009,20,True,0,1,0.9209664537750806,0.0005020656278156228,-0.05213193548993095,0.008663636549356457,3.7161551385312355e-06
0.05,0.09,0.009,20,False,0,3,22.00948026573316,0.0005001127398929685,-0.15676206347850083,-0.004788818424903842,-1.0631580456235046e-05
0.05,0.09,0.009,20,True,1,2,0.8720357772765164,0.0005040089362126721,-0.012047980374972725,-0.012648938414851516,-1.6001631728401895e-06
0.05,0.09,0.009,20,True,3,4,1.2325608888583819,0.0005036451392964038,-0.018295623268459876,0.007696545219952703,-3.3995426440819385e-06
0.05,0.09,0.009,20,False,3,6,17.821759042695163,0.000500171828804182,-0.13683541661652743,-0.013614619231911684,0.0002253818410954375
0.05,0.09,0.009,20,False,3,0,16.70962212136696,0.0005003255673640763,-0.11706300849162257,-0.005323858539338177,-2.847672380037723e-05
0.05,0.09,0.009,20,True,4,5,1.253453003167586,0.0005043817689032329,-0.005758754355125659,0.014664200597113587,-3.105368737120879e-05
0.05,0.09,0.009,20,False,6,0,11.810944502634877,0.0005005320791299679,-0.10887927682548354,0.02087607930773277,-0.00018551939968528079
0.05,0.09,0.009,20,True,6,7,1.2733821401645886,0.0005036869878809486,-0.017510101376402517,-0.0075560514502515455,5.624665256531755e-05
0.05,0.09,0.009,20,False,6,3,15.6090210664524,0.0005001132351652974,-0.14225452838190408,0.003331839292835267,-0.00025406669926139407
0.05,0.09,0.009,20,True,7,8,0.9151304229103389,0.0005034499345530389,-0.022170515361433052,-0.010337375848420711,2.737280217051283e-06
0.05,0.09,0.009,20,True,0,1,0.9209664537750806,0.0005020656278156228,-0.05213193548993095,0.008663636549356457,3.7161551385312355e-06
0.05,0.09,0.009,20,False,0,3,22.00948026573316,0.0005001127398929685,-0.15676206347850083,-0.004788818424903842,-1.0631580456235046e-05
0.05,0.09,0.009,20,True,1,2,0.8720357772765164,0.0005040089362126721,-0.012047980374972725,-0.012648938414851516,-1.6001631728401895e-06
0.05,0.09,0.009,20,True,3,4,1.2325608888583819,0.0005036451392964038,-0.018295623268459876,0.007696545219952703,-3.3995426440819385e-06
0.05,0.09,0.009,20,False,3,6,17.821759042695163,0.000500171828804182,-0.13683541661652743,-0.013614619231911684,0.0002253818410954375
0.05,0.09,0.009,20,False,3,0,16.70962212136696,0.0005003255673640763,-0.11706300849162257,-0.005323858539338177,-2.847672380037723e-05
0.05,0.09,0.009,20,True,4,5,1.253453003167586,0.0005043817689032329,-0.005758754355125659,0.014664200597113587,-3.105368737120879e-05
0.05,0.09,0.009,20,False,6,0,11.810944502634877,0.0005005320791299679,-0.10887927682548354,0.02087607930773277,-0.00018551939968528079
0.05,0.09,0.009,20,True,6,7,1.2733821401645886,0.0005036869878809486,-0.017510101376402517,-0.0075560514502515455,5.624665256531755e-05
0.05,0.09,0.009,20,False,6,3,15.6090210664524,0.0005001132351652974,-0.14225452838190408,0.003331839292835267,-0.00025406669926139407
0.05,0.09,0.009,20,True,7,8,0.9151304229103389,0.0005034499345530389,-0.022170515361433052,-0.010337375848420711,2.737280217051283e-06
0.05,0.09,0.009,20,True,0,1,0.9209664537750806,0.0005020656278156228,-0.05213193548993095,0.008663636549356457,3.7161551385312355e-06
0.05,0.09,0.009,20,False,0,6,20.880023557257065,0.0005002009328106472,-0.15424314152617025,-0.021988620025655718,-0.00038170160781034955
0.05,0.09,0.009,20,False,0,3,24.43885597688018,0.0005001044617245001,-0.15426243314900615,-0.00314105574696404,-6.866938370249423e-05
0.05,0.09,0.009,20,True,1,2,0.8720357772765164,0.0005040089362126721,-0.012047980374972725,-0.012648938414851516,-1.6001631728401895e-06
0.05,0.09,0.009,20,True,3,4,1.2325608888583819,0.0005036451392964038,-0.018295623268459876,0.007696545219952703,-3.3995426440819385e-06
0.05,0.09,0.009,20,False,3,6,17.821759042695163,0.000500171828804182,-0.13683541661652743,-0.013614619231911684,0.0002253818410954375
0.05,0.09,0.009,20,False,3,0,16.70962212136696,0.0005003255673640763,-0.11706300849162257,-0.005323858539338177,-2.847672380037723e-05
0.05,0.09,0.009,20,True,4,5,1.253453003167586,0.0005043817689032329,-0.005758754355125659,0.014664200597113587,-3.105368737120879e-05
0.05,0.09,0.009,20,False,6,0,11.810944502634877,0.0005005320791299679,-0.10887927682548354,0.02087607930773277,-0.00018551939968528079
0.05,0.09,0.009,20,True,6,7,1.2733821401645886,0.0005036869878809486,-0.017510101376402517,-0.0075560514502515455,5.624665256531755e-05
0.05,0.09,0.009,20,False,6,3,15.6090210664524,0.0005001132351652974,-0.14225452838190408,0.003331839292835267,-0.00025406669926139407
0.05,0.09,0.009,20,True,7,8,0.9151304229103389,0.0005034499345530389,-0.022170515361433052,-0.010337375848420711,2.737280217051283e-06
0.05,0.09,0.0009,20,True,4,5,0.7384919406908848,0.0005045552215363729,-0.0017855458003142876,-0.0034142323829808,8.647939039901756e-06
0.05,0.09,0.0009,20,True,6,7,0.8268768937153652,0.0005036001410910407,-0.018984680194404097,0.010185324958300369,-3.641295192050924e-05
0.05,0.09,0.0009,20,False,3,6,11.233030821918685,0.0005002105340990359,-0.12875692965806937,-0.010002339060688552,0.00039895030212924693
0.05,0.09,0.0009,20,True,4,5,0.7413083736662626,0.0005045644626114927,-0.001725326034021775,-0.006275278942477152,2.906797711630346e-06
0.05,0.09,0.0009,20,True,6,7,0.833558280575627,0.0005035750107893046,-0.019390076560030133,0.00926610508177605,-4.445552863530615e-05
0.05,0.09,0.0009,20,True,7,8,0.8737068715049403,0.0005049298008595244,0.003759106847911865,-0.013591602910685755,-9.539602528689907e-06
0.05,0.09,0.0009,20,True,0,1,1.364354336438291,0.0005018202179309678,-0.0581544439443299,-0.00739055085421307,1.766998447631588e-05
0.05,0.09,0.0009,20,False,3,6,11.19935750656692,0.0005002088508054654,-0.1328204620309598,-0.01574417093361901,0.0003357875535283119
0.05,0.09,0.0009,20,True,4,5,0.7413083736662626,0.0005045644626114927,-0.001725326034021775,-0.006275278942477152,2.906797711630346e-06
0.05,0.09,0.0009,20,True,6,7,0.833558280575627,0.0005035750107893046,-0.019390076560030133,0.00926610508177605,-4.445552863530615e-05
0.05,0.09,0.0009,20,True,7,8,0.8809848842837603,0.0005050325560999878,0.005012601577181925,-0.017449178261776038,-6.704420031706069e-06
0.05,0.09,0.0009,20,True,0,1,1.444819232542725,0.0005019077849425508,-0.055758732731211805,-0.006378764609609647,9.304494068195247e-06
0.05,0.09,0.0009,20,False,0,6,23.9105700683279,0.0005001545159761768,-0.13966137561544928,-0.012967284932187679,-4.661255201761895e-05
0.05,0.09,0.0009,20,False,3,0,11.830168314704071,0.0005001115113209503,-0.1433775551275732,-0.004368464338765697,0.00030470252357965046
0.05,0.09,0.0009,20,False,3,6,11.19935750656692,0.0005002088508054654,-0.1328204620309598,-0.01574417093361901,0.0003357875535283119
0.05,0.09,0.0009,20,True,4,5,0.7413083736662626,0.0005045644626114927,-0.001725326034021775,-0.006275278942477152,2.906797711630346e-06
0.05,0.09,0.0009,20,False,6,0,27.95224110695541,0.0005001089142642298,-0.143206421820804,-0.001994628642215222,-0.0001498571348018433
0.05,0.09,0.0009,20,True,6,7,0.833558280575627,0.0005035750107893046,-0.019390076560030133,0.00926610508177605,-4.445552863530615e-05
0.05,0.09,0.0009,20,False,6,3,28.39672756341107,0.0005001503215690503,-0.1405893242839769,0.012875735177092926,-0.00028022758347851564
0.05,0.09,0.0009,20,True,7,8,0.8809848842837603,0.0005050325560999878,0.005012601577181925,-0.017449178261776038,-6.704420031706069e-06
0.05,0.09,0.0009,20,True,0,1,1.444819232542725,0.0005019077849425508,-0.055758732731211805,-0.006378764609609647,9.304494068195247e-06
0.05,0.09,0.0009,20,False,0,3,24.413974708892468,0.0005001068405446831,-0.1439168210677566,0.001702195797425214,-0.0001389079681647338
0.05,0.09,0.0009,20,False,0,6,22.757440995581444,0.0005001305480649325,-0.13977178967781728,-0.007225766521663056,-1.0617811016490366e-05
0.05,0.09,0.0009,20,False,3,0,13.481947341653248,0.0005001188876472748,-0.1467527632712483,-0.009422086823737456,0.0001991032735357074
0.05,0.09,0.0009,20,False,3,6,11.19935750656692,0.0005002088508054654,-0.1328204620309598,-0.01574417093361901,0.0003357875535283119
0.05,0.09,0.0009,20,True,4,5,0.7413083736662626,0.0005045644626114927,-0.001725326034021775,-0.006275278942477152,2.906797711630346e-06
0.05,0.09,0.0009,20,False,6,0,28.5641783961319,0.0005001163946565271,-0.14375396422787218,-0.006929039797386779,-0.00017008499583177862
0.05,0.09,0.0009,20,True,6,7,0.833558280575627,0.0005035750107893046,-0.019390076560030133,0.00926610508177605,-4.445552863530615e-05
0.05,0.09,0.0009,20,False,6,3,29.093411993512724,0.0005001468275417206,-0.14122678488546858,0.012654983516240734,-0.00032099037246406437
0.05,0.09,0.0009,20,True,7,8,0.8809848842837603,0.0005050325560999878,0.005012601577181925,-0.017449178261776038,-6.704420031706069e-06
0.05,0.09,0.0009,20,True,0,1,1.444819232542725,0.0005019077849425508,-0.055758732731211805,-0.006378764609609647,9.304494068195247e-06
0.05,0.09,0.0009,20,False,0,3,23.259763305990333,0.0005001499448649873,-0.13428611217452813,0.0023593496015517166,-0.00010777796484242114
0.05,0.09,0.0009,20,False,0,6,22.757440995581444,0.0005001305480649325,-0.13977178967781728,-0.007225766521663056,-1.0617811016490366e-05
0.05,0.09,0.0009,20,True,1,2,1.0750815846151496,0.0005047052818844783,-0.0010925604836334497,-0.02336338812865201,-3.32217364632464e-05
0.05,0.09,0.0009,20,False,3,0,13.481947341653248,0.0005001188876472748,-0.1467527632712483,-0.009422086823737456,0.0001991032735357074
0.05,0.09,0.0009,20,False,3,6,11.19935750656692,0.0005002088508054654,-0.1328204620309598,-0.01574417093361901,0.0003357875535283119
0.05,0.09,0.0009,20,True,4,5,0.7413083736662626,0.0005045644626114927,-0.001725326034021775,-0.006275278942477152,2.906797711630346e-06
0.05,0.09,0.0009,20,False,6,0,28.5641783961319,0.0005001163946565271,-0.14375396422787218,-0.006929039797386779,-0.00017008499583177862
0.05,0.09,0.0009,20,True,6,7,0.833558280575627,0.0005035750107893046,-0.019390076560030133,0.00926610508177605,-4.445552863530615e-05
0.05,0.09,0.0009,20,False,6,3,29.093411993512724,0.0005001468275417206,-0.14122678488546858,0.012654983516240734,-0.00032099037246406437
0.05,0.09,0.0009,20,True,7,8,0.8809848842837603,0.0005050325560999878,0.005012601577181925,-0.017449178261776038,-6.704420031706069e-06
0.05,0.09,0.0009,20,True,0,1,1.444819232542725,0.0005019077849425508,-0.055758732731211805,-0.006378764609609647,9.304494068195247e-06
0.05,0.09,0.0009,20,False,0,3,23.259763305990333,0.0005001499448649873,-0.13428611217452813,0.0023593496015517166,-0.00010777796484242114
0.05,0.09,0.0009,20,False,0,6,22.757440995581444,0.0005001305480649325,-0.13977178967781728,-0.007225766521663056,-1.0617811016490366e-05
0.05,0.09,0.0009,20,True,1,2,1.0750815846151496,0.0005047052818844783,-0.0010925604836334497,-0.02336338812865201,-3.32217364632464e-05
0.05,0.09,0.0009,20,False,3,0,13.481947341653248,0.0005001188876472748,-0.1467527632712483,-0.009422086823737456,0.0001991032735357074
0.05,0.09,0.0009,20,False,3,6,11.19935750656692,0.0005002088508054654,-0.1328204620309598,-0.01574417093361901,0.0003357875535283119
0.05,0.09,0.0009,20,True,4,5,0.7413083736662626,0.0005045644626114927,-0.001725326034021775,-0.006275278942477152,2.906797711630346e-06
0.05,0.09,0.0009,20,False,6,0,28.5641783961319,0.0005001163946565271,-0.14375396422787218,-0.006929039797386779,-0.00017008499583177862
0.05,0.09,0.0009,20,True,6,7,0.833558280575627,0.0005035750107893046,-0.019390076560030133,0.00926610508177605,-4.445552863530615e-05
0.05,0.09,0.0009,20,False,6,3,29.093411993512724,0.0005001468275417206,-0.14122678488546858,0.012654983516240734,-0.00032099037246406437
0.05,0.09,0.0009,20,True,7,8,0.8809848842837603,0.0005050325560999878,0.005012601577181925,-0.017449178261776038,-6.704420031706069e-06
0.01,0.017,0.017,20,True,0,1,1.2354415096769578,2.0275663107378907e-05,-0.01583108454467136,0.005526258806771558,-3.719185786787595e-05
0.01,0.017,0.017,20,False,0,3,315.681338353981,2.010004366079386e-05,-0.14857967993580248,0.0016300881647074684,-0.0010879279974672469
0.01,0.017,0.017,20,False,0,6,319.66238517085674,2.0100095078134853e-05,-0.14926601899460337,0.003068517810156552,-0.001409442044721545
0.01,0.017,0.017,20,True,1,2,1.4151983036433273,2.0312300487156402e-05,-0.0027231725725646526,-0.010107619214407677,-0.00019888894072098297
0.01,0.017,0.017,20,False,3,0,617.9430712657575,2.010005542840062e-05,-0.15136049729528603,-0.002007778466815402,0.0074812999243760924
0.01,0.017,0.017,20,True,3,4,1.3527476741834352,2.0263796889620025e-05,-0.02040007389865916,0.004200164414747825,-7.13837314600527e-05
0.01,0.017,0.017,20,False,3,6,615.8068944573646,2.0100063406159203e-05,-0.15142067798667305,0.0021653340033440825,0.007305425475196699
0.01,0.017,0.017,20,True,4,5,1.5912391398310555,2.0320444143544796e-05,-2.877651593398606e-05,-0.011713154685933928,-0.00016622586584902642
0.01,0.017,0.017,20,False,6,0,258.6750664332668,2.010007815445362e-05,-0.14821385921774893,-0.0022422099538687164,-0.006044787398843337
0.01,0.017,0.017,20,False,6,3,256.1365109029623,2.0099999298875695e-05,-0.14975132072657377,0.00025655271057921505,-0.005899231176167782
0.01,0.017,0.017,20,True,6,7,1.261693298397835,2.026375297451408e-05,-0.020349398839127716,-3.2649813416875973e-06,9.90268346100403e-05
0.01,0.017,0.017,20,True,0,1,1.296115973481468,2.027548272240478e-05,-0.01583743529421332,0.0037049919098583323,-5.285752854699267e-06
0.01,0.017,0.017,20,False,0,3,296.90878637064594,2.0100001543699055e-05,-0.1496178613904921,-0.00045511128409342854,0.0006297904211220573
0.01,0.017,0.017,20,False,0,6,300.00258513034186,2.010001858132811e-05,-0.14935629536414374,0.0012997506332199748,0.00036393310805026355
0.01,0.017,0.017,20,True,1,2,1.493812121348753,2.031123554291637e-05,-0.0030736010270819457,-0.009795193531287891,-0.00027893818103842964
0.01,0.017,0.017,20,False,3,0,548.6651952439798,2.0100000351835207e-05,-0.14970144862266793,-0.00037639482828413675,0.009331438331729277
0.01,0.017,0.017,20,True,3,4,1.233033239837962,2.0269484332428213e-05,-0.018136439806266728,0.003097692174578173,-0.00011347878519379852
0.01,0.017,0.017,20,False,3,6,546.8220942587411,2.0100044023853892e-05,-0.15045005595715719,0.002125277035244336,0.009257131093475235
0.01,0.017,0.017,20,True,4,5,1.5904193145912338,2.031871708442979e-05,-0.0005789455875898991,-0.011163962268523644,-0.00011875635756439109
0.01,0.017,0.017,20,False,6,0,279.53706017268894,2.010001420141872e-05,-0.14922368018294302,-0.0010253933017734067,-0.005279141113936587
0.01,0.017,0.017,20,False,6,3,280.1143036313238,2.010000306993683e-05,-0.15016368172962233,-0.0006989818865025153,-0.005087591036095477
0.01,0.017,0.017,20,True,6,7,1.2690781211997764,2.0260391293656872e-05,-0.021687088938189242,4.522505708546122e-05,9.496552019463864e-05
0.01,0.017,0.017,20,True,7,8,1.4244219299985728,2.0321202336259412e-05,0.00029992542479588324,-0.010785481424811443,6.0085611818289294e-05
0.01,0.017,0.009,20,True,0,1,1.3187696481728604,2.023473991003793e-05,-0.022617864509926287,-0.002886598282347572,0.00044799915094466424
0.01,0.017,0.009,20,False,0,3,535.7209315434204,2.010013171479644e-05,-0.15090369642690418,0.003910075179284144,-0.015605583894528987
0.01,0.017,0.009,20,False,0,6,536.3487891869783,2.0100051095411868e-05,-0.15227628620164488,0.001100065197650463,-0.015650230059648978
0.01,0.017,0.009,20,True,1,2,1.4410915249156517,2.0272626449803264e-05,-0.005845660809321739,-0.0043440567542103,-0.00018770301595381366
0.01,0.017,0.009,20,False,3,0,373.05783016383737,2.0100096187796986e-05,-0.14873593928896134,-0.0031978630595289287,0.003305794691216359
0.01,0.017,0.009,20,True,3,4,1.4613529460347148,2.02384457526257e-05,-0.02085026994286716,-0.0011776642902729196,1.1703966181253105e-05
0.01,0.017,0.009,20,False,3,6,375.9941007837944,2.0100062083973403e-05,-0.1474507478929026,-0.0011031891782799248,0.0033742400804314867
0.01,0.017,0.009,20,True,4,5,1.910160044449175,2.0290417852995772e-05,0.0013163182591600692,-0.0068067959811827445,0.00015184978841559015
0.01,0.017,0.009,20,False,6,0,473.93209685589943,2.0100019472044935e-05,-0.1488690931640554,-0.0011412692867967982,0.020624838507074472
0.01,0.017,0.009,20,False,6,3,470.5363379348143,2.0100043922648485e-05,-0.15142977871843688,0.0018663151296940904,0.02073783297774289
0.01,0.017,0.009,20,True,6,7,1.4160341654219908,2.0240103552495005e-05,-0.020104098515373252,0.002799623370504083,-0.0001890236263325988
0.01,0.017,0.009,20,True,0,1,1.354008921922174,2.0233183650941217e-05,-0.023340308320296235,-0.002086758270741445,0.00037698975068143015
0.01,0.017,0.009,20,False,0,3,517.1965587153737,2.010016334211584e-05,-0.1508848123678654,0.004374060187978608,-0.016418054884991196
0.01,0.017,0.009,20,False,0,6,520.0515288586263,2.010008175873963e-05,-0.15230119486507696,0.0021886077935762793,-0.016434101928000253
0.01,0.017,0.009,20,True,1,2,1.512707631715457,2.0275256985096707e-05,-0.004782413357774167,-0.005304647154565101,-0.00016917912867735587
0.01,0.017,0.009,20,False,3,0,371.9842379507587,2.010012472003302e-05,-0.14874849697436104,-0.003700742294385826,0.003493602633218701
0.01,0.017,0.009,20,True,3,4,1.3233039321731004,2.0240117847311034e-05,-0.020094672459753278,-0.0026666764018109853,3.711960703465411e-05
0.01,0.017,0.009,20,False,3,6,374.9708340958736,2.010005374107704e-05,-0.14750417302315103,-0.0006935998166531296,0.003546556693707332
0.01,0.017,0.009,20,True,4,5,1.8584314630449152,2.0292085502180356e-05,0.0020220404932874,-0.005761043628016157,0.00010295430376409437
0.01,0.017,0.009,20,False,6,0,424.6102157476929,2.0100056503876692e-05,-0.14879233635790773,-0.002363072359200663,0.01924219225427918
0.01,0.017,0.009,20,False,6,3,417.30519362899406,2.0100022927859614e-05,-0.15133698665780118,0.0011000189049409526,0.01931119335319251
0.01,0.017,0.009,20,True,6,7,1.3957369218644227,2.0242024394711213e-05,-0.01920233413347173,0.0020466925156007367,-0.00021246486831572552
0.01,0.017,0.009,20,True,7,8,1.3985027769206047,2.028867644826165e-05,0.0006666537187502454,-0.005719139800937938,0.00012544266226970533
0.01,0.017,0.0009,20,True,0,1,1.3323696266109564,2.0222987528424422e-05,-0.021941937002534693,0.007224432303382287,-0.00011334441864668999
0.01,0.017,0.0009,20,False,0,3,420.52000068311133,2.0100098663549973e-05,-0.15302949491025014,0.002068553546276488,-0.011855708300753482
0.01,0.017,0.0009,20,False,0,6,424.01598484870584,2.0100635014979958e-05,-0.15806458575170532,0.0044899595661442495,-0.011970277449862654
0.01,0.017,0.0009,20,False,3,0,280.8640758225612,2.0100034262216146e-05,-0.14788230026639326,0.0005980132507918968,0.010515247990861344
0.01,0.017,0.0009,20,True,3,4,1.1848682305701301,2.0230282845894602e-05,-0.018008623705055335,0.0022710256998379917,2.3479039145312422e-05
0.01,0.017,0.0009,20,False,3,6,286.6219629238801,2.0100054663537498e-05,-0.15216410034422856,0.001698384622833852,0.010329915101425448
0.01,0.017,0.0009,20,True,4,5,1.416944678457392,2.027249396466746e-05,0.0016454752797740893,-0.008756863552627081,-0.00030584014721072466
0.01,0.017,0.0009,20,False,6,0,435.96657469058556,2.0100163604690055e-05,-0.14610640209661216,-0.002641997857548425,-0.011237432099638548
0.01,0.017,0.0009,20,False,6,3,447.25287870928196,2.010012343676758e-05,-0.14698972403405733,-0.0027758577624185763,-0.011308178663646713
0.01,0.017,0.0009,20,True,6,7,1.5613453444826435,2.0234577743682823e-05,-0.015885406617617778,-0.003826081912302024,7.782857319230661e-05
0.01,0.017,0.0009,20,True,7,8,1.8215251606547873,2.0268019029455003e-05,-0.0002664246890986585,-0.0073701620062992836,-6.169685310660733e-05
0.01,0.017,0.0009,20,True,0,1,1.3874363481074024,2.0226289024654066e-05,-0.020261135108758592,0.0077778199874176945,-2.257874542891258e-05
0.01,0.017,0.0009,20,False,0,3,486.3385121967669,2.0100050164385345e-05,-0.1516764824809048,0.00203935026692646,-0.009808143502204032
0.01,0.017,0.0009,20,False,0,6,486.1574703084351,2.0100288558048753e-05,-0.1554868543630152,0.0029578599013005092,-0.009994957375643803
0.01,0.017,0.0009,20,True,1,2,0.9430114702014107,2.027652038682978e-05,0.0030070710171349905,-0.014157865508651332,7.51131554968895e-05
0.01,0.017,0.0009,20,False,3,0,309.1196469699381,2.0100019867500434e-05,-0.14847893263367912,0.0007767191696938297,0.008898521763091994
0.01,0.017,0.0009,20,True,3,4,1.2912506788536005,2.0232816755511746e-05,-0.016718632996793957,0.0013762468483778875,-0.000136036179763862
0.01,0.017,0.0009,20,False,3,6,313.49711696089696,2.0100010030305383e-05,-0.15116561317282948,-0.0004897199879806167,0.00878917085089055
0.01,0.017,0.0009,20,True,4,5,1.3903772955726363,2.0269570793274217e-05,0.0003453465202328033,-0.00884911561476647,-0.0002620076300112604
0.01,0.017,0.0009,20,False,6,0,438.3036159129492,2.010002789271575e-05,-0.14803484282598772,-0.0003539308193344466,-0.011824811279705484
0.01,0.017,0.0009,20,False,6,3,448.5888692731125,2.010002916800915e-05,-0.14808804926795832,-0.0007091140454554796,-0.011747348373277868
0.01,0.017,0.0009,20,True,6,7,1.570765441095517,2.023404666821974e-05,-0.016122986596134363,-0.0026966057601535394,7.945970941654286e-05
0.01,0.017,0.0009,20,True,7,8,1.905688139833081,2.0267983409509174e-05,-0.000252057657044852,-0.00672695797569439,-0.00010773819752514178
0.001,0.0017,0.017,20,True,0,1,1.4746650529108387,3.024099547724041e-07,-0.020261826467504004,-5.5330333690911946e-05,3.603762814313035e-05
0.001,0.0017,0.017,20,False,0,3,618.266757712077,3.000000689525337e-07,-0.15000201828299464,-0.00036543144361329296,0.0222987434496394
0.001,0.0017,0.017,20,False,0,6,619.1910966939365,3.0000007603752234e-07,-0.15014410502768322,-0.00019866082719524587,0.02246533594056366
0.001,0.0017,0.017,20,True,1,2,1.5927660340729883,3.032598732366182e-07,0.0005641808870796448,-0.009930569705712976,-0.00017849345825246172
0.001,0.0017,0.017,20,False,3,0,803.6654120437101,3.0000009034712373e-07,-0.1496134490952677,0.0003901533691693965,-0.019760696636661575
0.001,0.0017,0.017,20,True,3,4,1.372294615562127,3.024257182920798e-07,-0.019838525503424992,-9.060934940578669e-05,-7.991694706710597e-05
0.001,0.0017,0.017,20,False,3,6,813.4076077635225,3.0000009040538086e-07,-0.14964086812663993,3.3138977382862876e-05,-0.019424361550536805
0.001,0.0017,0.017,20,True,4,5,1.1627807226708105,3.0322083283286006e-07,-0.0003578261631051192,-0.010140187464740708,3.3385323136277006e-05
0.001,0.0017,0.017,20,False,6,0,725.5321006830629,3.000000976364446e-07,-0.1501287350608229,0.0004619113007466397,-0.010529149567514984
0.001,0.0017,0.017,20,False,6,3,740.9297024301512,3.000000825951472e-07,-0.15025708218889405,-5.116390508789995e-05,-0.010359407012741807
0.001,0.0017,0.017,20,True,6,7,1.396367524732724,3.024099173747501e-07,-0.02026337005373026,-2.5880033039172685e-05,-7.699119976340549e-05
0.001,0.0017,0.017,20,True,7,8,0.8826319481319496,3.032577442448058e-07,0.0004950941604111584,-0.01023079347356123,-3.7351608481350594e-05
0.001,0.0017,0.017,20,True,0,1,1.5307102729795976,3.0241229845096303e-07,-0.02019867667674513,4.5073876478653694e-05,-0.00010636004746074022
0.001,0.0017,0.017,20,False,0,3,638.0089773484757,3.000000690485618e-07,-0.15000440451986424,-0.00036635082644127993,0.022619234304675103
0.001,0.0017,0.017,20,False,0,6,640.1174545412771,3.0000006689878583e-07,-0.15012478709904384,-4.5434041039761296e-05,0.022799680195949787
0.001,0.0017,0.017,20,True,1,2,1.590324538252099,3.0325600374438556e-07,0.0004721122595160298,-0.009965510249572871,-0.0002680844367865838
0.001,0.0017,0.017,20,False,3,0,812.7674271115059,3.000000902076048e-07,-0.14961419230536827,0.0003893983720251032,-0.0200048988933651
0.001,0.0017,0.017,20,True,3,4,1.3679102957830316,3.0243180329555263e-07,-0.019675303579347506,-1.2682068988732695e-05,-5.530042350328955e-05
0.001,0.0017,0.017,20,False,3,6,818.8695211044258,3.000001025732805e-07,-0.14948886747190063,-3.2705376704934546e-05,-0.019575694385137253
0.001,0.0017,0.017,20,True,4,5,1.1973021039759373,3.0321762718529683e-07,-0.00043029384285671367,-0.010104971133425416,7.624798734797409e-06
0.001,0.0017,0.017,20,False,6,0,725.6626418859037,3.000000962351371e-07,-0.15027925731723366,0.00041248850825489187,-0.01045227659464265
0.001,0.0017,0.017,20,False,6,3,741.154341795876,3.0000009170625427e-07,-0.1504088138027228,-9.907226453322467e-05,-0.010203517977694511
0.001,0.0017,0.017,20,True,6,7,1.3960000068371827,3.024092028188282e-07,-0.02028260908877468,4.222103837503305e-06,-6.446473637456752e-05
0.001,0.0017,0.017,20,True,7,8,0.8368644502937659,3.032511141308482e-07,0.0003448970551474209,-0.010176822314513575,-4.543219509673899e-06
0.001,0.0017,0.009,20,True,0,1,1.2023382710375343,3.023648912310533e-07,-0.02030516660171351,0.0002218688154966703,0.0002191615945861777
0.001,0.0017,0.009,20,False,0,3,5600.242265689464,3.0000011177264463e-07,-0.15058395584062964,-5.369437767519812e-05,-0.04859565209755291
0.001,0.0017,0.009,20,False,0,6,5504.330323026925,3.000001025219013e-07,-0.15059200808482723,-0.00017960384297731013,-0.04742653292648721
0.001,0.0017,0.009,20,True,1,2,1.5414212057520462,3.031747125082762e-07,-5.82839787264028e-05,-0.009924990844182944,0.0005763234912070971
0.001,0.0017,0.009,20,False,3,0,2931.566598375409,3.0000007024459286e-07,-0.15010724457042765,-1.8516043778365238e-05,0.027744990581203458
0.001,0.0017,0.009,20,True,3,4,1.3425614522100395,3.0236416343217593e-07,-0.020324755372686402,0.0004761022346640708,-6.689310938187461e-05
0.001,0.0017,0.009,20,False,3,6,2925.688215152434,3.0000009771677756e-07,-0.15048450576502592,0.00018759316437931968,0.028357615893574325
0.001,0.0017,0.009,20,True,4,5,1.191561072491202,3.031943306448831e-07,0.00039721581047671723,-0.010066187791580816,0.0006719983763262412
0.001,0.0017,0.009,20,False,6,0,1311.8890825885055,3.000000623580106e-07,-0.14983446686865046,0.00018491606151509245,0.01138133339352107
0.001,0.0017,0.009,20,False,6,3,1313.281589035108,3.000000714172095e-07,-0.15012018577076935,0.00021262750326094343,0.010824839670265995
0.001,0.0017,0.009,20,True,6,7,1.1919585125572039,3.023785322917787e-07,-0.01993096357019242,-0.00013773515897562568,-3.6832682319355546e-05
0.001,0.0017,0.009,20,True,7,8,1.6022596785280734,3.0316984678438883e-07,-0.00017376006820595823,-0.00992294186714784,-0.00018959284317572817
0.001,0.0017,0.009,20,True,0,1,1.2354029765215926,3.023636561797344e-07,-0.020338966266558806,5.5429418719443565e-05,0.00035185669019605553
0.001,0.0017,0.009,20,False,0,3,5090.940441624035,3.0000011444302563e-07,-0.15057845323201302,-0.00022234255974269536,-0.06555327292363387
0.001,0.0017,0.009,20,False,0,6,4994.319398595604,3.000001160420553e-07,-0.1506053534758171,-0.00029681463489362504,-0.06429162791850623
0.001,0.0017,0.009,20,True,1,2,1.4289643277256023,3.0316838190586975e-07,-0.00019784816433420153,-0.009767633933948656,0.0007008015063763326
0.001,0.0017,0.009,20,False,3,0,3162.8542138472503,3.0000006780099005e-07,-0.1499053794654869,4.646104759908608e-05,0.023011239755677166
0.001,0.0017,0.009,20,True,3,4,1.3654891112119873,3.023646125170653e-07,-0.02031261826130703,0.0005287515112492217,-0.00018780862460500186
0.001,0.0017,0.009,20,False,3,6,3163.7028185127656,3.0000008496514124e-07,-0.15041055128470515,0.00013940481765639524,0.02353386225832699
0.001,0.0017,0.009,20,True,4,5,1.2975093419026078,3.031970863690111e-07,0.0004621220534088757,-0.01006943380551969,0.0004864467368385473
0.001,0.0017,0.009,20,False,6,0,1502.1726558906485,3.00000072664379e-07,-0.14994872100407794,0.00032417610769999895,0.01699578857711163
0.001,0.0017,0.009,20,False,6,3,1493.5528679708523,3.000000724834118e-07,-0.15024708771810982,0.00016472499759071535,0.016256766074622772
0.001,0.0017,0.009,20,True,6,7,1.0969257778433619,3.0237267106814605e-07,-0.020091260942910395,-5.7539296929818385e-05,0.00013425043746111473
0.001,0.0017,0.009,20,True,7,8,1.5520036225208378,3.031762427169378e-07,-3.0431797496653043e-05,-0.010050181915287644,-0.00027318120740979377
0.001,0.0017,0.0009,20,True,0,1,2.7230394558281494,3.021804697857031e-07,-0.01988637233169727,-8.343824215438554e-05,0.00026774799670247845
0.001,0.0017,0.0009,20,False,0,3,26272.397137797885,3.000001035078396e-07,-0.14968238891542343,0.0006592633513278604,-0.32323396176149916
0.001,0.0017,0.0009,20,False,0,6,26354.322061892308,3.000000397107802e-07,-0.149746803535372,-1.061602554290713e-05,-0.32415677291170625
0.001,0.0017,0.0009,20,True,1,2,2.603953112646079,3.029252315453196e-07,0.00038537924463224164,-0.009813665863220392,0.00018195439339420042
0.001,0.0017,0.0009,20,False,3,0,24779.828583382012,3.0000007287368255e-07,-0.15014652953251995,-0.000508212947296512,-0.1341584920243639
0.001,0.0017,0.0009,20,True,3,4,2.072902223411196,3.02183148098445e-07,-0.019807185644744933,-0.0004735846803910358,-0.0003506469171716311
0.001,0.0017,0.0009,20,False,3,6,24867.96249426253,3.0000007189927395e-07,-0.14984606967443825,-0.0006087065720395062,-0.13394837538290896
0.001,0.0017,0.0009,20,True,4,5,2.24257626921811,3.029099347399496e-07,-1.0759697069433457e-05,-0.009831134456816226,-0.0012227150750774149
0.001,0.0017,0.0009,20,False,6,0,34699.608130733934,3.000000397920617e-07,-0.15016352596127025,-0.0001953429453547709,0.19793050815679716
0.001,0.0017,0.0009,20,False,6,3,34668.486310735854,3.0000007698802184e-07,-0.150349498430204,0.0005608511700656212,0.1990634813888391
0.001,0.0017,0.0009,20,True,6,7,3.0931366938458558,3.021744721929583e-07,-0.02006571321328329,0.00020713875743846505,0.0004319557049439072
0.001,0.0017,0.0009,20,True,7,8,3.1181815692607837,3.02913106711788e-07,5.323813439558895e-05,-0.010096450432771605,-5.304459979960108e-05
0.001,0.0017,0.0009,20,True,0,1,2.608895576760573,3.0218159256375673e-07,-0.01985289893707945,-8.969907144145923e-05,-0.000118224128351321
0.001,0.0017,0.0009,20,False,0,3,26281.275212591263,3.000001028181545e-07,-0.1497252808309105,0.0006849555735309157,-0.3227546851427456
0.001,0.0017,0.0009,20,False,0,6,26357.28058950287,3.00000030310132e-07,-0.14988462528880364,3.821570590008111e-05,-0.32399317649330817
0.001,0.0017,0.0009,20,True,1,2,2.491026371410597,3.0292283116239995e-07,0.0003355650075393515,-0.009626125456949958,-0.00032363348196030113
0.001,0.0017,0.0009,20,False,3,0,21998.61235243527,3.000000931142836e-07,-0.15001718945670758,-0.0006806799955674435,-0.06341560653014074
0.001,0.0017,0.0009,20,True,3,4,2.1317707938339128,3.0218309085133726e-07,-0.01980982627793987,-0.0006681911282944178,-0.0004486408452468097
0.001,0.0017,0.0009,20,False,3,6,22085.17321527733,3.000000809837326e-07,-0.1498741133669243,-0.0006601846239507977,-0.06304328406687086
0.001,0.0017,0.0009,20,True,4,5,2.323349758211473,3.0291381508634476e-07,8.848896307078212e-05,-0.009849564115372288,-0.0013503276573756842
0.001,0.0017,0.0009,20,False,6,0,39041.74046508593,3.0000003031577567e-07,-0.15001266524703388,-0.00012107219467153834,0.2234033762937198
0.001,0.0017,0.0009,20,False,6,3,39098.289427824035,3.000000856418745e-07,-0.15031296131949376,0.0006266063372898539,0.22501419010756232
0.001,0.0017,0.0009,20,True,6,7,3.0154629046962915,3.0217348312319273e-07,-0.02009557506116982,0.00037408798211872456,0.0010416031078977804
0.001,0.0017,0.0009,20,True,7,8,3.4307555995581955,3.0291412968862725e-07,8.438058026169744e-05,-0.010025728280902733,-0.00020703124334566522
0.05,0.09,0.017,15,False,3,0,7.252919389775693,0.0006669007039644573,-0.13066434993994916,-0.0006711778788088455,0.00029669615497345995
0.05,0.09,0.017,15,True,3,4,0.9877042253941236,0.0006695621126340885,-0.05063909966907393,0.013438091309405703,2.248145857462409e-05
0.05,0.09,0.017,15,False,3,0,5.994761153655142,0.0006668539183245297,-0.13571119448102983,-3.1973209493142994e-05,0.0002557014207627165
0.05,0.09,0.017,15,True,3,4,1.0251683962130562,0.0006695147222480202,-0.05209802255691969,0.01720545872106124,3.940270111169517e-05
0.05,0.09,0.017,15,True,7,8,1.0831762385199573,0.0006702107842460462,-0.039600018169654534,-0.014968787240735137,4.70444463782004e-06
0.05,0.09,0.017,15,False,0,6,13.588647983466783,0.0006673857909194427,-0.10429983396774148,0.007065621143057405,-0.00034346039137719993
0.05,0.09,0.017,15,False,0,3,12.639561331178601,0.0006669976425847822,-0.12737246723927076,-0.014657799309237496,-0.0003339008187551727
0.05,0.09,0.017,15,False,3,0,5.994761153655142,0.0006668539183245297,-0.13571119448102983,-3.1973209493142994e-05,0.0002557014207627165
0.05,0.09,0.017,15,True,3,4,1.0251683962130562,0.0006695147222480202,-0.05209802255691969,0.01720545872106124,3.940270111169517e-05
0.05,0.09,0.017,15,True,7,8,1.0950970201373842,0.0006702394445263829,-0.03844538388325471,-0.008486373698642222,1.1532958042966867e-05
0.05,0.09,0.017,15,False,0,6,13.581612751311003,0.0006673416257449437,-0.10651393930893946,0.0093163485117481,-0.0003427921879637561
0.05,0.09,0.017,15,False,0,3,11.976828436834344,0.00066699824091655,-0.12603281288347878,-0.012434218621398017,-0.0003237944769571962
0.05,0.09,0.017,15,False,3,0,5.994761153655142,0.0006668539183245297,-0.13571119448102983,-3.1973209493142994e-05,0.0002557014207627165
0.05,0.09,0.017,15,True,3,4,1.0251683962130562,0.0006695147222480202,-0.05209802255691969,0.01720545872106124,3.940270111169517e-05
0.05,0.09,0.017,15,True,7,8,1.0950970201373842,0.0006702394445263829,-0.03844538388325471,-0.008486373698642222,1.1532958042966867e-05
0.05,0.09,0.017,15,False,0,4,20.35206632586593,0.0006687024362873555,-0.06919675538179068,0.019939784780499858,-0.0005219960082104769
0.05,0.09,0.017,15,False,0,6,13.581612751311003,0.0006673416257449437,-0.10651393930893946,0.0093163485117481,-0.0003427921879637561
0.05,0.09,0.017,15,False,0,3,11.976828436834344,0.00066699824091655,-0.12603281288347878,-0.012434218621398017,-0.0003237944769571962
0.05,0.09,0.017,15,True,1,2,0.7578752011785607,0.000675241444493591,0.02363767082903717,-0.02360906800601915,-2.5958883250543282e-05
0.05,0.09,0.017,15,False,3,0,5.994761153655142,0.0006668539183245297,-0.13571119448102983,-3.1973209493142994e-05,0.0002557014207627165
0.05,0.09,0.017,15,True,3,4,1.0251683962130562,0.0006695147222480202,-0.05209802255691969,0.01720545872106124,3.940270111169517e-05
0.05,0.09,0.017,15,False,3,6,8.243749683393359,0.0006670719935325008,-0.13103625714747943,0.025251279746365214,0.00010480090882731607
0.05,0.09,0.017,15,False,6,0,30.877357946941224,0.0006668090974017624,-0.15099640788134125,-0.006338424139806003,-0.00022232910544781257
0.05,0.09,0.017,15,True,7,8,1.0950970201373842,0.0006702394445263829,-0.03844538388325471,-0.008486373698642222,1.1532958042966867e-05
0.05,0.09,0.017,15,False,0,4,16.71515487773685,0.0006688631673187301,-0.06463241589732018,0.014955760057953042,-0.00044773427634965554
0.05,0.09,0.017,15,False,0,6,13.581612751311003,0.0006673416257449437,-0.10651393930893946,0.0093163485117481,-0.0003427921879637561
0.05,0.09,0.017,15,True,0,1,1.0974617258057455,0.0006719477006302475,-0.01334512429892004,0.007374016973744355,-5.773232712331947e-06
0.05,0.09,0.017,15,False,0,3,11.976828436834344,0.00066699824091655,-0.12603281288347878,-0.012434218621398017,-0.0003237944769571962
0.05,0.09,0.017,15,True,1,2,0.7946275764683707,0.000674657646872615,0.017179322746267035,-0.025206748887475414,-1.4094215296270335e-05
0.05,0.09,0.017,15,False,3,0,5.994761153655142,0.0006668539183245297,-0.13571119448102983,-3.1973209493142994e-05,0.0002557014207627165
0.05,0.09,0.017,15,True,3,4,1.0251683962130562,0.0006695147222480202,-0.05209802255691969,0.01720545872106124,3.940270111169517e-05
0.05,0.09,0.017,15,False,3,6,12.323609197950109,0.0006670047531898987,-0.14095252654314133,0.025900986474084675,-2.871609626149188e-05
0.05,0.09,0.017,15,False,6,0,26.85911782620452,0.0006668000580424396,-0.1488703749135295,0.0026494613718516455,-0.0002974639022361722
0.05,0.09,0.017,15,True,7,8,1.0950970201373842,0.0006702394445263829,-0.03844538388325471,-0.008486373698642222,1.1532958042966867e-05
0.05,0.09,0.017,15,False,0,4,16.71515487773685,0.0006688631673187301,-0.06463241589732018,0.014955760057953042,-0.00044773427634965554
0.05,0.09,0.017,15,False,0,6,13.581612751311003,0.0006673416257449437,-0.10651393930893946,0.0093163485117481,-0.0003427921879637561
0.05,0.09,0.017,15,True,0,1,1.1296356902333464,0.0006717271193862667,-0.016339707433722987,0.007852495055536734,-1.5184153524964054e-05
0.05,0.09,0.017,15,False,0,3,11.976828436834344,0.00066699824091655,-0.12603281288347878,-0.012434218621398017,-0.0003237944769571962
0.05,0.09,0.017,15,True,1,2,0.7946275764683707,0.000674657646872615,0.017179322746267035,-0.025206748887475414,-1.4094215296270335e-05
0.05,0.09,0.017,15,False,3,0,5.994761153655142,0.0006668539183245297,-0.13571119448102983,-3.1973209493142994e-05,0.0002557014207627165
0.05,0.09,0.017,15,True,3,4,1.0251683962130562,0.0006695147222480202,-0.05209802255691969,0.01720545872106124,3.940270111169517e-05
0.05,0.09,0.017,15,False,3,6,12.323609197950109,0.0006670047531898987,-0.14095252654314133,0.025900986474084675,-2.871609626149188e-05
0.05,0.09,0.017,15,False,6,0,26.85911782620452,0.0006668000580424396,-0.1488703749135295,0.0026494613718516455,-0.0002974639022361722
0.05,0.09,0.017,15,True,7,8,1.0950970201373842,0.0006702394445263829,-0.03844538388325471,-0.008486373698642222,1.1532958042966867e-05
0.05,0.09,0.017,15,False,0,4,16.71515487773685,0.0006688631673187301,-0.06463241589732018,0.014955760057953042,-0.00044773427634965554
0.05,0.09,0.017,15,False,0,6,13.581612751311003,0.0006673416257449437,-0.10651393930893946,0.0093163485117481,-0.0003427921879637561
0.05,0.09,0.017,15,True,0,1,1.1296356902333464,0.0006717271193862667,-0.016339707433722987,0.007852495055536734,-1.5184153524964054e-05
0.05,0.09,0.017,15,False,0,3,11.976828436834344,0.00066699824091655,-0.12603281288347878,-0.012434218621398017,-0.0003237944769571962
0.05,0.09,0.017,15,True,1,2,0.7946275764683707,0.000674657646872615,0.017179322746267035,-0.025206748887475414,-1.4094215296270335e-05
0.05,0.09,0.017,15,False,3,0,5.994761153655142,0.0006668539183245297,-0.13571119448102983,-3.1973209493142994e-05,0.0002557014207627165
0.05,0.09,0.017,15,True,3,4,1.0251683962130562,0.0006695147222480202,-0.05209802255691969,0.01720545872106124,3.940270111169517e-05
0.05,0.09,0.017,15,False,3,6,12.323609197950109,0.0006670047531898987,-0.14095252654314133,0.025900986474084675,-2.871609626149188e-05
0.05,0.09,0.017,15,False,6,0,26.85911782620452,0.0006668000580424396,-0.1488703749135295,0.0026494613718516455,-0.0002974639022361722
0.05,0.09,0.017,15,True,6,7,0.983275369751683,0.0006713897033559426,-0.02287701299695581,0.023224793894826984,2.336326378431105e-05
0.05,0.09,0.017,15,True,7,8,1.0950970201373842,0.0006702394445263829,-0.03844538388325471,-0.008486373698642222,1.1532958042966867e-05
0.05,0.09,0.017,15,False,0,4,16.71515487773685,0.0006688631673187301,-0.06463241589732018,0.014955760057953042,-0.00044773427634965554
0.05,0.09,0.017,15,False,0,6,13.581612751311003,0.0006673416257449437,-0.10651393930893946,0.0093163485117481,-0.0003427921879637561
0.05,0.09,0.017,15,True,0,1,1.1296356902333464,0.0006717271193862667,-0.016339707433722987,0.007852495055536734,-1.5184153524964054e-05
0.05,0.09,0.017,15,False,0,3,11.976828436834344,0.00066699824091655,-0.12603281288347878,-0.012434218621398017,-0.0003237944769571962
0.05,0.09,0.017,15,True,1,2,0.7946275764683707,0.000674657646872615,0.017179322746267035,-0.025206748887475414,-1.4094215296270335e-05
0.05,0.09,0.017,15,False,1,4,17.523956498153055,0.0006673737414508906,-0.12869950436521924,-0.04050961830382577,-0.000222534135084548
0.05,0.09,0.017,15,False,3,0,5.994761153655142,0.0006668539183245297,-0.13571119448102983,-3.1973209493142994e-05,0.0002557014207627165
0.05,0.09,0.017,15,True,3,4,1.0251683962130562,0.0006695147222480202,-0.05209802255691969,0.01720545872106124,3.940270111169517e-05
0.05,0.09,0.017,15,False,3,6,12.323609197950109,0.0006670047531898987,-0.14095252654314133,0.025900986474084675,-2.871609626149188e-05
0.05,0.09,0.017,15,False,6,0,26.85911782620452,0.0006668000580424396,-0.1488703749135295,0.0026494613718516455,-0.0002974639022361722
0.05,0.09,0.017,15,True,6,7,0.8751325064430027,0.0006713831202432028,-0.024200104747136273,0.029156294969351508,1.6345629642456592e-05
0.05,0.09,0.017,15,False,6,3,28.527664902945297,0.0006668415115758537,-0.14581150677794522,-0.011895986309007846,-0.0004323465717893433
0.05,0.09,0.017,15,True,7,8,1.0950970201373842,0.0006702394445263829,-0.03844538388325471,-0.008486373698642222,1.1532958042966867e-05
0.05,0.09,0.017,15,False,0,4,16.71515487773685,0.0006688631673187301,-0.06463241589732018,0.014955760057953042,-0.00044773427634965554
0.05,0.09,0.017,15,False,0,6,13.581612751311003,0.0006673416257449437,-0.10651393930893946,0.0093163485117481,-0.0003427921879637561
0.05,0.09,0.017,15,True,0,1,1.1296356902333464,0.0006717271193862667,-0.016339707433722987,0.007852495055536734,-1.5184153524964054e-05
0.05,0.09,0.017,15,False,0,3,11.976828436834344,0.00066699824091655,-0.12603281288347878,-0.012434218621398017,-0.0003237944769571962
0.05,0.09,0.017,15,True,1,2,0.7946275764683707,0.000674657646872615,0.017179322746267035,-0.025206748887475414,-1.4094215296270335e-05
0.05,0.09,0.017,15,False,1,4,13.505004493105632,0.0006672573799022975,-0.13067226135810303,-0.03602630168954854,-0.0001774705730730584
0.05,0.09,0.017,15,False,3,0,5.994761153655142,0.0006668539183245297,-0.13571119448102983,-3.1973209493142994e-05,0.0002557014207627165
0.05,0.09,0.017,15,False,3,1,12.435957004772343,0.0006696489407408154,-0.04842152799009071,0.00711683560239527,0.00035214686761111626
0.05,0.09,0.017,15,True,3,4,1.0251683962130562,0.0006695147222480202,-0.05209802255691969,0.01720545872106124,3.940270111169517e-05
0.05,0.09,0.017,15,False,3,6,12.323609197950109,0.0006670047531898987,-0.14095252654314133,0.025900986474084675,-2.871609626149188e-05
0.05,0.09,0.017,15,True,4,5,1.0301818987511586,0.0006736568635921948,0.007933680269620413,-0.0012925439580895,2.289206672821654e-05
0.05,0.09,0.017,15,False,4,1,27.457389217752294,0.0006671512208150873,-0.1316712039114263,0.03081431344447641,0.00034993182356677087
0.05,0.09,0.017,15,False,6,0,26.85911782620452,0.0006668000580424396,-0.1488703749135295,0.0026494613718516455,-0.0002974639022361722
0.05,0.09,0.017,15,True,6,7,0.8751325064430027,0.0006713831202432028,-0.024200104747136273,0.029156294969351508,1.6345629642456592e-05
0.05,0.09,0.017,15,False,6,3,28.527664902945297,0.0006668415115758537,-0.14581150677794522,-0.011895986309007846,-0.0004323465717893433
0.05,0.09,0.017,15,True,7,8,1.0950970201373842,0.0006702394445263829,-0.03844538388325471,-0.008486373698642222,1.1532958042966867e-05
0.05,0.09,0.017,15,False,0,4,16.71515487773685,0.0006688631673187301,-0.06463241589732018,0.014955760057953042,-0.00044773427634965554
0.05,0.09,0.017,15,False,0,6,13.581612751311003,0.0006673416257449437,-0.10651393930893946,0.0093163485117481,-0.0003427921879637561
0.05,0.09,0.017,15,True,0,1,1.1296356902333464,0.0006717271193862667,-0.016339707433722987,0.007852495055536734,-1.5184153524964054e-05
0.05,0.09,0.017,15,False,0,3,11.976828436834344,0.00066699824091655,-0.12603281288347878,-0.012434218621398017,-0.0003237944769571962
0.05,0.09,0.017,15,True,1,2,0.7946275764683707,0.000674657646872615,0.017179322746267035,-0.025206748887475414,-1.4094215296270335e-05
0.05,0.09,0.017,15,False,1,4,13.505004493105632,0.0006672573799022975,-0.13067226135810303,-0.03602630168954854,-0.0001774705730730584
0.05,0.09,0.017,15,False,2,5,13.573596762536159,0.0006676458150581258,-0.0995801334579819,-0.0232784570160722,0.00021536437277705367
0.05,0.09,0.017,15,False,3,0,5.994761153655142,0.0006668539183245297,-0.13571119448102983,-3.1973209493142994e-05,0.0002557014207627165
0.05,0.09,0.017,15,False,3,1,9.58362579095154,0.0006699426731630991,-0.04310852134337596,0.0033690498637001546,0.00028227127631010593
0.05,0.09,0.017,15,True,3,4,1.0251683962130562,0.0006695147222480202,-0.05209802255691969,0.01720545872106124,3.940270111169517e-05
0.05,0.09,0.017,15,False,3,6,12.323609197950109,0.0006670047531898987,-0.14095252654314133,0.025900986474084675,-2.871609626149188e-05
0.05,0.09,0.017,15,True,4,5,1.06709993348042,0.000673402160837817,0.0049727637083910835,0.001368382423674402,9.773686721673487e-06
0.05,0.09,0.017,15,False,4,1,30.597374297203622,0.0006669788181329797,-0.13639142305835267,0.02175323390104481,0.00023926438414222946
0.05,0.09,0.017,15,False,6,0,26.85911782620452,0.0006668000580424396,-0.1488703749135295,0.0026494613718516455,-0.0002974639022361722
0.05,0.09,0.017,15,True,6,7,0.8751325064430027,0.0006713831202432028,-0.024200104747136273,0.029156294969351508,1.6345629642456592e-05
0.05,0.09,0.017,15,False,6,3,27.66701124618369,0.000666853433679809,-0.14582623386588003,-0.01360105410350365,-0.0004673135289390381
0.05,0.09,0.017,15,True,7,8,1.0950970201373842,0.0006702394445263829,-0.03844538388325471,-0.008486373698642222,1.1532958042966867e-05
0.05,0.09,0.009,15,False,0,3,6.714069860211486,0.0006668137247360702,-0.14726261925865147,-0.0071572982250859415,-0.00022186869338665342
0.05,0.09,0.009,15,True,3,4,1.0950512429299943,0.0006715145963603272,-0.018217676283593963,-0.0009609485803358052,7.797545436010402e-06
0.05,0.09,0.009,15,False,6,3,17.442097218401837,0.0006668006236617442,-0.15128793991466258,0.002970347191209106,-0.00018263396653970266
0.05,0.09,0.009,15,False,0,3,6.714069860211486,0.0006668137247360702,-0.14726261925865147,-0.0071572982250859415,-0.00022186869338665342
0.05,0.09,0.009,15,True,3,4,1.1072384031390439,0.0006716118133584963,-0.017008021899391053,0.006212490772665236,1.4423093013506798e-05
0.05,0.09,0.009,15,True,4,5,0.9370163572007509,0.0006721488820491022,-0.009732402899066806,0.005288754834690884,-1.36299151890007e-05
0.05,0.09,0.009,15,False,6,3,20.346366457690422,0.0006667983758792333,-0.15145003315341793,-0.00032030490532759223,-9.609768830089742e-05
0.05,0.09,0.009,15,True,6,7,1.163112992801239,0.000671366335858903,-0.021195665587976028,-0.015200250147592595,1.9324152974920495e-05
0.05,0.09,0.009,15,True,0,1,1.4138605021585597,0.0006715915194350922,-0.017822599283118974,-0.013411716439105183,-1.332949074456794e-05
0.05,0.09,0.009,15,False,0,3,6.977382531183596,0.000666801472089941,-0.14667995674572445,-0.0016071588982442724,-0.00023704066204563806
0.05,0.09,0.009,15,True,1,2,1.4137888503086031,0.0006705729128056195,-0.03224522319059327,-0.005830940774183008,-1.6551965509129032e-05
0.05,0.09,0.009,15,True,3,4,1.1072384031390439,0.0006716118133584963,-0.017008021899391053,0.006212490772665236,1.4423093013506798e-05
0.05,0.09,0.009,15,False,3,0,9.820844810066841,0.000666801019502969,-0.14841206534762957,-0.0030688095633642424,0.00030495171850992417
0.05,0.09,0.009,15,False,3,6,10.831644768042763,0.0006669300737537788,-0.12828046111735833,-0.003921843751622323,0.000323680986721383
0.05,0.09,0.009,15,True,4,5,0.9565228590027892,0.0006726783895308827,-0.002940328200374571,0.005107761800148064,-2.3825375748640186e-05
0.05,0.09,0.009,15,False,6,3,20.346366457690422,0.0006667983758792333,-0.15145003315341793,-0.00032030490532759223,-9.609768830089742e-05
0.05,0.09,0.009,15,True,6,7,1.1452782651247262,0.0006711209441368218,-0.02404707853974106,-0.0073432435987798965,1.8434373133188484e-05
0.05,0.09,0.009,15,True,0,1,1.1943696961571848,0.0006714528145712783,-0.019175989981972893,-0.005010035260330759,-3.188835587339637e-05
0.05,0.09,0.009,15,False,0,6,6.934252785965811,0.0006668450545060211,-0.13681699709810008,0.0005325669094283221,-0.00021859819233378583
0.05,0.09,0.009,15,False,0,3,6.977382531183596,0.000666801472089941,-0.14667995674572445,-0.0016071588982442724,-0.00023704066204563806
0.05,0.09,0.009,15,True,1,2,1.1722286529208448,0.0006704000159940359,-0.03531985946698985,-0.010585001611843784,6.7115126145703245e-06
0.05,0.09,0.009,15,True,3,4,1.1072384031390439,0.0006716118133584963,-0.017008021899391053,0.006212490772665236,1.4423093013506798e-05
0.05,0.09,0.009,15,False,3,0,9.44108147889849,0.0006668356097828864,-0.13983509278444187,-0.005998048872618833,0.0003364184048376825
0.05,0.09,0.009,15,False,3,6,10.3739132826052,0.0006669257468164909,-0.1282987888658434,-0.0004972765034226534,0.0003642850655822446
0.05,0.09,0.009,15,True,4,5,0.9565228590027892,0.0006726783895308827,-0.002940328200374571,0.005107761800148064,-2.3825375748640186e-05
0.05,0.09,0.009,15,False,6,3,20.346366457690422,0.0006667983758792333,-0.15145003315341793,-0.00032030490532759223,-9.609768830089742e-05
0.05,0.09,0.009,15,True,6,7,1.1452782651247262,0.0006711209441368218,-0.02404707853974106,-0.0073432435987798965,1.8434373133188484e-05
0.05,0.09,0.009,15,True,0,1,1.1943696961571848,0.0006714528145712783,-0.019175989981972893,-0.005010035260330759,-3.188835587339637e-05
0.05,0.09,0.009,15,False,0,6,10.120972554088617,0.0006668157825700139,-0.14604305534275394,-0.007116159446158624,-0.0002806465936665227
0.05,0.09,0.009,15,False,0,3,6.977382531183596,0.000666801472089941,-0.14667995674572445,-0.0016071588982442724,-0.00023704066204563806
0.05,0.09,0.009,15,True,1,2,1.1722286529208448,0.0006704000159940359,-0.03531985946698985,-0.010585001611843784,6.7115126145703245e-06
0.05,0.09,0.009,15,True,3,4,1.1072384031390439,0.0006716118133584963,-0.017008021899391053,0.006212490772665236,1.4423093013506798e-05
0.05,0.09,0.009,15,False,3,0,9.44108147889849,0.0006668356097828864,-0.13983509278444187,-0.005998048872618833,0.0003364184048376825
0.05,0.09,0.009,15,False,3,1,15.757219521206862,0.0006710541745333985,-0.024934102419840676,0.005545177874656583,0.00046339217460743915
0.05,0.09,0.009,15,False,3,6,10.3739132826052,0.0006669257468164909,-0.1282987888658434,-0.0004972765034226534,0.0003642850655822446
0.05,0.09,0.009,15,True,4,5,0.9565228590027892,0.0006726783895308827,-0.002940328200374571,0.005107761800148064,-2.3825375748640186e-05
0.05,0.09,0.009,15,False,6,3,20.346366457690422,0.0006667983758792333,-0.15145003315341793,-0.00032030490532759223,-9.609768830089742e-05
0.05,0.09,0.009,15,True,6,7,1.1452782651247262,0.0006711209441368218,-0.02404707853974106,-0.0073432435987798965,1.8434373133188484e-05
0.05,0.09,0.009,15,False,6,0,19.58037006931291,0.0006669895025268194,-0.12482030383872596,0.008476792974374545,0.00013107390234951282
0.05,0.09,0.009,15,True,0,1,1.1943696961571848,0.0006714528145712783,-0.019175989981972893,-0.005010035260330759,-3.188835587339637e-05
0.05,0.09,0.009,15,False,0,6,10.120972554088617,0.0006668157825700139,-0.14604305534275394,-0.007116159446158624,-0.0002806465936665227
0.05,0.09,0.009,15,False,0,3,6.977382531183596,0.000666801472089941,-0.14667995674572445,-0.0016071588982442724,-0.00023704066204563806
0.05,0.09,0.009,15,True,1,2,1.1722286529208448,0.0006704000159940359,-0.03531985946698985,-0.010585001611843784,6.7115126145703245e-06
0.05,0.09,0.009,15,True,3,4,1.1072384031390439,0.0006716118133584963,-0.017008021899391053,0.006212490772665236,1.4423093013506798e-05
0.05,0.09,0.009,15,False,3,0,9.44108147889849,0.0006668356097828864,-0.13983509278444187,-0.005998048872618833,0.0003364184048376825
0.05,0.09,0.009,15,False,3,1,16.5828878706134,0.0006708265991750514,-0.028817592533915488,0.012211135628299091,0.0005279044355331211
0.05,0.09,0.009,15,False,3,6,10.3739132826052,0.0006669257468164909,-0.1282987888658434,-0.0004972765034226534,0.0003642850655822446
0.05,0.09,0.009,15,True,4,5,0.9565228590027892,0.0006726783895308827,-0.002940328200374571,0.005107761800148064,-2.3825375748640186e-05
0.05,0.09,0.009,15,False,6,3,20.346366457690422,0.0006667983758792333,-0.15145003315341793,-0.00032030490532759223,-9.609768830089742e-05
0.05,0.09,0.009,15,True,6,7,1.1452782651247262,0.0006711209441368218,-0.02404707853974106,-0.0073432435987798965,1.8434373133188484e-05
0.05,0.09,0.009,15,False,6,0,19.587892908817533,0.0006670206717673288,-0.12620343896427091,0.015950715801968992,0.00019453819191159408
0.05,0.09,0.009,15,True,7,8,0.9581040552807462,0.0006725519285125216,-0.004760310391779036,0.009614277496203506,2.2773205186194245e-05
0.05,0.09,0.009,15,True,0,1,1.1943696961571848,0.0006714528145712783,-0.019175989981972893,-0.005010035260330759,-3.188835587339637e-05
0.05,0.09,0.009,15,False,0,6,10.120972554088617,0.0006668157825700139,-0.14604305534275394,-0.007116159446158624,-0.0002806465936665227
0.05,0.09,0.009,15,False,0,3,6.977382531183596,0.000666801472089941,-0.14667995674572445,-0.0016071588982442724,-0.00023704066204563806
0.05,0.09,0.009,15,True,1,2,1.1722286529208448,0.0006704000159940359,-0.03531985946698985,-0.010585001611843784,6.7115126145703245e-06
0.05,0.09,0.009,15,True,3,4,1.1072384031390439,0.0006716118133584963,-0.017008021899391053,0.006212490772665236,1.4423093013506798e-05
0.05,0.09,0.009,15,False,3,0,9.44108147889849,0.0006668356097828864,-0.13983509278444187,-0.005998048872618833,0.0003364184048376825
0.05,0.09,0.009,15,False,3,1,16.5828878706134,0.0006708265991750514,-0.028817592533915488,0.012211135628299091,0.0005279044355331211
0.05,0.09,0.009,15,False,3,6,10.3739132826052,0.0006669257468164909,-0.1282987888658434,-0.0004972765034226534,0.0003642850655822446
0.05,0.09,0.009,15,True,4,5,0.9565228590027892,0.0006726783895308827,-0.002940328200374571,0.005107761800148064,-2.3825375748640186e-05
0.05,0.09,0.009,15,False,6,3,20.346366457690422,0.0006667983758792333,-0.15145003315341793,-0.00032030490532759223,-9.609768830089742e-05
0.05,0.09,0.009,15,True,6,7,1.1452782651247262,0.0006711209441368218,-0.02404707853974106,-0.0073432435987798965,1.8434373133188484e-05
0.05,0.09,0.009,15,False,6,0,19.587892908817533,0.0006670206717673288,-0.12620343896427091,0.015950715801968992,0.00019453819191159408
0.05,0.09,0.009,15,True,7,8,0.9570266414133066,0.0006726410553766926,-0.0037233670727733225,0.010877359440271838,3.672840228113318e-05
0.05,0.09,0.009,15,True,0,1,1.1943696961571848,0.0006714528145712783,-0.019175989981972893,-0.005010035260330759,-3.188835587339637e-05
0.05,0.09,0.009,15,False,0,6,10.120972554088617,0.0006668157825700139,-0.14604305534275394,-0.007116159446158624,-0.0002806465936665227
0.05,0.09,0.009,15,False,0,3,6.977382531183596,0.000666801472089941,-0.14667995674572445,-0.0016071588982442724,-0.00023704066204563806
0.05,0.09,0.009,15,True,1,2,1.1722286529208448,0.0006704000159940359,-0.03531985946698985,-0.010585001611843784,6.7115126145703245e-06
0.05,0.09,0.009,15,True,3,4,1.1072384031390439,0.0006716118133584963,-0.017008021899391053,0.006212490772665236,1.4423093013506798e-05
0.05,0.09,0.009,15,False,3,0,9.44108147889849,0.0006668356097828864,-0.13983509278444187,-0.005998048872618833,0.0003364184048376825
0.05,0.09,0.009,15,False,3,1,16.5828878706134,0.0006708265991750514,-0.028817592533915488,0.012211135628299091,0.0005279044355331211
0.05,0.09,0.009,15,False,3,6,10.3739132826052,0.0006669257468164909,-0.1282987888658434,-0.0004972765034226534,0.0003642850655822446
0.05,0.09,0.009,15,True,4,5,0.9565228590027892,0.0006726783895308827,-0.002940328200374571,0.005107761800148064,-2.3825375748640186e-05
0.05,0.09,0.009,15,False,6,3,20.346366457690422,0.0006667983758792333,-0.15145003315341793,-0.00032030490532759223,-9.609768830089742e-05
0.05,0.09,0.009,15,True,6,7,1.1452782651247262,0.0006711209441368218,-0.02404707853974106,-0.0073432435987798965,1.8434373133188484e-05
0.05,0.09,0.009,15,False,6,0,19.587892908817533,0.0006670206717673288,-0.12620343896427091,0.015950715801968992,0.00019453819191159408
0.05,0.09,0.009,15,True,7,8,0.9570266414133066,0.0006726410553766926,-0.0037233670727733225,0.010877359440271838,3.672840228113318e-05
0.05,0.09,0.009,15,True,0,1,1.1943696961571848,0.0006714528145712783,-0.019175989981972893,-0.005010035260330759,-3.188835587339637e-05
0.05,0.09,0.009,15,False,0,6,10.120972554088617,0.0006668157825700139,-0.14604305534275394,-0.007116159446158624,-0.0002806465936665227
0.05,0.09,0.009,15,False,0,7,18.761414888759216,0.000669493566328643,-0.05156636216555536,-0.015378164740358873,2.093700506215059e-05
0.05,0.09,0.009,15,False,0,3,6.977382531183596,0.000666801472089941,-0.14667995674572445,-0.0016071588982442724,-0.00023704066204563806
0.05,0.09,0.009,15,True,1,2,1.1722286529208448,0.0006704000159940359,-0.03531985946698985,-0.010585001611843784,6.7115126145703245e-06
0.05,0.09,0.009,15,True,3,4,1.1072384031390439,0.0006716118133584963,-0.017008021899391053,0.006212490772665236,1.4423093013506798e-05
0.05,0.09,0.009,15,False,3,0,9.44108147889849,0.0006668356097828864,-0.13983509278444187,-0.005998048872618833,0.0003364184048376825
0.05,0.09,0.009,15,False,3,1,16.5828878706134,0.0006708265991750514,-0.028817592533915488,0.012211135628299091,0.0005279044355331211
0.05,0.09,0.009,15,False,3,6,10.3739132826052,0.0006669257468164909,-0.1282987888658434,-0.0004972765034226534,0.0003642850655822446
0.05,0.09,0.009,15,True,4,5,0.9565228590027892,0.0006726783895308827,-0.002940328200374571,0.005107761800148064,-2.3825375748640186e-05
0.05,0.09,0.009,15,False,6,3,20.346366457690422,0.0006667983758792333,-0.15145003315341793,-0.00032030490532759223,-9.609768830089742e-05
0.05,0.09,0.009,15,True,6,7,1.1452782651247262,0.0006711209441368218,-0.02404707853974106,-0.0073432435987798965,1.8434373133188484e-05
0.05,0.09,0.009,15,False,6,0,19.587892908817533,0.0006670206717673288,-0.12620343896427091,0.015950715801968992,0.00019453819191159408
0.05,0.09,0.009,15,True,7,8,0.9570266414133066,0.0006726410553766926,-0.0037233670727733225,0.010877359440271838,3.672840228113318e-05
0.05,0.09,0.009,15,True,0,1,1.1943696961571848,0.0006714528145712783,-0.019175989981972893,-0.005010035260330759,-3.188835587339637e-05
0.05,0.09,0.009,15,False,0,6,10.120972554088617,0.0006668157825700139,-0.14604305534275394,-0.007116159446158624,-0.0002806465936665227
0.05,0.09,0.009,15,False,0,7,19.264465829969424,0.0006691304736157269,-0.05890558895755156,-0.017052890654890348,7.460891271161022e-05
0.05,0.09,0.009,15,False,0,3,6.977382531183596,0.000666801472089941,-0.14667995674572445,-0.0016071588982442724,-0.00023704066204563806
0.05,0.09,0.009,15,False,0,4,11.57381106066634,0.0006706197672457112,-0.033156435573696526,-0.02050330899389537,-0.000280861008965143
0.05,0.09,0.009,15,True,1,2,1.1722286529208448,0.0006704000159940359,-0.03531985946698985,-0.010585001611843784,6.7115126145703245e-06
0.05,0.09,0.009,15,True,3,4,1.1072384031390439,0.0006716118133584963,-0.017008021899391053,0.006212490772665236,1.4423093013506798e-05
0.05,0.09,0.009,15,False,3,0,9.44108147889849,0.0006668356097828864,-0.13983509278444187,-0.005998048872618833,0.0003364184048376825
0.05,0.09,0.009,15,False,3,1,16.5828878706134,0.0006708265991750514,-0.028817592533915488,0.012211135628299091,0.0005279044355331211
0.05,0.09,0.009,15,False,3,6,10.3739132826052,0.0006669257468164909,-0.1282987888658434,-0.0004972765034226534,0.0003642850655822446
0.05,0.09,0.009,15,True,4,5,0.9565228590027892,0.0006726783895308827,-0.002940328200374571,0.005107761800148064,-2.3825375748640186e-05
0.05,0.09,0.009,15,False,6,1,11.887833526111411,0.0006710625616095067,-0.024985960395449213,-0.008619270433533902,0.00010492313532721752
0.05,0.09,0.009,15,False,6,4,11.053749399681358,0.0006713762332154149,-0.020407021672105837,0.007934381540974061,-3.53461144379098e-05
0.05,0.09,0.009,15,False,6,3,20.346366457690422,0.0006667983758792333,-0.15145003315341793,-0.00032030490532759223,-9.609768830089742e-05
0.05,0.09,0.009,15,True,6,7,1.1452782651247262,0.0006711209441368218,-0.02404707853974106,-0.0073432435987798965,1.8434373133188484e-05
0.05,0.09,0.009,15,False,6,0,19.587892908817533,0.0006670206717673288,-0.12620343896427091,0.015950715801968992,0.00019453819191159408
0.05,0.09,0.009,15,True,7,8,0.9570266414133066,0.0006726410553766926,-0.0037233670727733225,0.010877359440271838,3.672840228113318e-05
0.05,0.09,0.0009,15,False,3,0,27.470346298083125,0.0006671217360416819,-0.11756229109581087,-0.012102893209671214,0.0005936356958816617
0.05,0.09,0.0009,15,False,6,3,24.833018068578053,0.0006667980616319168,-0.1505286958693833,-0.0008796584612409947,0.0004937689352146574
0.05,0.09,0.0009,15,False,3,0,26.559619980208424,0.0006670883926430066,-0.12308306716545024,-0.0187294654089743,0.0006221549382219453
0.05,0.09,0.0009,15,True,3,4,0.739023004002163,0.000670362563735658,-0.03515296671797526,-0.0005483782365472393,-3.6156024959052783e-06
0.05,0.09,0.0009,15,False,3,6,24.314016402441666,0.0006668237567213117,-0.14070844987153847,-0.003129447020480881,0.0004901146486199265
0.05,0.09,0.0009,15,False,6,3,24.631825787624972,0.0006667999881582406,-0.14967445582547753,-0.0028417816261091123,0.000551259190589196
0.05,0.09,0.0009,15,False,3,0,26.559619980208424,0.0006670883926430066,-0.12308306716545024,-0.0187294654089743,0.0006221549382219453
0.05,0.09,0.0009,15,True,3,4,0.739023004002163,0.000670362563735658,-0.03515296671797526,-0.0005483782365472393,-3.6156024959052783e-06
0.05,0.09,0.0009,15,False,3,6,22.862308198071517,0.0006668819242202618,-0.13358159134910857,-0.006464560500103424,0.0005405095720594336
0.05,0.09,0.0009,15,False,4,7,14.543748806430868,0.0006668518357275319,-0.1641146939911835,0.0008873918618118281,0.00013299451437090898
0.05,0.09,0.0009,15,False,6,0,23.758554151790324,0.0006670363650116533,-0.12921192591397324,-0.021228374012473166,0.0004134471755636548
0.05,0.09,0.0009,15,False,6,3,24.631825787624972,0.0006667999881582406,-0.14967445582547753,-0.0028417816261091123,0.000551259190589196
0.05,0.09,0.0009,15,False,7,4,12.05247780616491,0.0006668683542195154,-0.13434520997086788,-0.0040086242240958995,1.197377503424327e-05
0.05,0.09,0.0009,15,False,0,3,19.03541924195489,0.0006668826030056029,-0.152599625033521,0.017524375749559524,0.0004275090675110402
0.05,0.09,0.0009,15,False,0,4,11.541298343079381,0.000669392831082921,-0.052699914574365236,-0.011603147771031455,-0.0001251012304758191
0.05,0.09,0.0009,15,False,3,0,26.559619980208424,0.0006670883926430066,-0.12308306716545024,-0.0187294654089743,0.0006221549382219453
0.05,0.09,0.0009,15,True,3,4,0.9068400412732998,0.0006699399181058105,-0.042283588789717774,0.004845191133615059,-1.0129911658903909e-05
0.05,0.09,0.0009,15,False,3,6,22.862308198071517,0.0006668819242202618,-0.13358159134910857,-0.006464560500103424,0.0005405095720594336
0.05,0.09,0.0009,15,True,4,5,0.8568088243889486,0.0006714159588963433,-0.019531711600157722,-0.008115231028599205,-8.103501907654391e-06
0.05,0.09,0.0009,15,False,4,7,14.657987790575499,0.0006668166290367311,-0.1571771769869636,0.0042711802372790595,0.00013623262192258775
0.05,0.09,0.0009,15,False,6,0,23.074880411106268,0.0006669819005210165,-0.1321553955513025,-0.019048503440619022,0.00043673097169471734
0.05,0.09,0.0009,15,False,6,3,24.631825787624972,0.0006667999881582406,-0.14967445582547753,-0.0028417816261091123,0.000551259190589196
0.05,0.09,0.0009,15,False,7,4,12.05247780616491,0.0006668683542195154,-0.13434520997086788,-0.0040086242240958995,1.197377503424327e-05
0.05,0.09,0.0009,15,False,0,3,20.465127499617854,0.0006669114416984333,-0.1505088226481021,0.0205015318160459,0.0003535569845088103
0.05,0.09,0.0009,15,False,0,4,10.298299059189027,0.0006694523164778514,-0.05135716599307015,-0.00957566075253621,-0.00017895620246158718
0.05,0.09,0.0009,15,False,0,6,18.857674866390838,0.0006668260899445285,-0.15209458970083245,0.010018790224509187,0.00018399736233713616
0.05,0.09,0.0009,15,False,3,0,26.559619980208424,0.0006670883926430066,-0.12308306716545024,-0.0187294654089743,0.0006221549382219453
0.05,0.09,0.0009,15,True,3,4,0.9068400412732998,0.0006699399181058105,-0.042283588789717774,0.004845191133615059,-1.0129911658903909e-05
0.05,0.09,0.0009,15,False,3,6,22.862308198071517,0.0006668819242202618,-0.13358159134910857,-0.006464560500103424,0.0005405095720594336
0.05,0.09,0.0009,15,True,4,5,0.8568088243889486,0.0006714159588963433,-0.019531711600157722,-0.008115231028599205,-8.103501907654391e-06
0.05,0.09,0.0009,15,False,4,7,14.657987790575499,0.0006668166290367311,-0.1571771769869636,0.0042711802372790595,0.00013623262192258775
0.05,0.09,0.0009,15,False,6,0,23.074880411106268,0.0006669819005210165,-0.1321553955513025,-0.019048503440619022,0.00043673097169471734
0.05,0.09,0.0009,15,False,6,3,24.631825787624972,0.0006667999881582406,-0.14967445582547753,-0.0028417816261091123,0.000551259190589196
0.05,0.09,0.0009,15,False,6,4,1.647029581729733,0.0006706828807400921,-0.030112356237286662,-0.001518057767060068,-1.501329829963077e-05
0.05,0.09,0.0009,15,False,7,4,16.831051710379672,0.0006668598204258437,-0.1358882483623485,-0.005516008451500936,-8.674218862613728e-05
0.05,0.09,0.0009,15,False,0,3,20.465127499617854,0.0006669114416984333,-0.1505088226481021,0.0205015318160459,0.0003535569845088103
0.05,0.09,0.0009,15,False,0,4,10.298299059189027,0.0006694523164778514,-0.05135716599307015,-0.00957566075253621,-0.00017895620246158718
0.05,0.09,0.0009,15,False,0,6,19.66874122558274,0.000666815407252031,-0.15128151176547447,0.007974450294347964,0.000143333179851583
0.05,0.09,0.0009,15,False,0,7,14.688835906779639,0.0006694361908573905,-0.051254507175388764,-0.003416464695252355,-8.836411076735732e-05
0.05,0.09,0.0009,15,True,0,1,1.5064774290438967,0.0006695490528649025,-0.05091936753368222,0.019054302779835768,-1.1434844416010645e-06
0.05,0.09,0.0009,15,True,1,2,1.0626464780547624,0.0006733058783506845,0.0024953029416529726,-0.028739187087236138,-2.4097045839008143e-05
0.05,0.09,0.0009,15,False,3,0,26.559619980208424,0.0006670883926430066,-0.12308306716545024,-0.0187294654089743,0.0006221549382219453
0.05,0.09,0.0009,15,True,3,4,0.9068400412732998,0.0006699399181058105,-0.042283588789717774,0.004845191133615059,-1.0129911658903909e-05
0.05,0.09,0.0009,15,False,3,6,22.862308198071517,0.0006668819242202618,-0.13358159134910857,-0.006464560500103424,0.0005405095720594336
0.05,0.09,0.0009,15,False,3,7,2.3733952744743103,0.0006712864930650839,-0.02166629006729596,0.011800411680594584,-1.3205251082199665e-06
0.05,0.09,0.0009,15,True,4,5,0.8773470508317472,0.0006709893136579584,-0.026115426295228616,-0.012720258640353053,-1.9239913766541434e-06
0.05,0.09,0.0009,15,False,4,7,14.657987790575499,0.0006668166290367311,-0.1571771769869636,0.0042711802372790595,0.00013623262192258775
0.05,0.09,0.0009,15,False,6,0,23.074880411106268,0.0006669819005210165,-0.1321553955513025,-0.019048503440619022,0.00043673097169471734
0.05,0.09,0.0009,15,False,6,3,24.631825787624972,0.0006667999881582406,-0.14967445582547753,-0.0028417816261091123,0.000551259190589196
0.05,0.09,0.0009,15,False,6,4,1.7869755026700154,0.0006709087713104582,-0.026679031372742898,0.001764023506031396,4.969512716876568e-06
0.05,0.09,0.0009,15,True,6,7,0.8483642817488214,0.0006707398903854128,-0.02949492482973044,0.008051251104178125,-1.327782127024977e-06
0.05,0.09,0.0009,15,False,7,4,16.831051710379672,0.0006668598204258437,-0.1358882483623485,-0.005516008451500936,-8.674218862613728e-05
0.05,0.09,0.0009,15,False,0,3,20.465127499617854,0.0006669114416984333,-0.1505088226481021,0.0205015318160459,0.0003535569845088103
0.05,0.09,0.0009,15,False,0,4,10.298299059189027,0.0006694523164778514,-0.05135716599307015,-0.00957566075253621,-0.00017895620246158718
0.05,0.09,0.0009,15,False,0,6,19.66874122558274,0.000666815407252031,-0.15128151176547447,0.007974450294347964,0.000143333179851583
0.05,0.09,0.0009,15,False,0,7,13.118313134518859,0.0006695899185148639,-0.048486466390055244,-0.00512153805201514,-0.0001543322311819935
0.05,0.09,0.0009,15,True,0,1,1.4987403198975813,0.0006696651065353238,-0.04749713628715664,0.010130242455000991,-3.5654864046568086e-06
0.05,0.09,0.0009,15,True,1,2,1.156235441500326,0.0006733291210799969,0.0023173485624935646,-0.031083537610513873,-3.8273704154161565e-05
0.05,0.09,0.0009,15,False,3,0,26.559619980208424,0.0006670883926430066,-0.12308306716545024,-0.0187294654089743,0.0006221549382219453
0.05,0.09,0.0009,15,True,3,4,0.9068400412732998,0.0006699399181058105,-0.042283588789717774,0.004845191133615059,-1.0129911658903909e-05
0.05,0.09,0.0009,15,False,3,6,22.862308198071517,0.0006668819242202618,-0.13358159134910857,-0.006464560500103424,0.0005405095720594336
0.05,0.09,0.0009,15,False,3,7,2.3733952744743103,0.0006712864930650839,-0.02166629006729596,0.011800411680594584,-1.3205251082199665e-06
0.05,0.09,0.0009,15,True,4,5,0.8773470508317472,0.0006709893136579584,-0.026115426295228616,-0.012720258640353053,-1.9239913766541434e-06
0.05,0.09,0.0009,15,False,4,7,14.657987790575499,0.0006668166290367311,-0.1571771769869636,0.0042711802372790595,0.00013623262192258775
0.05,0.09,0.0009,15,False,6,0,23.074880411106268,0.0006669819005210165,-0.1321553955513025,-0.019048503440619022,0.00043673097169471734
0.05,0.09,0.0009,15,False,6,3,24.631825787624972,0.0006667999881582406,-0.14967445582547753,-0.0028417816261091123,0.000551259190589196
0.05,0.09,0.0009,15,False,6,4,1.7869755026700154,0.0006709087713104582,-0.026679031372742898,0.001764023506031396,4.969512716876568e-06
0.05,0.09,0.0009,15,True,6,7,0.7745034678434112,0.0006712618741315401,-0.0227497485164715,0.01802976607847182,-4.0653166769504936e-06
0.05,0.09,0.0009,15,True,7,8,1.3733850974728314,0.0006716257012561248,-0.0164658422637988,-0.0057033891569003205,7.86743216798949e-06
0.05,0.09,0.0009,15,False,7,4,16.831051710379672,0.0006668598204258437,-0.1358882483623485,-0.005516008451500936,-8.674218862613728e-05
0.01,0.017,0.017,15,True,0,1,1.507854945422705,2.7024137708949032e-05,-0.01862654559526213,0.006657327649124551,0.00012691658775281024
0.01,0.017,0.017,15,False,0,3,503.3099081405202,2.6800388425183545e-05,-0.14781368161051017,0.0050471882669844,0.012217508299990286
0.01,0.017,0.017,15,False,0,6,505.2997194726652,2.6800419544422777e-05,-0.14475465998773793,0.002267474150694723,0.012226128245822619
0.01,0.017,0.017,15,False,3,0,571.2685906694401,2.6800427010995554e-05,-0.1529520946690099,-0.004951625451290888,0.009095919224881524
0.01,0.017,0.017,15,True,3,4,1.516307213143457,2.7024560870705935e-05,-0.018488700187620104,-0.00638376030583106,0.00031401685551037356
0.01,0.017,0.017,15,False,3,6,567.824473522175,2.680035143390845e-05,-0.14702132033488985,-0.004304420790704443,0.008964969532140852
0.01,0.017,0.017,15,True,4,5,1.0961915855816715,2.710626327314789e-05,0.0034954249025432147,-0.00907815765427953,-0.0001383349161969859
0.01,0.017,0.017,15,False,6,0,169.5029194023444,2.6800102773875084e-05,-0.15246021727716946,-0.0014655328660639418,-0.002119901263677178
0.01,0.017,0.017,15,False,6,3,172.26454203810312,2.6800063786207528e-05,-0.15088152686159614,-0.002101666934351001,-0.002259583631878456
0.01,0.017,0.017,15,True,6,7,1.4319356336827342,2.699411324880485e-05,-0.027615992123846692,0.0027613825811136513,0.00026833497707255677
0.01,0.017,0.017,15,True,0,1,1.5388406237782504,2.7024153636131382e-05,-0.01864391494898736,0.007079035781300501,0.00012521351852565898
0.01,0.017,0.017,15,False,0,3,526.9263821514239,2.6800290489659516e-05,-0.1485924828625991,0.004551180354826411,0.013472754221668555
0.01,0.017,0.017,15,False,0,6,525.9809149314109,2.6800442618487375e-05,-0.1451656990223865,0.003326535388750948,0.013436995500023237
0.01,0.017,0.017,15,True,1,2,0.9054519062144546,2.7104014468182698e-05,0.0028176226494930913,-0.01079025506138677,-0.00014708949632300208
0.01,0.017,0.017,15,False,3,0,564.2510254680758,2.6800327998304272e-05,-0.15199173739069577,-0.004650053803716062,0.01126163773784392
0.01,0.017,0.017,15,True,3,4,1.5388323516953502,2.7028007326695277e-05,-0.017474739405661924,-0.006252195011997487,0.0003033453947511858
0.01,0.017,0.017,15,False,3,6,557.1990408933632,2.6800238440122824e-05,-0.14648630649894395,-0.002516131470799151,0.011097404667910761
0.01,0.017,0.017,15,True,4,5,1.145303976812349,2.709874409610464e-05,0.0016744765214234195,-0.007592360632640176,-8.328709557793207e-05
0.01,0.017,0.017,15,False,6,0,169.2644396390287,2.680013942000732e-05,-0.15266747977592987,-0.001978355994732354,-0.002075219626869111
0.01,0.017,0.017,15,False,6,3,171.98515546415848,2.6800144795217856e-05,-0.15175426277303414,-0.002893116630426328,-0.002203693973214851
0.01,0.017,0.017,15,True,6,7,1.5379756486622969,2.6991719409278917e-05,-0.02836404328279579,0.0023160303342704396,0.00030286925016458695
0.01,0.017,0.017,15,True,7,8,1.8254135072384663,2.7114281980550253e-05,0.005008916209783869,-0.015314020600274309,5.8976460953504844e-05
0.01,0.017,0.017,15,True,0,1,1.5388406237782504,2.7024153636131382e-05,-0.01864391494898736,0.007079035781300501,0.00012521351852565898
0.01,0.017,0.017,15,False,0,3,526.9263821514239,2.6800290489659516e-05,-0.1485924828625991,0.004551180354826411,0.013472754221668555
0.01,0.017,0.017,15,False,0,6,525.9809149314109,2.6800442618487375e-05,-0.1451656990223865,0.003326535388750948,0.013436995500023237
0.01,0.017,0.017,15,True,1,2,0.9861580786809383,2.710790547887835e-05,0.0037771382763599017,-0.011073653640083584,-0.00011928520866787422
0.01,0.017,0.017,15,False,3,0,564.2510254680758,2.6800327998304272e-05,-0.15199173739069577,-0.004650053803716062,0.01126163773784392
0.01,0.017,0.017,15,True,3,4,1.5388323516953502,2.7028007326695277e-05,-0.017474739405661924,-0.006252195011997487,0.0003033453947511858
0.01,0.017,0.017,15,False,3,6,557.1990408933632,2.6800238440122824e-05,-0.14648630649894395,-0.002516131470799151,0.011097404667910761
0.01,0.017,0.017,15,True,4,5,1.145303976812349,2.709874409610464e-05,0.0016744765214234195,-0.007592360632640176,-8.328709557793207e-05
0.01,0.017,0.017,15,False,6,0,169.2644396390287,2.680013942000732e-05,-0.15266747977592987,-0.001978355994732354,-0.002075219626869111
0.01,0.017,0.017,15,False,6,3,171.98515546415848,2.6800144795217856e-05,-0.15175426277303414,-0.002893116630426328,-0.002203693973214851
0.01,0.017,0.017,15,True,6,7,1.5379756486622969,2.6991719409278917e-05,-0.02836404328279579,0.0023160303342704396,0.00030286925016458695
0.01,0.017,0.017,15,True,7,8,1.8805303392355965,2.71126965371165e-05,0.0043151707932881575,-0.018075340867946814,-2.491302150059294e-05
0.01,0.017,0.017,15,True,0,1,1.5388406237782504,2.7024153636131382e-05,-0.01864391494898736,0.007079035781300501,0.00012521351852565898
0.01,0.017,0.017,15,False,0,3,526.9263821514239,2.6800290489659516e-05,-0.1485924828625991,0.004551180354826411,0.013472754221668555
0.01,0.017,0.017,15,False,0,6,525.9809149314109,2.6800442618487375e-05,-0.1451656990223865,0.003326535388750948,0.013436995500023237
0.01,0.017,0.017,15,True,1,2,0.9861580786809383,2.710790547887835e-05,0.0037771382763599017,-0.011073653640083584,-0.00011928520866787422
0.01,0.017,0.017,15,False,3,0,564.2510254680758,2.6800327998304272e-05,-0.15199173739069577,-0.004650053803716062,0.01126163773784392
0.01,0.017,0.017,15,True,3,4,1.5388323516953502,2.7028007326695277e-05,-0.017474739405661924,-0.006252195011997487,0.0003033453947511858
0.01,0.017,0.017,15,False,3,6,557.1990408933632,2.6800238440122824e-05,-0.14648630649894395,-0.002516131470799151,0.011097404667910761
0.01,0.017,0.017,15,True,4,5,1.145303976812349,2.709874409610464e-05,0.0016744765214234195,-0.007592360632640176,-8.328709557793207e-05
0.01,0.017,0.017,15,False,6,0,169.2644396390287,2.680013942000732e-05,-0.15266747977592987,-0.001978355994732354,-0.002075219626869111
0.01,0.017,0.017,15,False,6,3,171.98515546415848,2.6800144795217856e-05,-0.15175426277303414,-0.002893116630426328,-0.002203693973214851
0.01,0.017,0.017,15,True,6,7,1.5379756486622969,2.6991719409278917e-05,-0.02836404328279579,0.0023160303342704396,0.00030286925016458695
0.01,0.017,0.017,15,True,7,8,1.8805303392355965,2.71126965371165e-05,0.0043151707932881575,-0.018075340867946814,-2.491302150059294e-05
0.01,0.017,0.017,15,True,0,1,1.5388406237782504,2.7024153636131382e-05,-0.01864391494898736,0.007079035781300501,0.00012521351852565898
0.01,0.017,0.017,15,False,0,3,526.9263821514239,2.6800290489659516e-05,-0.1485924828625991,0.004551180354826411,0.013472754221668555
0.01,0.017,0.017,15,False,0,6,525.9809149314109,2.6800442618487375e-05,-0.1451656990223865,0.003326535388750948,0.013436995500023237
0.01,0.017,0.017,15,True,1,2,0.9861580786809383,2.710790547887835e-05,0.0037771382763599017,-0.011073653640083584,-0.00011928520866787422
0.01,0.017,0.017,15,False,3,0,564.2510254680758,2.6800327998304272e-05,-0.15199173739069577,-0.004650053803716062,0.01126163773784392
0.01,0.017,0.017,15,True,3,4,1.5388323516953502,2.7028007326695277e-05,-0.017474739405661924,-0.006252195011997487,0.0003033453947511858
0.01,0.017,0.017,15,False,3,6,557.1990408933632,2.6800238440122824e-05,-0.14648630649894395,-0.002516131470799151,0.011097404667910761
0.01,0.017,0.017,15,True,4,5,1.145303976812349,2.709874409610464e-05,0.0016744765214234195,-0.007592360632640176,-8.328709557793207e-05
0.01,0.017,0.017,15,False,6,0,169.2644396390287,2.680013942000732e-05,-0.15266747977592987,-0.001978355994732354,-0.002075219626869111
0.01,0.017,0.017,15,False,6,3,171.98515546415848,2.6800144795217856e-05,-0.15175426277303414,-0.002893116630426328,-0.002203693973214851
0.01,0.017,0.017,15,True,6,7,1.5379756486622969,2.6991719409278917e-05,-0.02836404328279579,0.0023160303342704396,0.00030286925016458695
0.01,0.017,0.017,15,True,7,8,1.8805303392355965,2.71126965371165e-05,0.0043151707932881575,-0.018075340867946814,-2.491302150059294e-05
0.01,0.017,0.017,15,True,0,1,1.5388406237782504,2.7024153636131382e-05,-0.01864391494898736,0.007079035781300501,0.00012521351852565898
0.01,0.017,0.017,15,False,0,3,526.9263821514239,2.6800290489659516e-05,-0.1485924828625991,0.004551180354826411,0.013472754221668555
0.01,0.017,0.017,15,False,0,6,525.9809149314109,2.6800442618487375e-05,-0.1451656990223865,0.003326535388750948,0.013436995500023237
0.01,0.017,0.017,15,True,1,2,0.9861580786809383,2.710790547887835e-05,0.0037771382763599017,-0.011073653640083584,-0.00011928520866787422
0.01,0.017,0.017,15,False,3,0,564.2510254680758,2.6800327998304272e-05,-0.15199173739069577,-0.004650053803716062,0.01126163773784392
0.01,0.017,0.017,15,True,3,4,1.5388323516953502,2.7028007326695277e-05,-0.017474739405661924,-0.006252195011997487,0.0003033453947511858
0.01,0.017,0.017,15,False,3,6,557.1990408933632,2.6800238440122824e-05,-0.14648630649894395,-0.002516131470799151,0.011097404667910761
0.01,0.017,0.017,15,True,4,5,1.145303976812349,2.709874409610464e-05,0.0016744765214234195,-0.007592360632640176,-8.328709557793207e-05
0.01,0.017,0.017,15,False,6,0,169.2644396390287,2.680013942000732e-05,-0.15266747977592987,-0.001978355994732354,-0.002075219626869111
0.01,0.017,0.017,15,False,6,3,171.98515546415848,2.6800144795217856e-05,-0.15175426277303414,-0.002893116630426328,-0.002203693973214851
0.01,0.017,0.017,15,True,6,7,1.5379756486622969,2.6991719409278917e-05,-0.02836404328279579,0.0023160303342704396,0.00030286925016458695
0.01,0.017,0.017,15,True,7,8,1.8805303392355965,2.71126965371165e-05,0.0043151707932881575,-0.018075340867946814,-2.491302150059294e-05
0.01,0.017,0.017,15,True,0,1,1.5388406237782504,2.7024153636131382e-05,-0.01864391494898736,0.007079035781300501,0.00012521351852565898
0.01,0.017,0.017,15,False,0,3,526.9263821514239,2.6800290489659516e-05,-0.1485924828625991,0.004551180354826411,0.013472754221668555
0.01,0.017,0.017,15,False,0,6,525.9809149314109,2.6800442618487375e-05,-0.1451656990223865,0.003326535388750948,0.013436995500023237
0.01,0.017,0.017,15,True,1,2,0.9861580786809383,2.710790547887835e-05,0.0037771382763599017,-0.011073653640083584,-0.00011928520866787422
0.01,0.017,0.017,15,False,3,0,564.2510254680758,2.6800327998304272e-05,-0.15199173739069577,-0.004650053803716062,0.01126163773784392
0.01,0.017,0.017,15,True,3,4,1.5388323516953502,2.7028007326695277e-05,-0.017474739405661924,-0.006252195011997487,0.0003033453947511858
0.01,0.017,0.017,15,False,3,6,557.1990408933632,2.6800238440122824e-05,-0.14648630649894395,-0.002516131470799151,0.011097404667910761
0.01,0.017,0.017,15,True,4,5,1.145303976812349,2.709874409610464e-05,0.0016744765214234195,-0.007592360632640176,-8.328709557793207e-05
0.01,0.017,0.017,15,False,6,0,169.2644396390287,2.680013942000732e-05,-0.15266747977592987,-0.001978355994732354,-0.002075219626869111
0.01,0.017,0.017,15,False,6,3,171.98515546415848,2.6800144795217856e-05,-0.15175426277303414,-0.002893116630426328,-0.002203693973214851
0.01,0.017,0.017,15,True,6,7,1.5379756486622969,2.6991719409278917e-05,-0.02836404328279579,0.0023160303342704396,0.00030286925016458695
0.01,0.017,0.017,15,True,7,8,1.8805303392355965,2.71126965371165e-05,0.0043151707932881575,-0.018075340867946814,-2.491302150059294e-05
0.01,0.017,0.017,15,True,0,1,1.5388406237782504,2.7024153636131382e-05,-0.01864391494898736,0.007079035781300501,0.00012521351852565898
0.01,0.017,0.017,15,False,0,3,526.9263821514239,2.6800290489659516e-05,-0.1485924828625991,0.004551180354826411,0.013472754221668555
0.01,0.017,0.017,15,False,0,6,525.9809149314109,2.6800442618487375e-05,-0.1451656990223865,0.003326535388750948,0.013436995500023237
0.01,0.017,0.017,15,True,1,2,0.9861580786809383,2.710790547887835e-05,0.0037771382763599017,-0.011073653640083584,-0.00011928520866787422
0.01,0.017,0.017,15,False,3,0,564.2510254680758,2.6800327998304272e-05,-0.15199173739069577,-0.004650053803716062,0.01126163773784392
0.01,0.017,0.017,15,True,3,4,1.5388323516953502,2.7028007326695277e-05,-0.017474739405661924,-0.006252195011997487,0.0003033453947511858
0.01,0.017,0.017,15,False,3,6,557.1990408933632,2.6800238440122824e-05,-0.14648630649894395,-0.002516131470799151,0.011097404667910761
0.01,0.017,0.017,15,True,4,5,1.145303976812349,2.709874409610464e-05,0.0016744765214234195,-0.007592360632640176,-8.328709557793207e-05
0.01,0.017,0.017,15,False,6,0,169.2644396390287,2.680013942000732e-05,-0.15266747977592987,-0.001978355994732354,-0.002075219626869111
0.01,0.017,0.017,15,False,6,3,171.98515546415848,2.6800144795217856e-05,-0.15175426277303414,-0.002893116630426328,-0.002203693973214851
0.01,0.017,0.017,15,True,6,7,1.5379756486622969,2.6991719409278917e-05,-0.02836404328279579,0.0023160303342704396,0.00030286925016458695
0.01,0.017,0.017,15,True,7,8,1.8805303392355965,2.71126965371165e-05,0.0043151707932881575,-0.018075340867946814,-2.491302150059294e-05
0.01,0.017,0.017,15,True,0,1,1.5388406237782504,2.7024153636131382e-05,-0.01864391494898736,0.007079035781300501,0.00012521351852565898
0.01,0.017,0.017,15,False,0,3,526.9263821514239,2.6800290489659516e-05,-0.1485924828625991,0.004551180354826411,0.013472754221668555
0.01,0.017,0.017,15,False,0,6,525.9809149314109,2.6800442618487375e-05,-0.1451656990223865,0.003326535388750948,0.013436995500023237
0.01,0.017,0.017,15,True,1,2,0.9861580786809383,2.710790547887835e-05,0.0037771382763599017,-0.011073653640083584,-0.00011928520866787422
0.01,0.017,0.017,15,False,3,0,564.2510254680758,2.6800327998304272e-05,-0.15199173739069577,-0.004650053803716062,0.01126163773784392
0.01,0.017,0.017,15,True,3,4,1.5388323516953502,2.7028007326695277e-05,-0.017474739405661924,-0.006252195011997487,0.0003033453947511858
0.01,0.017,0.017,15,False,3,6,557.1990408933632,2.6800238440122824e-05,-0.14648630649894395,-0.002516131470799151,0.011097404667910761
0.01,0.017,0.017,15,True,4,5,1.145303976812349,2.709874409610464e-05,0.0016744765214234195,-0.007592360632640176,-8.328709557793207e-05
0.01,0.017,0.017,15,False,6,0,169.2644396390287,2.680013942000732e-05,-0.15266747977592987,-0.001978355994732354,-0.002075219626869111
0.01,0.017,0.017,15,False,6,3,171.98515546415848,2.6800144795217856e-05,-0.15175426277303414,-0.002893116630426328,-0.002203693973214851
0.01,0.017,0.017,15,True,6,7,1.5379756486622969,2.6991719409278917e-05,-0.02836404328279579,0.0023160303342704396,0.00030286925016458695
0.01,0.017,0.017,15,True,7,8,1.8805303392355965,2.71126965371165e-05,0.0043151707932881575,-0.018075340867946814,-2.491302150059294e-05
0.01,0.017,0.017,15,True,0,1,1.5388406237782504,2.7024153636131382e-05,-0.01864391494898736,0.007079035781300501,0.00012521351852565898
0.01,0.017,0.017,15,False,0,3,526.9263821514239,2.6800290489659516e-05,-0.1485924828625991,0.004551180354826411,0.013472754221668555
0.01,0.017,0.017,15,False,0,6,525.9809149314109,2.6800442618487375e-05,-0.1451656990223865,0.003326535388750948,0.013436995500023237
0.01,0.017,0.017,15,True,1,2,0.9861580786809383,2.710790547887835e-05,0.0037771382763599017,-0.011073653640083584,-0.00011928520866787422
0.01,0.017,0.017,15,False,3,0,564.2510254680758,2.6800327998304272e-05,-0.15199173739069577,-0.004650053803716062,0.01126163773784392
0.01,0.017,0.017,15,True,3,4,1.5388323516953502,2.7028007326695277e-05,-0.017474739405661924,-0.006252195011997487,0.0003033453947511858
0.01,0.017,0.017,15,False,3,6,557.1990408933632,2.6800238440122824e-05,-0.14648630649894395,-0.002516131470799151,0.011097404667910761
0.01,0.017,0.017,15,True,4,5,1.145303976812349,2.709874409610464e-05,0.0016744765214234195,-0.007592360632640176,-8.328709557793207e-05
0.01,0.017,0.017,15,False,6,0,169.2644396390287,2.680013942000732e-05,-0.15266747977592987,-0.001978355994732354,-0.002075219626869111
0.01,0.017,0.017,15,False,6,3,171.98515546415848,2.6800144795217856e-05,-0.15175426277303414,-0.002893116630426328,-0.002203693973214851
0.01,0.017,0.017,15,True,6,7,1.5379756486622969,2.6991719409278917e-05,-0.02836404328279579,0.0023160303342704396,0.00030286925016458695
0.01,0.017,0.017,15,True,7,8,1.8805303392355965,2.71126965371165e-05,0.0043151707932881575,-0.018075340867946814,-2.491302150059294e-05
0.01,0.017,0.017,15,True,0,1,1.5388406237782504,2.7024153636131382e-05,-0.01864391494898736,0.007079035781300501,0.00012521351852565898
0.01,0.017,0.017,15,False,0,3,526.9263821514239,2.6800290489659516e-05,-0.1485924828625991,0.004551180354826411,0.013472754221668555
0.01,0.017,0.017,15,False,0,6,525.9809149314109,2.6800442618487375e-05,-0.1451656990223865,0.003326535388750948,0.013436995500023237
0.01,0.017,0.017,15,True,1,2,0.9861580786809383,2.710790547887835e-05,0.0037771382763599017,-0.011073653640083584,-0.00011928520866787422
0.01,0.017,0.017,15,False,3,0,564.2510254680758,2.6800327998304272e-05,-0.15199173739069577,-0.004650053803716062,0.01126163773784392
0.01,0.017,0.017,15,True,3,4,1.5388323516953502,2.7028007326695277e-05,-0.017474739405661924,-0.006252195011997487,0.0003033453947511858
0.01,0.017,0.017,15,False,3,6,557.1990408933632,2.6800238440122824e-05,-0.14648630649894395,-0.002516131470799151,0.011097404667910761
0.01,0.017,0.017,15,True,4,5,1.145303976812349,2.709874409610464e-05,0.0016744765214234195,-0.007592360632640176,-8.328709557793207e-05
0.01,0.017,0.017,15,False,6,0,169.2644396390287,2.680013942000732e-05,-0.15266747977592987,-0.001978355994732354,-0.002075219626869111
0.01,0.017,0.017,15,False,6,3,171.98515546415848,2.6800144795217856e-05,-0.15175426277303414,-0.002893116630426328,-0.002203693973214851
0.01,0.017,0.017,15,True,6,7,1.5379756486622969,2.6991719409278917e-05,-0.02836404328279579,0.0023160303342704396,0.00030286925016458695
0.01,0.017,0.017,15,True,7,8,1.8805303392355965,2.71126965371165e-05,0.0043151707932881575,-0.018075340867946814,-2.491302150059294e-05
0.01,0.017,0.017,15,True,0,1,1.5388406237782504,2.7024153636131382e-05,-0.01864391494898736,0.007079035781300501,0.00012521351852565898
0.01,0.017,0.017,15,False,0,3,526.9263821514239,2.6800290489659516e-05,-0.1485924828625991,0.004551180354826411,0.013472754221668555
0.01,0.017,0.017,15,False,0,6,525.9809149314109,2.6800442618487375e-05,-0.1451656990223865,0.003326535388750948,0.013436995500023237
0.01,0.017,0.017,15,True,1,2,0.9861580786809383,2.710790547887835e-05,0.0037771382763599017,-0.011073653640083584,-0.00011928520866787422
0.01,0.017,0.017,15,False,3,0,564.2510254680758,2.6800327998304272e-05,-0.15199173739069577,-0.004650053803716062,0.01126163773784392
0.01,0.017,0.017,15,True,3,4,1.5388323516953502,2.7028007326695277e-05,-0.017474739405661924,-0.006252195011997487,0.0003033453947511858
0.01,0.017,0.017,15,False,3,6,557.1990408933632,2.6800238440122824e-05,-0.14648630649894395,-0.002516131470799151,0.011097404667910761
0.01,0.017,0.017,15,True,4,5,1.145303976812349,2.709874409610464e-05,0.0016744765214234195,-0.007592360632640176,-8.328709557793207e-05
0.01,0.017,0.017,15,False,6,0,169.2644396390287,2.680013942000732e-05,-0.15266747977592987,-0.001978355994732354,-0.002075219626869111
0.01,0.017,0.017,15,False,6,3,171.98515546415848,2.6800144795217856e-05,-0.15175426277303414,-0.002893116630426328,-0.002203693973214851
0.01,0.017,0.017,15,True,6,7,1.5379756486622969,2.6991719409278917e-05,-0.02836404328279579,0.0023160303342704396,0.00030286925016458695
0.01,0.017,0.017,15,True,7,8,1.8805303392355965,2.71126965371165e-05,0.0043151707932881575,-0.018075340867946814,-2.491302150059294e-05
0.01,0.017,0.017,15,True,0,1,1.5388406237782504,2.7024153636131382e-05,-0.01864391494898736,0.007079035781300501,0.00012521351852565898
0.01,0.017,0.017,15,False,0,3,526.9263821514239,2.6800290489659516e-05,-0.1485924828625991,0.004551180354826411,0.013472754221668555
0.01,0.017,0.017,15,False,0,6,525.9809149314109,2.6800442618487375e-05,-0.1451656990223865,0.003326535388750948,0.013436995500023237
0.01,0.017,0.017,15,True,1,2,0.9861580786809383,2.710790547887835e-05,0.0037771382763599017,-0.011073653640083584,-0.00011928520866787422
0.01,0.017,0.017,15,False,3,0,564.2510254680758,2.6800327998304272e-05,-0.15199173739069577,-0.004650053803716062,0.01126163773784392
0.01,0.017,0.017,15,True,3,4,1.5388323516953502,2.7028007326695277e-05,-0.017474739405661924,-0.006252195011997487,0.0003033453947511858
0.01,0.017,0.017,15,False,3,6,557.1990408933632,2.6800238440122824e-05,-0.14648630649894395,-0.002516131470799151,0.011097404667910761
0.01,0.017,0.017,15,True,4,5,1.145303976812349,2.709874409610464e-05,0.0016744765214234195,-0.007592360632640176,-8.328709557793207e-05
0.01,0.017,0.017,15,False,6,0,169.2644396390287,2.680013942000732e-05,-0.15266747977592987,-0.001978355994732354,-0.002075219626869111
0.01,0.017,0.017,15,False,6,3,171.98515546415848,2.6800144795217856e-05,-0.15175426277303414,-0.002893116630426328,-0.002203693973214851
0.01,0.017,0.017,15,True,6,7,1.5379756486622969,2.6991719409278917e-05,-0.02836404328279579,0.0023160303342704396,0.00030286925016458695
0.01,0.017,0.017,15,True,7,8,1.8805303392355965,2.71126965371165e-05,0.0043151707932881575,-0.018075340867946814,-2.491302150059294e-05
0.01,0.017,0.009,15,True,0,1,1.4212315784349028,2.6987915337113943e-05,-0.019340814828726495,0.0018075877423991576,-0.00033730263068804746
0.01,0.017,0.009,15,False,0,3,637.3563483254267,2.6800739892341406e-05,-0.1536004573482929,-0.007388275850148334,0.0082033705702556
0.01,0.017,0.009,15,False,0,6,617.5226574690485,2.6800051742131522e-05,-0.15106022060735336,-0.001974054718259575,0.008089466179903396
0.01,0.017,0.009,15,True,1,2,1.4799202914262612,2.7043840991151662e-05,-0.0016041145967573517,-0.01163564117289063,0.0002694598698658408
0.01,0.017,0.009,15,False,3,0,387.1281157567217,2.680049769739121e-05,-0.14489810210643903,0.004417407590085912,-0.005721267308518281
0.01,0.017,0.009,15,True,3,4,1.6695681307152743,2.698767717281201e-05,-0.01954728532009314,0.005961472241348447,-0.00020554429335442907
0.01,0.017,0.009,15,False,3,6,396.46226592333767,2.6800231249721955e-05,-0.14700273616349957,0.00351385483125209,-0.005806706423034363
0.01,0.017,0.009,15,True,4,5,1.1659595417683453,2.7053781780581864e-05,0.0010551692572588539,-0.015566924887601754,3.857687635060053e-05
0.01,0.017,0.009,15,False,6,0,371.93630773010074,2.680011289057741e-05,-0.1470501682284414,0.0013695118430913221,-0.014837939980500515
0.01,0.017,0.009,15,False,6,3,376.632687329944,2.6800154686925345e-05,-0.15302685836162766,-0.002282928018001722,-0.014809465905808492
0.01,0.017,0.009,15,True,6,7,1.616778594359026,2.6970953082158795e-05,-0.02540006424910895,-0.0029469437651613185,0.0001525279163636449
0.01,0.017,0.009,15,True,7,8,1.5108588554190285,2.7046637733280496e-05,-0.0003694995499344011,-0.004643846734609364,-6.956742620889766e-05
0.01,0.017,0.009,15,True,0,1,1.4033975826526381,2.6989654461744173e-05,-0.018739819080700302,0.0019695812506539947,-0.0003570301455337375
0.01,0.017,0.009,15,False,0,3,587.3128712470367,2.6800589679285274e-05,-0.15381155965824883,-0.006274842523237467,0.010548551240368428
0.01,0.017,0.009,15,False,0,6,572.5832078928167,2.6800072914770173e-05,-0.14898991924732483,-0.0024340137328448764,0.010418664155445232
0.01,0.017,0.009,15,True,1,2,1.4772786696211615,2.7045618521206257e-05,-0.0011414777329090131,-0.012624621727692771,0.00022197616246491915
0.01,0.017,0.009,15,False,3,0,383.16098070528255,2.6800482122673206e-05,-0.144248198461848,0.0033234223866521408,-0.003998461894792042
0.01,0.017,0.009,15,True,3,4,1.6474097332863864,2.699158451827089e-05,-0.018125432542520716,0.004193669991498413,-0.00015593581638453956
0.01,0.017,0.009,15,False,3,6,394.36257262327024,2.6800389693305038e-05,-0.1444665347951289,0.002260317439291414,-0.004109704566629248
0.01,0.017,0.009,15,True,4,5,1.2291801658150823,2.705751629786176e-05,0.002244158547058461,-0.014867518427836263,8.432698931480314e-05
0.01,0.017,0.009,15,False,6,0,393.2206523620643,2.6800077560682253e-05,-0.1479639392944092,0.0017947974306239084,-0.01525325540973828
0.01,0.017,0.009,15,False,6,3,398.7626704709208,2.6800268438978295e-05,-0.15496215732278146,-0.00029549674524532435,-0.015234611002248804
0.01,0.017,0.009,15,True,6,7,1.6547384957370732,2.6975181058038718e-05,-0.023843881430823066,-0.001622666289861691,0.00018366162153270212
0.01,0.017,0.009,15,True,7,8,1.5445759169629598,2.7043137112365632e-05,-0.0014513868905862656,-0.005106863369172208,8.158649997688701e-06
0.01,0.017,0.009,15,True,0,1,1.4033975826526381,2.6989654461744173e-05,-0.018739819080700302,0.0019695812506539947,-0.0003570301455337375
0.01,0.017,0.009,15,False,0,3,587.3128712470367,2.6800589679285274e-05,-0.15381155965824883,-0.006274842523237467,0.010548551240368428
0.01,0.017,0.009,15,False,0,6,572.5832078928167,2.6800072914770173e-05,-0.14898991924732483,-0.0024340137328448764,0.010418664155445232
0.01,0.017,0.009,15,True,1,2,1.4772786696211615,2.7045618521206257e-05,-0.0011414777329090131,-0.012624621727692771,0.00022197616246491915
0.01,0.017,0.009,15,False,3,0,383.16098070528255,2.6800482122673206e-05,-0.144248198461848,0.0033234223866521408,-0.003998461894792042
0.01,0.017,0.009,15,True,3,4,1.6474097332863864,2.699158451827089e-05,-0.018125432542520716,0.004193669991498413,-0.00015593581638453956
0.01,0.017,0.009,15,False,3,6,394.36257262327024,2.6800389693305038e-05,-0.1444665347951289,0.002260317439291414,-0.004109704566629248
0.01,0.017,0.009,15,True,4,5,1.2291801658150823,2.705751629786176e-05,0.002244158547058461,-0.014867518427836263,8.432698931480314e-05
0.01,0.017,0.009,15,False,6,0,393.2206523620643,2.6800077560682253e-05,-0.1479639392944092,0.0017947974306239084,-0.01525325540973828
0.01,0.017,0.009,15,False,6,3,398.7626704709208,2.6800268438978295e-05,-0.15496215732278146,-0.00029549674524532435,-0.015234611002248804
0.01,0.017,0.009,15,True,6,7,1.6547384957370732,2.6975181058038718e-05,-0.023843881430823066,-0.001622666289861691,0.00018366162153270212
0.01,0.017,0.009,15,True,7,8,1.5445759169629598,2.7043137112365632e-05,-0.0014513868905862656,-0.005106863369172208,8.158649997688701e-06
0.01,0.017,0.009,15,True,0,1,1.4033975826526381,2.6989654461744173e-05,-0.018739819080700302,0.0019695812506539947,-0.0003570301455337375
0.01,0.017,0.009,15,False,0,3,587.3128712470367,2.6800589679285274e-05,-0.15381155965824883,-0.006274842523237467,0.010548551240368428
0.01,0.017,0.009,15,False,0,6,572.5832078928167,2.6800072914770173e-05,-0.14898991924732483,-0.0024340137328448764,0.010418664155445232
0.01,0.017,0.009,15,True,1,2,1.4772786696211615,2.7045618521206257e-05,-0.0011414777329090131,-0.012624621727692771,0.00022197616246491915
0.01,0.017,0.009,15,False,3,0,383.16098070528255,2.6800482122673206e-05,-0.144248198461848,0.0033234223866521408,-0.003998461894792042
0.01,0.017,0.009,15,True,3,4,1.6474097332863864,2.699158451827089e-05,-0.018125432542520716,0.004193669991498413,-0.00015593581638453956
0.01,0.017,0.009,15,False,3,6,394.36257262327024,2.6800389693305038e-05,-0.1444665347951289,0.002260317439291414,-0.004109704566629248
0.01,0.017,0.009,15,True,4,5,1.2291801658150823,2.705751629786176e-05,0.002244158547058461,-0.014867518427836263,8.432698931480314e-05
0.01,0.017,0.009,15,False,6,0,393.2206523620643,2.6800077560682253e-05,-0.1479639392944092,0.0017947974306239084,-0.01525325540973828
0.01,0.017,0.009,15,False,6,3,398.7626704709208,2.6800268438978295e-05,-0.15496215732278146,-0.00029549674524532435,-0.015234611002248804
0.01,0.017,0.009,15,True,6,7,1.6547384957370732,2.6975181058038718e-05,-0.023843881430823066,-0.001622666289861691,0.00018366162153270212
0.01,0.017,0.009,15,True,7,8,1.5445759169629598,2.7043137112365632e-05,-0.0014513868905862656,-0.005106863369172208,8.158649997688701e-06
0.01,0.017,0.009,15,True,0,1,1.4033975826526381,2.6989654461744173e-05,-0.018739819080700302,0.0019695812506539947,-0.0003570301455337375
0.01,0.017,0.009,15,False,0,3,587.3128712470367,2.6800589679285274e-05,-0.15381155965824883,-0.006274842523237467,0.010548551240368428
0.01,0.017,0.009,15,False,0,6,572.5832078928167,2.6800072914770173e-05,-0.14898991924732483,-0.0024340137328448764,0.010418664155445232
0.01,0.017,0.009,15,True,1,2,1.4772786696211615,2.7045618521206257e-05,-0.0011414777329090131,-0.012624621727692771,0.00022197616246491915
0.01,0.017,0.009,15,False,3,0,383.16098070528255,2.6800482122673206e-05,-0.144248198461848,0.0033234223866521408,-0.003998461894792042
0.01,0.017,0.009,15,True,3,4,1.6474097332863864,2.699158451827089e-05,-0.018125432542520716,0.004193669991498413,-0.00015593581638453956
0.01,0.017,0.009,15,False,3,6,394.36257262327024,2.6800389693305038e-05,-0.1444665347951289,0.002260317439291414,-0.004109704566629248
0.01,0.017,0.009,15,True,4,5,1.2291801658150823,2.705751629786176e-05,0.002244158547058461,-0.014867518427836263,8.432698931480314e-05
0.01,0.017,0.009,15,False,6,0,393.2206523620643,2.6800077560682253e-05,-0.1479639392944092,0.0017947974306239084,-0.01525325540973828
0.01,0.017,0.009,15,False,6,3,398.7626704709208,2.6800268438978295e-05,-0.15496215732278146,-0.00029549674524532435,-0.015234611002248804
0.01,0.017,0.009,15,True,6,7,1.6547384957370732,2.6975181058038718e-05,-0.023843881430823066,-0.001622666289861691,0.00018366162153270212
0.01,0.017,0.009,15,True,7,8,1.5445759169629598,2.7043137112365632e-05,-0.0014513868905862656,-0.005106863369172208,8.158649997688701e-06
0.01,0.017,0.009,15,True,0,1,1.4033975826526381,2.6989654461744173e-05,-0.018739819080700302,0.0019695812506539947,-0.0003570301455337375
0.01,0.017,0.009,15,False,0,3,587.3128712470367,2.6800589679285274e-05,-0.15381155965824883,-0.006274842523237467,0.010548551240368428
0.01,0.017,0.009,15,False,0,6,572.5832078928167,2.6800072914770173e-05,-0.14898991924732483,-0.0024340137328448764,0.010418664155445232
0.01,0.017,0.009,15,True,1,2,1.4772786696211615,2.7045618521206257e-05,-0.0011414777329090131,-0.012624621727692771,0.00022197616246491915
0.01,0.017,0.009,15,False,3,0,383.16098070528255,2.6800482122673206e-05,-0.144248198461848,0.0033234223866521408,-0.003998461894792042
0.01,0.017,0.009,15,True,3,4,1.6474097332863864,2.699158451827089e-05,-0.018125432542520716,0.004193669991498413,-0.00015593581638453956
0.01,0.017,0.009,15,False,3,6,394.36257262327024,2.6800389693305038e-05,-0.1444665347951289,0.002260317439291414,-0.004109704566629248
0.01,0.017,0.009,15,True,4,5,1.2291801658150823,2.705751629786176e-05,0.002244158547058461,-0.014867518427836263,8.432698931480314e-05
0.01,0.017,0.009,15,False,6,0,393.2206523620643,2.6800077560682253e-05,-0.1479639392944092,0.0017947974306239084,-0.01525325540973828
0.01,0.017,0.009,15,False,6,3,398.7626704709208,2.6800268438978295e-05,-0.15496215732278146,-0.00029549674524532435,-0.015234611002248804
0.01,0.017,0.009,15,True,6,7,1.6547384957370732,2.6975181058038718e-05,-0.023843881430823066,-0.001622666289861691,0.00018366162153270212
0.01,0.017,0.009,15,True,7,8,1.5445759169629598,2.7043137112365632e-05,-0.0014513868905862656,-0.005106863369172208,8.158649997688701e-06
0.01,0.017,0.009,15,True,0,1,1.4033975826526381,2.6989654461744173e-05,-0.018739819080700302,0.0019695812506539947,-0.0003570301455337375
0.01,0.017,0.009,15,False,0,3,587.3128712470367,2.6800589679285274e-05,-0.15381155965824883,-0.006274842523237467,0.010548551240368428
0.01,0.017,0.009,15,False,0,6,572.5832078928167,2.6800072914770173e-05,-0.14898991924732483,-0.0024340137328448764,0.010418664155445232
0.01,0.017,0.009,15,True,1,2,1.4772786696211615,2.7045618521206257e-05,-0.0011414777329090131,-0.012624621727692771,0.00022197616246491915
0.01,0.017,0.009,15,False,3,0,383.16098070528255,2.6800482122673206e-05,-0.144248198461848,0.0033234223866521408,-0.003998461894792042
0.01,0.017,0.009,15,True,3,4,1.6474097332863864,2.699158451827089e-05,-0.018125432542520716,0.004193669991498413,-0.00015593581638453956
0.01,0.017,0.009,15,False,3,6,394.36257262327024,2.6800389693305038e-05,-0.1444665347951289,0.002260317439291414,-0.004109704566629248
0.01,0.017,0.009,15,True,4,5,1.2291801658150823,2.705751629786176e-05,0.002244158547058461,-0.014867518427836263,8.432698931480314e-05
0.01,0.017,0.009,15,False,6,0,393.2206523620643,2.6800077560682253e-05,-0.1479639392944092,0.0017947974306239084,-0.01525325540973828
0.01,0.017,0.009,15,False,6,3,398.7626704709208,2.6800268438978295e-05,-0.15496215732278146,-0.00029549674524532435,-0.015234611002248804
0.01,0.017,0.009,15,True,6,7,1.6547384957370732,2.6975181058038718e-05,-0.023843881430823066,-0.001622666289861691,0.00018366162153270212
0.01,0.017,0.009,15,True,7,8,1.5445759169629598,2.7043137112365632e-05,-0.0014513868905862656,-0.005106863369172208,8.158649997688701e-06
0.01,0.017,0.009,15,True,0,1,1.4033975826526381,2.6989654461744173e-05,-0.018739819080700302,0.0019695812506539947,-0.0003570301455337375
0.01,0.017,0.009,15,False,0,3,587.3128712470367,2.6800589679285274e-05,-0.15381155965824883,-0.006274842523237467,0.010548551240368428
0.01,0.017,0.009,15,False,0,6,572.5832078928167,2.6800072914770173e-05,-0.14898991924732483,-0.0024340137328448764,0.010418664155445232
0.01,0.017,0.009,15,True,1,2,1.4772786696211615,2.7045618521206257e-05,-0.0011414777329090131,-0.012624621727692771,0.00022197616246491915
0.01,0.017,0.009,15,False,3,0,383.16098070528255,2.6800482122673206e-05,-0.144248198461848,0.0033234223866521408,-0.003998461894792042
0.01,0.017,0.009,15,True,3,4,1.6474097332863864,2.699158451827089e-05,-0.018125432542520716,0.004193669991498413,-0.00015593581638453956
0.01,0.017,0.009,15,False,3,6,394.36257262327024,2.6800389693305038e-05,-0.1444665347951289,0.002260317439291414,-0.004109704566629248
0.01,0.017,0.009,15,True,4,5,1.2291801658150823,2.705751629786176e-05,0.002244158547058461,-0.014867518427836263,8.432698931480314e-05
0.01,0.017,0.009,15,False,6,0,393.2206523620643,2.6800077560682253e-05,-0.1479639392944092,0.0017947974306239084,-0.01525325540973828
0.01,0.017,0.009,15,False,6,3,398.7626704709208,2.6800268438978295e-05,-0.15496215732278146,-0.00029549674524532435,-0.015234611002248804
0.01,0.017,0.009,15,True,6,7,1.6547384957370732,2.6975181058038718e-05,-0.023843881430823066,-0.001622666289861691,0.00018366162153270212
0.01,0.017,0.009,15,True,7,8,1.5445759169629598,2.7043137112365632e-05,-0.0014513868905862656,-0.005106863369172208,8.158649997688701e-06
0.01,0.017,0.009,15,True,0,1,1.4033975826526381,2.6989654461744173e-05,-0.018739819080700302,0.0019695812506539947,-0.0003570301455337375
0.01,0.017,0.009,15,False,0,3,587.3128712470367,2.6800589679285274e-05,-0.15381155965824883,-0.006274842523237467,0.010548551240368428
0.01,0.017,0.009,15,False,0,6,572.5832078928167,2.6800072914770173e-05,-0.14898991924732483,-0.0024340137328448764,0.010418664155445232
0.01,0.017,0.009,15,True,1,2,1.4772786696211615,2.7045618521206257e-05,-0.0011414777329090131,-0.012624621727692771,0.00022197616246491915
0.01,0.017,0.009,15,False,3,0,383.16098070528255,2.6800482122673206e-05,-0.144248198461848,0.0033234223866521408,-0.003998461894792042
0.01,0.017,0.009,15,True,3,4,1.6474097332863864,2.699158451827089e-05,-0.018125432542520716,0.004193669991498413,-0.00015593581638453956
0.01,0.017,0.009,15,False,3,6,394.36257262327024,2.6800389693305038e-05,-0.1444665347951289,0.002260317439291414,-0.004109704566629248
0.01,0.017,0.009,15,True,4,5,1.2291801658150823,2.705751629786176e-05,0.002244158547058461,-0.014867518427836263,8.432698931480314e-05
0.01,0.017,0.009,15,False,6,0,393.2206523620643,2.6800077560682253e-05,-0.1479639392944092,0.0017947974306239084,-0.01525325540973828
0.01,0.017,0.009,15,False,6,3,398.7626704709208,2.6800268438978295e-05,-0.15496215732278146,-0.00029549674524532435,-0.015234611002248804
0.01,0.017,0.009,15,True,6,7,1.6547384957370732,2.6975181058038718e-05,-0.023843881430823066,-0.001622666289861691,0.00018366162153270212
0.01,0.017,0.009,15,True,7,8,1.5445759169629598,2.7043137112365632e-05,-0.0014513868905862656,-0.005106863369172208,8.158649997688701e-06
0.01,0.017,0.009,15,True,0,1,1.4033975826526381,2.6989654461744173e-05,-0.018739819080700302,0.0019695812506539947,-0.0003570301455337375
0.01,0.017,0.009,15,False,0,3,587.3128712470367,2.6800589679285274e-05,-0.15381155965824883,-0.006274842523237467,0.010548551240368428
0.01,0.017,0.009,15,False,0,6,572.5832078928167,2.6800072914770173e-05,-0.14898991924732483,-0.0024340137328448764,0.010418664155445232
0.01,0.017,0.009,15,True,1,2,1.4772786696211615,2.7045618521206257e-05,-0.0011414777329090131,-0.012624621727692771,0.00022197616246491915
0.01,0.017,0.009,15,False,3,0,383.16098070528255,2.6800482122673206e-05,-0.144248198461848,0.0033234223866521408,-0.003998461894792042
0.01,0.017,0.009,15,True,3,4,1.6474097332863864,2.699158451827089e-05,-0.018125432542520716,0.004193669991498413,-0.00015593581638453956
0.01,0.017,0.009,15,False,3,6,394.36257262327024,2.6800389693305038e-05,-0.1444665347951289,0.002260317439291414,-0.004109704566629248
0.01,0.017,0.009,15,True,4,5,1.2291801658150823,2.705751629786176e-05,0.002244158547058461,-0.014867518427836263,8.432698931480314e-05
0.01,0.017,0.009,15,False,6,0,393.2206523620643,2.6800077560682253e-05,-0.1479639392944092,0.0017947974306239084,-0.01525325540973828
0.01,0.017,0.009,15,False,6,3,398.7626704709208,2.6800268438978295e-05,-0.15496215732278146,-0.00029549674524532435,-0.015234611002248804
0.01,0.017,0.009,15,True,6,7,1.6547384957370732,2.6975181058038718e-05,-0.023843881430823066,-0.001622666289861691,0.00018366162153270212
0.01,0.017,0.009,15,True,7,8,1.5445759169629598,2.7043137112365632e-05,-0.0014513868905862656,-0.005106863369172208,8.158649997688701e-06
0.01,0.017,0.009,15,True,0,1,1.4033975826526381,2.6989654461744173e-05,-0.018739819080700302,0.0019695812506539947,-0.0003570301455337375
0.01,0.017,0.009,15,False,0,3,587.3128712470367,2.6800589679285274e-05,-0.15381155965824883,-0.006274842523237467,0.010548551240368428
0.01,0.017,0.009,15,False,0,6,572.5832078928167,2.6800072914770173e-05,-0.14898991924732483,-0.0024340137328448764,0.010418664155445232
0.01,0.017,0.009,15,True,1,2,1.4772786696211615,2.7045618521206257e-05,-0.0011414777329090131,-0.012624621727692771,0.00022197616246491915
0.01,0.017,0.009,15,False,3,0,383.16098070528255,2.6800482122673206e-05,-0.144248198461848,0.0033234223866521408,-0.003998461894792042
0.01,0.017,0.009,15,True,3,4,1.6474097332863864,2.699158451827089e-05,-0.018125432542520716,0.004193669991498413,-0.00015593581638453956
0.01,0.017,0.009,15,False,3,6,394.36257262327024,2.6800389693305038e-05,-0.1444665347951289,0.002260317439291414,-0.004109704566629248
0.01,0.017,0.009,15,True,4,5,1.2291801658150823,2.705751629786176e-05,0.002244158547058461,-0.014867518427836263,8.432698931480314e-05
0.01,0.017,0.009,15,False,6,0,393.2206523620643,2.6800077560682253e-05,-0.1479639392944092,0.0017947974306239084,-0.01525325540973828
0.01,0.017,0.009,15,False,6,3,398.7626704709208,2.6800268438978295e-05,-0.15496215732278146,-0.00029549674524532435,-0.015234611002248804
0.01,0.017,0.009,15,True,6,7,1.6547384957370732,2.6975181058038718e-05,-0.023843881430823066,-0.001622666289861691,0.00018366162153270212
0.01,0.017,0.009,15,True,7,8,1.5445759169629598,2.7043137112365632e-05,-0.0014513868905862656,-0.005106863369172208,8.158649997688701e-06
0.01,0.017,0.009,15,True,0,1,1.4033975826526381,2.6989654461744173e-05,-0.018739819080700302,0.0019695812506539947,-0.0003570301455337375
0.01,0.017,0.009,15,False,0,3,587.3128712470367,2.6800589679285274e-05,-0.15381155965824883,-0.006274842523237467,0.010548551240368428
0.01,0.017,0.009,15,False,0,6,572.5832078928167,2.6800072914770173e-05,-0.14898991924732483,-0.0024340137328448764,0.010418664155445232
0.01,0.017,0.009,15,True,1,2,1.4772786696211615,2.7045618521206257e-05,-0.0011414777329090131,-0.012624621727692771,0.00022197616246491915
0.01,0.017,0.009,15,False,3,0,383.16098070528255,2.6800482122673206e-05,-0.144248198461848,0.0033234223866521408,-0.003998461894792042
0.01,0.017,0.009,15,True,3,4,1.6474097332863864,2.699158451827089e-05,-0.018125432542520716,0.004193669991498413,-0.00015593581638453956
0.01,0.017,0.009,15,False,3,6,394.36257262327024,2.6800389693305038e-05,-0.1444665347951289,0.002260317439291414,-0.004109704566629248
0.01,0.017,0.009,15,True,4,5,1.2291801658150823,2.705751629786176e-05,0.002244158547058461,-0.014867518427836263,8.432698931480314e-05
0.01,0.017,0.009,15,False,6,0,393.2206523620643,2.6800077560682253e-05,-0.1479639392944092,0.0017947974306239084,-0.01525325540973828
0.01,0.017,0.009,15,False,6,3,398.7626704709208,2.6800268438978295e-05,-0.15496215732278146,-0.00029549674524532435,-0.015234611002248804
0.01,0.017,0.009,15,True,6,7,1.6547384957370732,2.6975181058038718e-05,-0.023843881430823066,-0.001622666289861691,0.00018366162153270212
0.01,0.017,0.009,15,True,7,8,1.5445759169629598,2.7043137112365632e-05,-0.0014513868905862656,-0.005106863369172208,8.158649997688701e-06
0.01,0.017,0.0009,15,True,0,1,1.3114981577553941,2.694503140297551e-05,-0.028967402090770228,-0.0040234488052381615,6.448890641715836e-06
0.01,0.017,0.0009,15,False,0,3,545.2548064519544,2.6800209126378863e-05,-0.1481271155256549,-0.004242013846634821,0.016809117092479762
0.01,0.017,0.0009,15,False,0,6,523.6951522799578,2.680024712053527e-05,-0.15294972329961415,-0.004079852335211561,0.01650545157703774
0.01,0.017,0.0009,15,True,1,2,1.662844800251356,2.704344704317428e-05,0.006884421891550537,0.0018883135300267317,-0.00015033967681285255
0.01,0.017,0.0009,15,False,3,0,393.02815672872265,2.6800161557723845e-05,-0.14953128864638834,0.004058647384846469,-0.004128880282146675
0.01,0.017,0.0009,15,True,3,4,1.3564237055098887,2.6965563339799312e-05,-0.02065164070875579,0.0031855422921598544,-7.238962469720924e-06
0.01,0.017,0.0009,15,False,3,6,389.35909456104594,2.6800118674494474e-05,-0.15350576703086044,-0.00025403509620792043,-0.004440720806999059
0.01,0.017,0.0009,15,True,4,5,1.1651321912890618,2.7023910087015286e-05,0.000427144279454869,-0.0035361252676678638,-0.00015627452090062738
0.01,0.017,0.0009,15,False,6,0,507.0385536869662,2.6800264327435747e-05,-0.14482266191604257,0.0005302078289647124,-0.010050483412480871
0.01,0.017,0.0009,15,False,6,3,509.2358161173424,2.680032992457613e-05,-0.14590576778380104,-0.0041173998340492445,-0.010058652419268779
0.01,0.017,0.0009,15,True,6,7,1.9770996352108854,2.697311248622836e-05,-0.017695926951199877,0.0003219969920803865,0.0002704475787949962
0.01,0.017,0.0009,15,True,0,1,0.9868866853481997,2.6948686770955267e-05,-0.027400789646163094,-0.0020304815533191663,-7.574309205101855e-05
0.01,0.017,0.0009,15,False,0,3,536.4324320943019,2.6800140113143765e-05,-0.14638909725825944,-0.0012185067983860234,0.01639542678676119
0.01,0.017,0.0009,15,False,0,6,515.0028232676846,2.680026041269781e-05,-0.15427577813850643,-0.002899658421060184,0.0160752553564475
0.01,0.017,0.0009,15,True,1,2,1.5723091754456804,2.7042236140614895e-05,0.006504398493425977,0.0004721807404446015,-6.681184705826229e-05
0.01,0.017,0.0009,15,False,3,0,275.16209862816027,2.6800133447786297e-05,-0.15285596803132032,0.0023859682797621956,-0.0023285699518629842
0.01,0.017,0.0009,15,True,3,4,1.2751407669240677,2.695975416921833e-05,-0.02294418152329981,0.003252093961942134,5.004939745203117e-06
0.01,0.017,0.0009,15,False,3,6,278.9948034210307,2.6800509490210354e-05,-0.15719790988809462,0.0002522732090070899,-0.0027289368010575926
0.01,0.017,0.0009,15,True,4,5,1.1519134907563966,2.70261648758038e-05,0.0011989937357095443,-0.0027722777494558646,-0.00012308957655921031
0.01,0.017,0.0009,15,False,6,0,578.4386294289693,2.6800317193802563e-05,-0.14438010975222632,-0.0009212183962965449,-0.011307770852902847
0.01,0.017,0.0009,15,False,6,3,581.2591034821221,2.6800720073477374e-05,-0.14253766045161578,-0.004180968393172714,-0.011387966267054296
0.01,0.017,0.0009,15,True,6,7,1.8148183905922737,2.6977540959817844e-05,-0.01601397983225475,-1.7764995737213065e-05,0.0002991142403044752
0.01,0.017,0.0009,15,True,0,1,0.9868866853481997,2.6948686770955267e-05,-0.027400789646163094,-0.0020304815533191663,-7.574309205101855e-05
0.01,0.017,0.0009,15,False,0,3,536.4324320943019,2.6800140113143765e-05,-0.14638909725825944,-0.0012185067983860234,0.01639542678676119
0.01,0.017,0.0009,15,False,0,6,515.0028232676846,2.680026041269781e-05,-0.15427577813850643,-0.002899658421060184,0.0160752553564475
0.01,0.017,0.0009,15,True,1,2,1.5723091754456804,2.7042236140614895e-05,0.006504398493425977,0.0004721807404446015,-6.681184705826229e-05
0.01,0.017,0.0009,15,False,3,0,275.16209862816027,2.6800133447786297e-05,-0.15285596803132032,0.0023859682797621956,-0.0023285699518629842
0.01,0.017,0.0009,15,True,3,4,1.2751407669240677,2.695975416921833e-05,-0.02294418152329981,0.003252093961942134,5.004939745203117e-06
0.01,0.017,0.0009,15,False,3,6,278.9948034210307,2.6800509490210354e-05,-0.15719790988809462,0.0002522732090070899,-0.0027289368010575926
0.01,0.017,0.0009,15,True,4,5,1.1519134907563966,2.70261648758038e-05,0.0011989937357095443,-0.0027722777494558646,-0.00012308957655921031
0.01,0.017,0.0009,15,False,6,0,578.4386294289693,2.6800317193802563e-05,-0.14438010975222632,-0.0009212183962965449,-0.011307770852902847
0.01,0.017,0.0009,15,False,6,3,581.2591034821221,2.6800720073477374e-05,-0.14253766045161578,-0.004180968393172714,-0.011387966267054296
0.01,0.017,0.0009,15,True,6,7,1.8148183905922737,2.6977540959817844e-05,-0.01601397983225475,-1.7764995737213065e-05,0.0002991142403044752
0.01,0.017,0.0009,15,True,7,8,1.6561237238402238,2.7012293837652728e-05,-0.004088856317444325,-0.013273926673947821,-1.2467209994468105e-05
0.01,0.017,0.0009,15,True,0,1,0.9868866853481997,2.6948686770955267e-05,-0.027400789646163094,-0.0020304815533191663,-7.574309205101855e-05
0.01,0.017,0.0009,15,False,0,3,536.4324320943019,2.6800140113143765e-05,-0.14638909725825944,-0.0012185067983860234,0.01639542678676119
0.01,0.017,0.0009,15,False,0,6,515.0028232676846,2.680026041269781e-05,-0.15427577813850643,-0.002899658421060184,0.0160752553564475
0.01,0.017,0.0009,15,True,1,2,1.5723091754456804,2.7042236140614895e-05,0.006504398493425977,0.0004721807404446015,-6.681184705826229e-05
0.01,0.017,0.0009,15,False,3,0,275.16209862816027,2.6800133447786297e-05,-0.15285596803132032,0.0023859682797621956,-0.0023285699518629842
0.01,0.017,0.0009,15,True,3,4,1.2751407669240677,2.695975416921833e-05,-0.02294418152329981,0.003252093961942134,5.004939745203117e-06
0.01,0.017,0.0009,15,False,3,6,278.9948034210307,2.6800509490210354e-05,-0.15719790988809462,0.0002522732090070899,-0.0027289368010575926
0.01,0.017,0.0009,15,True,4,5,1.1519134907563966,2.70261648758038e-05,0.0011989937357095443,-0.0027722777494558646,-0.00012308957655921031
0.01,0.017,0.0009,15,False,6,0,578.4386294289693,2.6800317193802563e-05,-0.14438010975222632,-0.0009212183962965449,-0.011307770852902847
0.01,0.017,0.0009,15,False,6,3,581.2591034821221,2.6800720073477374e-05,-0.14253766045161578,-0.004180968393172714,-0.011387966267054296
0.01,0.017,0.0009,15,True,6,7,1.8148183905922737,2.6977540959817844e-05,-0.01601397983225475,-1.7764995737213065e-05,0.0002991142403044752
0.01,0.017,0.0009,15,True,7,8,1.5848141958426114,2.701054596169541e-05,-0.004729714630170881,-0.013640680073997326,-9.353399564507382e-05
0.01,0.017,0.0009,15,True,0,1,0.9868866853481997,2.6948686770955267e-05,-0.027400789646163094,-0.0020304815533191663,-7.574309205101855e-05
0.01,0.017,0.0009,15,False,0,3,536.4324320943019,2.6800140113143765e-05,-0.14638909725825944,-0.0012185067983860234,0.01639542678676119
0.01,0.017,0.0009,15,False,0,6,515.0028232676846,2.680026041269781e-05,-0.15427577813850643,-0.002899658421060184,0.0160752553564475
0.01,0.017,0.0009,15,True,1,2,1.5723091754456804,2.7042236140614895e-05,0.006504398493425977,0.0004721807404446015,-6.681184705826229e-05
0.01,0.017,0.0009,15,False,3,0,275.16209862816027,2.6800133447786297e-05,-0.15285596803132032,0.0023859682797621956,-0.0023285699518629842
0.01,0.017,0.0009,15,True,3,4,1.2751407669240677,2.695975416921833e-05,-0.02294418152329981,0.003252093961942134,5.004939745203117e-06
0.01,0.017,0.0009,15,False,3,6,278.9948034210307,2.6800509490210354e-05,-0.15719790988809462,0.0002522732090070899,-0.0027289368010575926
0.01,0.017,0.0009,15,True,4,5,1.1519134907563966,2.70261648758038e-05,0.0011989937357095443,-0.0027722777494558646,-0.00012308957655921031
0.01,0.017,0.0009,15,False,6,0,578.4386294289693,2.6800317193802563e-05,-0.14438010975222632,-0.0009212183962965449,-0.011307770852902847
0.01,0.017,0.0009,15,False,6,3,581.2591034821221,2.6800720073477374e-05,-0.14253766045161578,-0.004180968393172714,-0.011387966267054296
0.01,0.017,0.0009,15,True,6,7,1.8148183905922737,2.6977540959817844e-05,-0.01601397983225475,-1.7764995737213065e-05,0.0002991142403044752
0.01,0.017,0.0009,15,True,7,8,1.5848141958426114,2.701054596169541e-05,-0.004729714630170881,-0.013640680073997326,-9.353399564507382e-05
0.01,0.017,0.0009,15,True,0,1,0.9868866853481997,2.6948686770955267e-05,-0.027400789646163094,-0.0020304815533191663,-7.574309205101855e-05
0.01,0.017,0.0009,15,False,0,3,536.4324320943019,2.6800140113143765e-05,-0.14638909725825944,-0.0012185067983860234,0.01639542678676119
0.01,0.017,0.0009,15,False,0,6,515.0028232676846,2.680026041269781e-05,-0.15427577813850643,-0.002899658421060184,0.0160752553564475
0.01,0.017,0.0009,15,True,1,2,1.5723091754456804,2.7042236140614895e-05,0.006504398493425977,0.0004721807404446015,-6.681184705826229e-05
0.01,0.017,0.0009,15,False,3,0,275.16209862816027,2.6800133447786297e-05,-0.15285596803132032,0.0023859682797621956,-0.0023285699518629842
0.01,0.017,0.0009,15,True,3,4,1.2751407669240677,2.695975416921833e-05,-0.02294418152329981,0.003252093961942134,5.004939745203117e-06
0.01,0.017,0.0009,15,False,3,6,278.9948034210307,2.6800509490210354e-05,-0.15719790988809462,0.0002522732090070899,-0.0027289368010575926
0.01,0.017,0.0009,15,True,4,5,1.1519134907563966,2.70261648758038e-05,0.0011989937357095443,-0.0027722777494558646,-0.00012308957655921031
0.01,0.017,0.0009,15,False,6,0,578.4386294289693,2.6800317193802563e-05,-0.14438010975222632,-0.0009212183962965449,-0.011307770852902847
0.01,0.017,0.0009,15,False,6,3,581.2591034821221,2.6800720073477374e-05,-0.14253766045161578,-0.004180968393172714,-0.011387966267054296
0.01,0.017,0.0009,15,True,6,7,1.8148183905922737,2.6977540959817844e-05,-0.01601397983225475,-1.7764995737213065e-05,0.0002991142403044752
0.01,0.017,0.0009,15,True,7,8,1.5848141958426114,2.701054596169541e-05,-0.004729714630170881,-0.013640680073997326,-9.353399564507382e-05
0.01,0.017,0.0009,15,True,0,1,0.9868866853481997,2.6948686770955267e-05,-0.027400789646163094,-0.0020304815533191663,-7.574309205101855e-05
0.01,0.017,0.0009,15,False,0,3,536.4324320943019,2.6800140113143765e-05,-0.14638909725825944,-0.0012185067983860234,0.01639542678676119
0.01,0.017,0.0009,15,False,0,6,515.0028232676846,2.680026041269781e-05,-0.15427577813850643,-0.002899658421060184,0.0160752553564475
0.01,0.017,0.0009,15,True,1,2,1.5723091754456804,2.7042236140614895e-05,0.006504398493425977,0.0004721807404446015,-6.681184705826229e-05
0.01,0.017,0.0009,15,False,3,0,275.16209862816027,2.6800133447786297e-05,-0.15285596803132032,0.0023859682797621956,-0.0023285699518629842
0.01,0.017,0.0009,15,True,3,4,1.2751407669240677,2.695975416921833e-05,-0.02294418152329981,0.003252093961942134,5.004939745203117e-06
0.01,0.017,0.0009,15,False,3,6,278.9948034210307,2.6800509490210354e-05,-0.15719790988809462,0.0002522732090070899,-0.0027289368010575926
0.01,0.017,0.0009,15,True,4,5,1.1519134907563966,2.70261648758038e-05,0.0011989937357095443,-0.0027722777494558646,-0.00012308957655921031
0.01,0.017,0.0009,15,False,6,0,578.4386294289693,2.6800317193802563e-05,-0.14438010975222632,-0.0009212183962965449,-0.011307770852902847
0.01,0.017,0.0009,15,False,6,3,581.2591034821221,2.6800720073477374e-05,-0.14253766045161578,-0.004180968393172714,-0.011387966267054296
0.01,0.017,0.0009,15,True,6,7,1.8148183905922737,2.6977540959817844e-05,-0.01601397983225475,-1.7764995737213065e-05,0.0002991142403044752
0.01,0.017,0.0009,15,True,7,8,1.5848141958426114,2.701054596169541e-05,-0.004729714630170881,-0.013640680073997326,-9.353399564507382e-05
0.01,0.017,0.0009,15,True,0,1,0.9868866853481997,2.6948686770955267e-05,-0.027400789646163094,-0.0020304815533191663,-7.574309205101855e-05
0.01,0.017,0.0009,15,False,0,3,536.4324320943019,2.6800140113143765e-05,-0.14638909725825944,-0.0012185067983860234,0.01639542678676119
0.01,0.017,0.0009,15,False,0,6,515.0028232676846,2.680026041269781e-05,-0.15427577813850643,-0.002899658421060184,0.0160752553564475
0.01,0.017,0.0009,15,True,1,2,1.5723091754456804,2.7042236140614895e-05,0.006504398493425977,0.0004721807404446015,-6.681184705826229e-05
0.01,0.017,0.0009,15,False,3,0,275.16209862816027,2.6800133447786297e-05,-0.15285596803132032,0.0023859682797621956,-0.0023285699518629842
0.01,0.017,0.0009,15,True,3,4,1.2751407669240677,2.695975416921833e-05,-0.02294418152329981,0.003252093961942134,5.004939745203117e-06
0.01,0.017,0.0009,15,False,3,6,278.9948034210307,2.6800509490210354e-05,-0.15719790988809462,0.0002522732090070899,-0.0027289368010575926
0.01,0.017,0.0009,15,True,4,5,1.1519134907563966,2.70261648758038e-05,0.0011989937357095443,-0.0027722777494558646,-0.00012308957655921031
0.01,0.017,0.0009,15,False,6,0,578.4386294289693,2.6800317193802563e-05,-0.14438010975222632,-0.0009212183962965449,-0.011307770852902847
0.01,0.017,0.0009,15,False,6,3,581.2591034821221,2.6800720073477374e-05,-0.14253766045161578,-0.004180968393172714,-0.011387966267054296
0.01,0.017,0.0009,15,True,6,7,1.8148183905922737,2.6977540959817844e-05,-0.01601397983225475,-1.7764995737213065e-05,0.0002991142403044752
0.01,0.017,0.0009,15,True,7,8,1.5848141958426114,2.701054596169541e-05,-0.004729714630170881,-0.013640680073997326,-9.353399564507382e-05
0.01,0.017,0.0009,15,True,0,1,0.9868866853481997,2.6948686770955267e-05,-0.027400789646163094,-0.0020304815533191663,-7.574309205101855e-05
0.01,0.017,0.0009,15,False,0,3,536.4324320943019,2.6800140113143765e-05,-0.14638909725825944,-0.0012185067983860234,0.01639542678676119
0.01,0.017,0.0009,15,False,0,6,515.0028232676846,2.680026041269781e-05,-0.15427577813850643,-0.002899658421060184,0.0160752553564475
0.01,0.017,0.0009,15,True,1,2,1.5723091754456804,2.7042236140614895e-05,0.006504398493425977,0.0004721807404446015,-6.681184705826229e-05
0.01,0.017,0.0009,15,False,3,0,275.16209862816027,2.6800133447786297e-05,-0.15285596803132032,0.0023859682797621956,-0.0023285699518629842
0.01,0.017,0.0009,15,True,3,4,1.2751407669240677,2.695975416921833e-05,-0.02294418152329981,0.003252093961942134,5.004939745203117e-06
0.01,0.017,0.0009,15,False,3,6,278.9948034210307,2.6800509490210354e-05,-0.15719790988809462,0.0002522732090070899,-0.0027289368010575926
0.01,0.017,0.0009,15,True,4,5,1.1519134907563966,2.70261648758038e-05,0.0011989937357095443,-0.0027722777494558646,-0.00012308957655921031
0.01,0.017,0.0009,15,False,6,0,578.4386294289693,2.6800317193802563e-05,-0.14438010975222632,-0.0009212183962965449,-0.011307770852902847
0.01,0.017,0.0009,15,False,6,3,581.2591034821221,2.6800720073477374e-05,-0.14253766045161578,-0.004180968393172714,-0.011387966267054296
0.01,0.017,0.0009,15,True,6,7,1.8148183905922737,2.6977540959817844e-05,-0.01601397983225475,-1.7764995737213065e-05,0.0002991142403044752
0.01,0.017,0.0009,15,True,7,8,1.5848141958426114,2.701054596169541e-05,-0.004729714630170881,-0.013640680073997326,-9.353399564507382e-05
0.01,0.017,0.0009,15,True,0,1,0.9868866853481997,2.6948686770955267e-05,-0.027400789646163094,-0.0020304815533191663,-7.574309205101855e-05
0.01,0.017,0.0009,15,False,0,3,536.4324320943019,2.6800140113143765e-05,-0.14638909725825944,-0.0012185067983860234,0.01639542678676119
0.01,0.017,0.0009,15,False,0,6,515.0028232676846,2.680026041269781e-05,-0.15427577813850643,-0.002899658421060184,0.0160752553564475
0.01,0.017,0.0009,15,True,1,2,1.5723091754456804,2.7042236140614895e-05,0.006504398493425977,0.0004721807404446015,-6.681184705826229e-05
0.01,0.017,0.0009,15,False,3,0,275.16209862816027,2.6800133447786297e-05,-0.15285596803132032,0.0023859682797621956,-0.0023285699518629842
0.01,0.017,0.0009,15,True,3,4,1.2751407669240677,2.695975416921833e-05,-0.02294418152329981,0.003252093961942134,5.004939745203117e-06
0.01,0.017,0.0009,15,False,3,6,278.9948034210307,2.6800509490210354e-05,-0.15719790988809462,0.0002522732090070899,-0.0027289368010575926
0.01,0.017,0.0009,15,True,4,5,1.1519134907563966,2.70261648758038e-05,0.0011989937357095443,-0.0027722777494558646,-0.00012308957655921031
0.01,0.017,0.0009,15,False,6,0,578.4386294289693,2.6800317193802563e-05,-0.14438010975222632,-0.0009212183962965449,-0.011307770852902847
0.01,0.017,0.0009,15,False,6,3,581.2591034821221,2.6800720073477374e-05,-0.14253766045161578,-0.004180968393172714,-0.011387966267054296
0.01,0.017,0.0009,15,True,6,7,1.8148183905922737,2.6977540959817844e-05,-0.01601397983225475,-1.7764995737213065e-05,0.0002991142403044752
0.01,0.017,0.0009,15,True,7,8,1.5848141958426114,2.701054596169541e-05,-0.004729714630170881,-0.013640680073997326,-9.353399564507382e-05
0.01,0.017,0.0009,15,True,0,1,0.9868866853481997,2.6948686770955267e-05,-0.027400789646163094,-0.0020304815533191663,-7.574309205101855e-05
0.01,0.017,0.0009,15,False,0,3,536.4324320943019,2.6800140113143765e-05,-0.14638909725825944,-0.0012185067983860234,0.01639542678676119
0.01,0.017,0.0009,15,False,0,6,515.0028232676846,2.680026041269781e-05,-0.15427577813850643,-0.002899658421060184,0.0160752553564475
0.01,0.017,0.0009,15,True,1,2,1.5723091754456804,2.7042236140614895e-05,0.006504398493425977,0.0004721807404446015,-6.681184705826229e-05
0.01,0.017,0.0009,15,False,3,0,275.16209862816027,2.6800133447786297e-05,-0.15285596803132032,0.0023859682797621956,-0.0023285699518629842
0.01,0.017,0.0009,15,True,3,4,1.2751407669240677,2.695975416921833e-05,-0.02294418152329981,0.003252093961942134,5.004939745203117e-06
0.01,0.017,0.0009,15,False,3,6,278.9948034210307,2.6800509490210354e-05,-0.15719790988809462,0.0002522732090070899,-0.0027289368010575926
0.01,0.017,0.0009,15,True,4,5,1.1519134907563966,2.70261648758038e-05,0.0011989937357095443,-0.0027722777494558646,-0.00012308957655921031
0.01,0.017,0.0009,15,False,6,0,578.4386294289693,2.6800317193802563e-05,-0.14438010975222632,-0.0009212183962965449,-0.011307770852902847
0.01,0.017,0.0009,15,False,6,3,581.2591034821221,2.6800720073477374e-05,-0.14253766045161578,-0.004180968393172714,-0.011387966267054296
0.01,0.017,0.0009,15,True,6,7,1.8148183905922737,2.6977540959817844e-05,-0.01601397983225475,-1.7764995737213065e-05,0.0002991142403044752
0.01,0.017,0.0009,15,True,7,8,1.5848141958426114,2.701054596169541e-05,-0.004729714630170881,-0.013640680073997326,-9.353399564507382e-05
0.01,0.017,0.0009,15,True,0,1,0.9868866853481997,2.6948686770955267e-05,-0.027400789646163094,-0.0020304815533191663,-7.574309205101855e-05
0.01,0.017,0.0009,15,False,0,3,536.4324320943019,2.6800140113143765e-05,-0.14638909725825944,-0.0012185067983860234,0.01639542678676119
0.01,0.017,0.0009,15,False,0,6,515.0028232676846,2.680026041269781e-05,-0.15427577813850643,-0.002899658421060184,0.0160752553564475
0.01,0.017,0.0009,15,True,1,2,1.5723091754456804,2.7042236140614895e-05,0.006504398493425977,0.0004721807404446015,-6.681184705826229e-05
0.01,0.017,0.0009,15,False,3,0,275.16209862816027,2.6800133447786297e-05,-0.15285596803132032,0.0023859682797621956,-0.0023285699518629842
0.01,0.017,0.0009,15,True,3,4,1.2751407669240677,2.695975416921833e-05,-0.02294418152329981,0.003252093961942134,5.004939745203117e-06
0.01,0.017,0.0009,15,False,3,6,278.9948034210307,2.6800509490210354e-05,-0.15719790988809462,0.0002522732090070899,-0.0027289368010575926
0.01,0.017,0.0009,15,True,4,5,1.1519134907563966,2.70261648758038e-05,0.0011989937357095443,-0.0027722777494558646,-0.00012308957655921031
0.01,0.017,0.0009,15,False,6,0,578.4386294289693,2.6800317193802563e-05,-0.14438010975222632,-0.0009212183962965449,-0.011307770852902847
0.01,0.017,0.0009,15,False,6,3,581.2591034821221,2.6800720073477374e-05,-0.14253766045161578,-0.004180968393172714,-0.011387966267054296
0.01,0.017,0.0009,15,True,6,7,1.8148183905922737,2.6977540959817844e-05,-0.01601397983225475,-1.7764995737213065e-05,0.0002991142403044752
0.01,0.017,0.0009,15,True,7,8,1.5848141958426114,2.701054596169541e-05,-0.004729714630170881,-0.013640680073997326,-9.353399564507382e-05
0.01,0.017,0.0009,15,True,0,1,0.9868866853481997,2.6948686770955267e-05,-0.027400789646163094,-0.0020304815533191663,-7.574309205101855e-05
0.01,0.017,0.0009,15,False,0,3,536.4324320943019,2.6800140113143765e-05,-0.14638909725825944,-0.0012185067983860234,0.01639542678676119
0.01,0.017,0.0009,15,False,0,6,515.0028232676846,2.680026041269781e-05,-0.15427577813850643,-0.002899658421060184,0.0160752553564475
0.01,0.017,0.0009,15,True,1,2,1.5723091754456804,2.7042236140614895e-05,0.006504398493425977,0.0004721807404446015,-6.681184705826229e-05
0.01,0.017,0.0009,15,False,3,0,275.16209862816027,2.6800133447786297e-05,-0.15285596803132032,0.0023859682797621956,-0.0023285699518629842
0.01,0.017,0.0009,15,True,3,4,1.2751407669240677,2.695975416921833e-05,-0.02294418152329981,0.003252093961942134,5.004939745203117e-06
0.01,0.017,0.0009,15,False,3,6,278.9948034210307,2.6800509490210354e-05,-0.15719790988809462,0.0002522732090070899,-0.0027289368010575926
0.01,0.017,0.0009,15,True,4,5,1.1519134907563966,2.70261648758038e-05,0.0011989937357095443,-0.0027722777494558646,-0.00012308957655921031
0.01,0.017,0.0009,15,False,6,0,578.4386294289693,2.6800317193802563e-05,-0.14438010975222632,-0.0009212183962965449,-0.011307770852902847
0.01,0.017,0.0009,15,False,6,3,581.2591034821221,2.6800720073477374e-05,-0.14253766045161578,-0.004180968393172714,-0.011387966267054296
0.01,0.017,0.0009,15,True,6,7,1.8148183905922737,2.6977540959817844e-05,-0.01601397983225475,-1.7764995737213065e-05,0.0002991142403044752
0.01,0.017,0.0009,15,True,7,8,1.5848141958426114,2.701054596169541e-05,-0.004729714630170881,-0.013640680073997326,-9.353399564507382e-05
0.01,0.017,0.0009,15,True,0,1,0.9868866853481997,2.6948686770955267e-05,-0.027400789646163094,-0.0020304815533191663,-7.574309205101855e-05
0.01,0.017,0.0009,15,False,0,3,536.4324320943019,2.6800140113143765e-05,-0.14638909725825944,-0.0012185067983860234,0.01639542678676119
0.01,0.017,0.0009,15,False,0,6,515.0028232676846,2.680026041269781e-05,-0.15427577813850643,-0.002899658421060184,0.0160752553564475
0.01,0.017,0.0009,15,True,1,2,1.5723091754456804,2.7042236140614895e-05,0.006504398493425977,0.0004721807404446015,-6.681184705826229e-05
0.01,0.017,0.0009,15,False,3,0,275.16209862816027,2.6800133447786297e-05,-0.15285596803132032,0.0023859682797621956,-0.0023285699518629842
0.01,0.017,0.0009,15,True,3,4,1.2751407669240677,2.695975416921833e-05,-0.02294418152329981,0.003252093961942134,5.004939745203117e-06
0.01,0.017,0.0009,15,False,3,6,278.9948034210307,2.6800509490210354e-05,-0.15719790988809462,0.0002522732090070899,-0.0027289368010575926
0.01,0.017,0.0009,15,True,4,5,1.1519134907563966,2.70261648758038e-05,0.0011989937357095443,-0.0027722777494558646,-0.00012308957655921031
0.01,0.017,0.0009,15,False,6,0,578.4386294289693,2.6800317193802563e-05,-0.14438010975222632,-0.0009212183962965449,-0.011307770852902847
0.01,0.017,0.0009,15,False,6,3,581.2591034821221,2.6800720073477374e-05,-0.14253766045161578,-0.004180968393172714,-0.011387966267054296
0.01,0.017,0.0009,15,True,6,7,1.8148183905922737,2.6977540959817844e-05,-0.01601397983225475,-1.7764995737213065e-05,0.0002991142403044752
0.01,0.017,0.0009,15,True,7,8,1.5848141958426114,2.701054596169541e-05,-0.004729714630170881,-0.013640680073997326,-9.353399564507382e-05
0.001,0.0017,0.017,15,True,0,1,1.1442438007419615,4.0324197969226386e-07,-0.019673613981187138,0.00030101450774364975,0.00013870530477038754
0.001,0.0017,0.017,15,False,0,3,1669.6085161213446,4.000001030796047e-07,-0.15000210004933118,0.0003480536654644956,-0.045387949209326046
0.001,0.0017,0.017,15,False,0,6,1678.1958083167567,4.000000660860805e-07,-0.14998026140617868,-0.00010225886994585388,-0.04578702914731725
0.001,0.0017,0.017,15,True,1,2,1.1195192184596592,4.043041882602333e-07,-0.00015686903850089002,-0.009854184644735316,-0.00015672824263512526
0.001,0.0017,0.017,15,False,3,0,335.460952804686,4.000001013229411e-07,-0.15004638686840113,0.0003296075140654986,-0.0046020406220668286
0.001,0.0017,0.017,15,True,3,4,1.431700202542092,4.0322260099070185e-07,-0.02006389693700089,4.9914451486234524e-05,0.000155947285275323
0.001,0.0017,0.017,15,False,3,6,353.5635780690553,4.0000006550715754e-07,-0.14983809487619767,9.721558972155017e-05,-0.004859924192756312
0.001,0.0017,0.017,15,True,4,5,0.9570777022283624,4.043285590444961e-07,0.0002510407823980876,-0.010115014489122831,-0.00011466524913941593
0.001,0.0017,0.017,15,False,6,0,390.82476220525376,4.000000694861116e-07,-0.1499175643997279,0.0001552085410453853,0.013842783045976872
0.001,0.0017,0.017,15,False,6,3,388.2044263758211,4.000000773356035e-07,-0.15032070520469168,-5.0259621754374305e-05,0.0139839793997213
0.001,0.0017,0.017,15,True,6,7,0.8512469539930694,4.0322241143742914e-07,-0.020067756220067026,0.00039504712628158685,8.040227015474232e-05
0.001,0.0017,0.017,15,True,7,8,1.1387369629236865,4.0429370336416065e-07,-0.0003362312449469319,-0.009793225171992772,0.0003378192459681825
0.001,0.0017,0.017,15,True,0,1,1.2398236471219553,4.032333206649488e-07,-0.01984780662881836,0.00016308705432141634,0.00012532189115945056
0.001,0.0017,0.017,15,False,0,3,1847.9732853057549,4.0000011007215255e-07,-0.15017565320574747,0.0003625725885765977,-0.04866104104559718
0.001,0.0017,0.017,15,False,0,6,1852.7701344256318,4.0000007280042393e-07,-0.15007747263107216,-0.000145031462259956,-0.04899624233424067
0.001,0.0017,0.017,15,True,1,2,1.241561571412084,4.042978045374899e-07,-0.00027028300560556605,-0.009879305782514836,-0.00020484767268171756
0.001,0.0017,0.017,15,False,3,0,346.69617836182846,4.000001012276143e-07,-0.15004716579519706,0.0003285742009456576,-0.004023943219268922
0.001,0.0017,0.017,15,True,3,4,1.4387897142732027,4.0321508777647595e-07,-0.02021535888431156,-3.11335705490756e-05,0.00025976158373390947
0.001,0.0017,0.017,15,False,3,6,366.63142669262277,4.000000721413441e-07,-0.1497685477844606,0.00013713244814007823,-0.004145545385304024
0.001,0.0017,0.017,15,True,4,5,0.907185730710538,4.0433353943109847e-07,0.0003384978165476981,-0.010107380499980046,-8.756005920083767e-05
0.001,0.0017,0.017,15,False,6,0,406.9725878556972,4.0000006934351963e-07,-0.15002179263555915,7.865831755068305e-05,0.015750632335777576
0.001,0.0017,0.017,15,False,6,3,402.45795476887105,4.00000085762005e-07,-0.15038267030692187,-7.883806505517665e-05,0.015964231458396188
0.001,0.0017,0.017,15,True,6,7,0.8964186768754661,4.032122236073708e-07,-0.020272939639574734,0.00017393306518914475,5.928977854839166e-05
0.001,0.0017,0.017,15,True,7,8,1.2067475247597477,4.0430181531897366e-07,-0.00018792179752665536,-0.009691606566314199,0.0002462768184687341
0.001,0.0017,0.017,15,True,0,1,1.2398236471219553,4.032333206649488e-07,-0.01984780662881836,0.00016308705432141634,0.00012532189115945056
0.001,0.0017,0.017,15,False,0,3,1847.9732853057549,4.0000011007215255e-07,-0.15017565320574747,0.0003625725885765977,-0.04866104104559718
0.001,0.0017,0.017,15,False,0,6,1852.7701344256318,4.0000007280042393e-07,-0.15007747263107216,-0.000145031462259956,-0.04899624233424067
0.001,0.0017,0.017,15,True,1,2,1.241561571412084,4.042978045374899e-07,-0.00027028300560556605,-0.009879305782514836,-0.00020484767268171756
0.001,0.0017,0.017,15,False,3,0,346.69617836182846,4.000001012276143e-07,-0.15004716579519706,0.0003285742009456576,-0.004023943219268922
0.001,0.0017,0.017,15,True,3,4,1.4387897142732027,4.0321508777647595e-07,-0.02021535888431156,-3.11335705490756e-05,0.00025976158373390947
0.001,0.0017,0.017,15,False,3,6,366.63142669262277,4.000000721413441e-07,-0.1497685477844606,0.00013713244814007823,-0.004145545385304024
0.001,0.0017,0.017,15,True,4,5,0.907185730710538,4.0433353943109847e-07,0.0003384978165476981,-0.010107380499980046,-8.756005920083767e-05
0.001,0.0017,0.017,15,False,6,0,406.9725878556972,4.0000006934351963e-07,-0.15002179263555915,7.865831755068305e-05,0.015750632335777576
0.001,0.0017,0.017,15,False,6,3,402.45795476887105,4.00000085762005e-07,-0.15038267030692187,-7.883806505517665e-05,0.015964231458396188
0.001,0.0017,0.017,15,True,6,7,0.8964186768754661,4.032122236073708e-07,-0.020272939639574734,0.00017393306518914475,5.928977854839166e-05
0.001,0.0017,0.017,15,True,7,8,1.2067475247597477,4.0430181531897366e-07,-0.00018792179752665536,-0.009691606566314199,0.0002462768184687341
0.001,0.0017,0.017,15,True,0,1,1.2398236471219553,4.032333206649488e-07,-0.01984780662881836,0.00016308705432141634,0.00012532189115945056
0.001,0.0017,0.017,15,False,0,3,1847.9732853057549,4.0000011007215255e-07,-0.15017565320574747,0.0003625725885765977,-0.04866104104559718
0.001,0.0017,0.017,15,False,0,6,1852.7701344256318,4.0000007280042393e-07,-0.15007747263107216,-0.000145031462259956,-0.04899624233424067
0.001,0.0017,0.017,15,True,1,2,1.241561571412084,4.042978045374899e-07,-0.00027028300560556605,-0.009879305782514836,-0.00020484767268171756
0.001,0.0017,0.017,15,False,3,0,346.69617836182846,4.000001012276143e-07,-0.15004716579519706,0.0003285742009456576,-0.004023943219268922
0.001,0.0017,0.017,15,True,3,4,1.4387897142732027,4.0321508777647595e-07,-0.02021535888431156,-3.11335705490756e-05,0.00025976158373390947
0.001,0.0017,0.017,15,False,3,6,366.63142669262277,4.000000721413441e-07,-0.1497685477844606,0.00013713244814007823,-0.004145545385304024
0.001,0.0017,0.017,15,True,4,5,0.907185730710538,4.0433353943109847e-07,0.0003384978165476981,-0.010107380499980046,-8.756005920083767e-05
0.001,0.0017,0.017,15,False,6,0,406.9725878556972,4.0000006934351963e-07,-0.15002179263555915,7.865831755068305e-05,0.015750632335777576
0.001,0.0017,0.017,15,False,6,3,402.45795476887105,4.00000085762005e-07,-0.15038267030692187,-7.883806505517665e-05,0.015964231458396188
0.001,0.0017,0.017,15,True,6,7,0.8964186768754661,4.032122236073708e-07,-0.020272939639574734,0.00017393306518914475,5.928977854839166e-05
0.001,0.0017,0.017,15,True,7,8,1.2067475247597477,4.0430181531897366e-07,-0.00018792179752665536,-0.009691606566314199,0.0002462768184687341
0.001,0.0017,0.017,15,True,0,1,1.2398236471219553,4.032333206649488e-07,-0.01984780662881836,0.00016308705432141634,0.00012532189115945056
0.001,0.0017,0.017,15,False,0,3,1847.9732853057549,4.0000011007215255e-07,-0.15017565320574747,0.0003625725885765977,-0.04866104104559718
0.001,0.0017,0.017,15,False,0,6,1852.7701344256318,4.0000007280042393e-07,-0.15007747263107216,-0.000145031462259956,-0.04899624233424067
0.001,0.0017,0.017,15,True,1,2,1.241561571412084,4.042978045374899e-07,-0.00027028300560556605,-0.009879305782514836,-0.00020484767268171756
0.001,0.0017,0.017,15,False,3,0,346.69617836182846,4.000001012276143e-07,-0.15004716579519706,0.0003285742009456576,-0.004023943219268922
0.001,0.0017,0.017,15,True,3,4,1.4387897142732027,4.0321508777647595e-07,-0.02021535888431156,-3.11335705490756e-05,0.00025976158373390947
0.001,0.0017,0.017,15,False,3,6,366.63142669262277,4.000000721413441e-07,-0.1497685477844606,0.00013713244814007823,-0.004145545385304024
0.001,0.0017,0.017,15,True,4,5,0.907185730710538,4.0433353943109847e-07,0.0003384978165476981,-0.010107380499980046,-8.756005920083767e-05
0.001,0.0017,0.017,15,False,6,0,406.9725878556972,4.0000006934351963e-07,-0.15002179263555915,7.865831755068305e-05,0.015750632335777576
0.001,0.0017,0.017,15,False,6,3,402.45795476887105,4.00000085762005e-07,-0.15038267030692187,-7.883806505517665e-05,0.015964231458396188
0.001,0.0017,0.017,15,True,6,7,0.8964186768754661,4.032122236073708e-07,-0.020272939639574734,0.00017393306518914475,5.928977854839166e-05
0.001,0.0017,0.017,15,True,7,8,1.2067475247597477,4.0430181531897366e-07,-0.00018792179752665536,-0.009691606566314199,0.0002462768184687341
0.001,0.0017,0.017,15,True,0,1,1.2398236471219553,4.032333206649488e-07,-0.01984780662881836,0.00016308705432141634,0.00012532189115945056
0.001,0.0017,0.017,15,False,0,3,1847.9732853057549,4.0000011007215255e-07,-0.15017565320574747,0.0003625725885765977,-0.04866104104559718
0.001,0.0017,0.017,15,False,0,6,1852.7701344256318,4.0000007280042393e-07,-0.15007747263107216,-0.000145031462259956,-0.04899624233424067
0.001,0.0017,0.017,15,True,1,2,1.241561571412084,4.042978045374899e-07,-0.00027028300560556605,-0.009879305782514836,-0.00020484767268171756
0.001,0.0017,0.017,15,False,3,0,346.69617836182846,4.000001012276143e-07,-0.15004716579519706,0.0003285742009456576,-0.004023943219268922
0.001,0.0017,0.017,15,True,3,4,1.4387897142732027,4.0321508777647595e-07,-0.02021535888431156,-3.11335705490756e-05,0.00025976158373390947
0.001,0.0017,0.017,15,False,3,6,366.63142669262277,4.000000721413441e-07,-0.1497685477844606,0.00013713244814007823,-0.004145545385304024
0.001,0.0017,0.017,15,True,4,5,0.907185730710538,4.0433353943109847e-07,0.0003384978165476981,-0.010107380499980046,-8.756005920083767e-05
0.001,0.0017,0.017,15,False,6,0,406.9725878556972,4.0000006934351963e-07,-0.15002179263555915,7.865831755068305e-05,0.015750632335777576
0.001,0.0017,0.017,15,False,6,3,402.45795476887105,4.00000085762005e-07,-0.15038267030692187,-7.883806505517665e-05,0.015964231458396188
0.001,0.0017,0.017,15,True,6,7,0.8964186768754661,4.032122236073708e-07,-0.020272939639574734,0.00017393306518914475,5.928977854839166e-05
0.001,0.0017,0.017,15,True,7,8,1.2067475247597477,4.0430181531897366e-07,-0.00018792179752665536,-0.009691606566314199,0.0002462768184687341
0.001,0.0017,0.017,15,True,0,1,1.2398236471219553,4.032333206649488e-07,-0.01984780662881836,0.00016308705432141634,0.00012532189115945056
0.001,0.0017,0.017,15,False,0,3,1847.9732853057549,4.0000011007215255e-07,-0.15017565320574747,0.0003625725885765977,-0.04866104104559718
0.001,0.0017,0.017,15,False,0,6,1852.7701344256318,4.0000007280042393e-07,-0.15007747263107216,-0.000145031462259956,-0.04899624233424067
0.001,0.0017,0.017,15,True,1,2,1.241561571412084,4.042978045374899e-07,-0.00027028300560556605,-0.009879305782514836,-0.00020484767268171756
0.001,0.0017,0.017,15,False,3,0,346.69617836182846,4.000001012276143e-07,-0.15004716579519706,0.0003285742009456576,-0.004023943219268922
0.001,0.0017,0.017,15,True,3,4,1.4387897142732027,4.0321508777647595e-07,-0.02021535888431156,-3.11335705490756e-05,0.00025976158373390947
0.001,0.0017,0.017,15,False,3,6,366.63142669262277,4.000000721413441e-07,-0.1497685477844606,0.00013713244814007823,-0.004145545385304024
0.001,0.0017,0.017,15,True,4,5,0.907185730710538,4.0433353943109847e-07,0.0003384978165476981,-0.010107380499980046,-8.756005920083767e-05
0.001,0.0017,0.017,15,False,6,0,406.9725878556972,4.0000006934351963e-07,-0.15002179263555915,7.865831755068305e-05,0.015750632335777576
0.001,0.0017,0.017,15,False,6,3,402.45795476887105,4.00000085762005e-07,-0.15038267030692187,-7.883806505517665e-05,0.015964231458396188
0.001,0.0017,0.017,15,True,6,7,0.8964186768754661,4.032122236073708e-07,-0.020272939639574734,0.00017393306518914475,5.928977854839166e-05
0.001,0.0017,0.017,15,True,7,8,1.2067475247597477,4.0430181531897366e-07,-0.00018792179752665536,-0.009691606566314199,0.0002462768184687341
0.001,0.0017,0.017,15,True,0,1,1.2398236471219553,4.032333206649488e-07,-0.01984780662881836,0.00016308705432141634,0.00012532189115945056
0.001,0.0017,0.017,15,False,0,3,1847.9732853057549,4.0000011007215255e-07,-0.15017565320574747,0.0003625725885765977,-0.04866104104559718
0.001,0.0017,0.017,15,False,0,6,1852.7701344256318,4.0000007280042393e-07,-0.15007747263107216,-0.000145031462259956,-0.04899624233424067
0.001,0.0017,0.017,15,True,1,2,1.241561571412084,4.042978045374899e-07,-0.00027028300560556605,-0.009879305782514836,-0.00020484767268171756
0.001,0.0017,0.017,15,False,3,0,346.69617836182846,4.000001012276143e-07,-0.15004716579519706,0.0003285742009456576,-0.004023943219268922
0.001,0.0017,0.017,15,True,3,4,1.4387897142732027,4.0321508777647595e-07,-0.02021535888431156,-3.11335705490756e-05,0.00025976158373390947
0.001,0.0017,0.017,15,False,3,6,366.63142669262277,4.000000721413441e-07,-0.1497685477844606,0.00013713244814007823,-0.004145545385304024
0.001,0.0017,0.017,15,True,4,5,0.907185730710538,4.0433353943109847e-07,0.0003384978165476981,-0.010107380499980046,-8.756005920083767e-05
0.001,0.0017,0.017,15,False,6,0,406.9725878556972,4.0000006934351963e-07,-0.15002179263555915,7.865831755068305e-05,0.015750632335777576
0.001,0.0017,0.017,15,False,6,3,402.45795476887105,4.00000085762005e-07,-0.15038267030692187,-7.883806505517665e-05,0.015964231458396188
0.001,0.0017,0.017,15,True,6,7,0.8964186768754661,4.032122236073708e-07,-0.020272939639574734,0.00017393306518914475,5.928977854839166e-05
0.001,0.0017,0.017,15,True,7,8,1.2067475247597477,4.0430181531897366e-07,-0.00018792179752665536,-0.009691606566314199,0.0002462768184687341
0.001,0.0017,0.017,15,True,0,1,1.2398236471219553,4.032333206649488e-07,-0.01984780662881836,0.00016308705432141634,0.00012532189115945056
0.001,0.0017,0.017,15,False,0,3,1847.9732853057549,4.0000011007215255e-07,-0.15017565320574747,0.0003625725885765977,-0.04866104104559718
0.001,0.0017,0.017,15,False,0,6,1852.7701344256318,4.0000007280042393e-07,-0.15007747263107216,-0.000145031462259956,-0.04899624233424067
0.001,0.0017,0.017,15,True,1,2,1.241561571412084,4.042978045374899e-07,-0.00027028300560556605,-0.009879305782514836,-0.00020484767268171756
0.001,0.0017,0.017,15,False,3,0,346.69617836182846,4.000001012276143e-07,-0.15004716579519706,0.0003285742009456576,-0.004023943219268922
0.001,0.0017,0.017,15,True,3,4,1.4387897142732027,4.0321508777647595e-07,-0.02021535888431156,-3.11335705490756e-05,0.00025976158373390947
0.001,0.0017,0.017,15,False,3,6,366.63142669262277,4.000000721413441e-07,-0.1497685477844606,0.00013713244814007823,-0.004145545385304024
0.001,0.0017,0.017,15,True,4,5,0.907185730710538,4.0433353943109847e-07,0.0003384978165476981,-0.010107380499980046,-8.756005920083767e-05
0.001,0.0017,0.017,15,False,6,0,406.9725878556972,4.0000006934351963e-07,-0.15002179263555915,7.865831755068305e-05,0.015750632335777576
0.001,0.0017,0.017,15,False,6,3,402.45795476887105,4.00000085762005e-07,-0.15038267030692187,-7.883806505517665e-05,0.015964231458396188
0.001,0.0017,0.017,15,True,6,7,0.8964186768754661,4.032122236073708e-07,-0.020272939639574734,0.00017393306518914475,5.928977854839166e-05
0.001,0.0017,0.017,15,True,7,8,1.2067475247597477,4.0430181531897366e-07,-0.00018792179752665536,-0.009691606566314199,0.0002462768184687341
0.001,0.0017,0.017,15,True,0,1,1.2398236471219553,4.032333206649488e-07,-0.01984780662881836,0.00016308705432141634,0.00012532189115945056
0.001,0.0017,0.017,15,False,0,3,1847.9732853057549,4.0000011007215255e-07,-0.15017565320574747,0.0003625725885765977,-0.04866104104559718
0.001,0.0017,0.017,15,False,0,6,1852.7701344256318,4.0000007280042393e-07,-0.15007747263107216,-0.000145031462259956,-0.04899624233424067
0.001,0.0017,0.017,15,True,1,2,1.241561571412084,4.042978045374899e-07,-0.00027028300560556605,-0.009879305782514836,-0.00020484767268171756
0.001,0.0017,0.017,15,False,3,0,346.69617836182846,4.000001012276143e-07,-0.15004716579519706,0.0003285742009456576,-0.004023943219268922
0.001,0.0017,0.017,15,True,3,4,1.4387897142732027,4.0321508777647595e-07,-0.02021535888431156,-3.11335705490756e-05,0.00025976158373390947
0.001,0.0017,0.017,15,False,3,6,366.63142669262277,4.000000721413441e-07,-0.1497685477844606,0.00013713244814007823,-0.004145545385304024
0.001,0.0017,0.017,15,True,4,5,0.907185730710538,4.0433353943109847e-07,0.0003384978165476981,-0.010107380499980046,-8.756005920083767e-05
0.001,0.0017,0.017,15,False,6,0,406.9725878556972,4.0000006934351963e-07,-0.15002179263555915,7.865831755068305e-05,0.015750632335777576
0.001,0.0017,0.017,15,False,6,3,402.45795476887105,4.00000085762005e-07,-0.15038267030692187,-7.883806505517665e-05,0.015964231458396188
0.001,0.0017,0.017,15,True,6,7,0.8964186768754661,4.032122236073708e-07,-0.020272939639574734,0.00017393306518914475,5.928977854839166e-05
0.001,0.0017,0.017,15,True,7,8,1.2067475247597477,4.0430181531897366e-07,-0.00018792179752665536,-0.009691606566314199,0.0002462768184687341
0.001,0.0017,0.017,15,True,0,1,1.2398236471219553,4.032333206649488e-07,-0.01984780662881836,0.00016308705432141634,0.00012532189115945056
0.001,0.0017,0.017,15,False,0,3,1847.9732853057549,4.0000011007215255e-07,-0.15017565320574747,0.0003625725885765977,-0.04866104104559718
0.001,0.0017,0.017,15,False,0,6,1852.7701344256318,4.0000007280042393e-07,-0.15007747263107216,-0.000145031462259956,-0.04899624233424067
0.001,0.0017,0.017,15,True,1,2,1.241561571412084,4.042978045374899e-07,-0.00027028300560556605,-0.009879305782514836,-0.00020484767268171756
0.001,0.0017,0.017,15,False,3,0,346.69617836182846,4.000001012276143e-07,-0.15004716579519706,0.0003285742009456576,-0.004023943219268922
0.001,0.0017,0.017,15,True,3,4,1.4387897142732027,4.0321508777647595e-07,-0.02021535888431156,-3.11335705490756e-05,0.00025976158373390947
0.001,0.0017,0.017,15,False,3,6,366.63142669262277,4.000000721413441e-07,-0.1497685477844606,0.00013713244814007823,-0.004145545385304024
0.001,0.0017,0.017,15,True,4,5,0.907185730710538,4.0433353943109847e-07,0.0003384978165476981,-0.010107380499980046,-8.756005920083767e-05
0.001,0.0017,0.017,15,False,6,0,406.9725878556972,4.0000006934351963e-07,-0.15002179263555915,7.865831755068305e-05,0.015750632335777576
0.001,0.0017,0.017,15,False,6,3,402.45795476887105,4.00000085762005e-07,-0.15038267030692187,-7.883806505517665e-05,0.015964231458396188
0.001,0.0017,0.017,15,True,6,7,0.8964186768754661,4.032122236073708e-07,-0.020272939639574734,0.00017393306518914475,5.928977854839166e-05
0.001,0.0017,0.017,15,True,7,8,1.2067475247597477,4.0430181531897366e-07,-0.00018792179752665536,-0.009691606566314199,0.0002462768184687341
0.001,0.0017,0.017,15,True,0,1,1.2398236471219553,4.032333206649488e-07,-0.01984780662881836,0.00016308705432141634,0.00012532189115945056
0.001,0.0017,0.017,15,False,0,3,1847.9732853057549,4.0000011007215255e-07,-0.15017565320574747,0.0003625725885765977,-0.04866104104559718
0.001,0.0017,0.017,15,False,0,6,1852.7701344256318,4.0000007280042393e-07,-0.15007747263107216,-0.000145031462259956,-0.04899624233424067
0.001,0.0017,0.017,15,True,1,2,1.241561571412084,4.042978045374899e-07,-0.00027028300560556605,-0.009879305782514836,-0.00020484767268171756
0.001,0.0017,0.017,15,False,3,0,346.69617836182846,4.000001012276143e-07,-0.15004716579519706,0.0003285742009456576,-0.004023943219268922
0.001,0.0017,0.017,15,True,3,4,1.4387897142732027,4.0321508777647595e-07,-0.02021535888431156,-3.11335705490756e-05,0.00025976158373390947
0.001,0.0017,0.017,15,False,3,6,366.63142669262277,4.000000721413441e-07,-0.1497685477844606,0.00013713244814007823,-0.004145545385304024
0.001,0.0017,0.017,15,True,4,5,0.907185730710538,4.0433353943109847e-07,0.0003384978165476981,-0.010107380499980046,-8.756005920083767e-05
0.001,0.0017,0.017,15,False,6,0,406.9725878556972,4.0000006934351963e-07,-0.15002179263555915,7.865831755068305e-05,0.015750632335777576
0.001,0.0017,0.017,15,False,6,3,402.45795476887105,4.00000085762005e-07,-0.15038267030692187,-7.883806505517665e-05,0.015964231458396188
0.001,0.0017,0.017,15,True,6,7,0.8964186768754661,4.032122236073708e-07,-0.020272939639574734,0.00017393306518914475,5.928977854839166e-05
0.001,0.0017,0.017,15,True,7,8,1.2067475247597477,4.0430181531897366e-07,-0.00018792179752665536,-0.009691606566314199,0.0002462768184687341
0.001,0.0017,0.009,15,True,0,1,1.2297481112780266,4.031823014027149e-07,-0.019618750794790713,0.0002953497964715595,-0.0002629894291439267
0.001,0.0017,0.009,15,False,0,3,4320.950913290473,4.000001857538597e-07,-0.14946956260860209,0.00037659802947943806,-0.014867848185321192
0.001,0.0017,0.009,15,False,0,6,4266.193840594017,4.000001497717644e-07,-0.14950189879479042,0.000340653766893732,-0.01469076364832341
0.001,0.0017,0.009,15,True,1,2,0.9242584212293086,4.0426531061902855e-07,0.0006089521108908671,-0.010094976797707768,0.000262262430390459
0.001,0.0017,0.009,15,False,3,0,2849.027357059183,4.0000017423674675e-07,-0.15038215762835588,-0.00045604105477402664,0.06811792719250653
0.001,0.0017,0.009,15,True,3,4,1.6794406621268647,4.0316193415057873e-07,-0.020037524899410384,-0.0006069536662042711,0.0006265856088512387
0.001,0.0017,0.009,15,False,3,6,2846.3858844017395,4.000000767514445e-07,-0.1503461682226512,-0.00013275003083977906,0.06894162817647298
0.001,0.0017,0.009,15,True,4,5,1.278329676313026,4.042211913043848e-07,-0.0001860217997854065,-0.010240578075236545,0.0005357158787471389
0.001,0.0017,0.009,15,False,6,0,1224.1808232486635,4.000002113944307e-07,-0.15009422072163867,-0.0008516891418380376,0.04268189822911885
0.001,0.0017,0.009,15,False,6,3,1238.3189022151932,4.000001308621177e-07,-0.1494426881946669,-0.00038967223276377807,0.043328514818391346
0.001,0.0017,0.009,15,True,6,7,1.0625480963954685,4.0317990794421454e-07,-0.019667309829486845,-0.0003503557366506226,-7.783393740423479e-05
0.001,0.0017,0.009,15,True,7,8,1.149408414555563,4.0424253770241066e-07,0.0002236260237474836,-0.009804453499602976,-0.00011773744433428219
0.001,0.0017,0.009,15,True,0,1,1.2876252774708987,4.031839835070255e-07,-0.019584134026627315,-0.00010076599315724029,-0.0002732449251797113
0.001,0.0017,0.009,15,False,0,3,3733.0961629950543,4.0000013817092167e-07,-0.14953485210183712,2.269731836412271e-05,-0.033454487185013274
0.001,0.0017,0.009,15,False,0,6,3675.1539776143272,4.0000012735243476e-07,-0.14961430811510884,2.636999399665882e-05,-0.03360568120056508
0.001,0.0017,0.009,15,True,1,2,1.0381711274301477,4.0426023350435554e-07,0.0005324468404252213,-0.00989117642307765,0.0004941917429805146
0.001,0.0017,0.009,15,False,3,0,3119.155796429749,4.0000011869659565e-07,-0.1501393624513805,-0.00028371474899924366,0.057415769281175255
0.001,0.0017,0.009,15,True,3,4,1.6988113282533008,4.031706561738357e-07,-0.01985873408723761,-0.0006864767912814119,0.0009509295139372327
0.001,0.0017,0.009,15,False,3,6,3126.2424075107347,4.000000792713699e-07,-0.15034005536234674,-0.00018625909305821611,0.05806923793802657
0.001,0.0017,0.009,15,True,4,5,1.1315877281822309,4.0420887778207695e-07,-0.0004086199633250204,-0.010284296170808688,0.00041839970313368324
0.001,0.0017,0.009,15,False,6,0,1697.294875159952,4.0000020903987365e-07,-0.1502099326016176,-0.0007720056273413569,0.05483374537922029
0.001,0.0017,0.009,15,False,6,3,1715.984174987255,4.000000804753056e-07,-0.1496753257595583,-0.00022835825101882558,0.05563840805152601
0.001,0.0017,0.009,15,True,6,7,0.9632710636101266,4.031672059896548e-07,-0.019928116716376218,-0.0003046491637117553,0.00017407438905303892
0.001,0.0017,0.009,15,True,7,8,1.0464798633840597,4.042372499958185e-07,0.00013816489787390093,-0.00967400815186246,-0.00017830649887499902
0.001,0.0017,0.009,15,True,0,1,1.2876252774708987,4.031839835070255e-07,-0.019584134026627315,-0.00010076599315724029,-0.0002732449251797113
0.001,0.0017,0.009,15,False,0,3,3733.0961629950543,4.0000013817092167e-07,-0.14953485210183712,2.269731836412271e-05,-0.033454487185013274
0.001,0.0017,0.009,15,False,0,6,3675.1539776143272,4.0000012735243476e-07,-0.14961430811510884,2.636999399665882e-05,-0.03360568120056508
0.001,0.0017,0.009,15,True,1,2,1.0381711274301477,4.0426023350435554e-07,0.0005324468404252213,-0.00989117642307765,0.0004941917429805146
0.001,0.0017,0.009,15,False,3,0,3119.155796429749,4.0000011869659565e-07,-0.1501393624513805,-0.00028371474899924366,0.057415769281175255
0.001,0.0017,0.009,15,True,3,4,1.6988113282533008,4.031706561738357e-07,-0.01985873408723761,-0.0006864767912814119,0.0009509295139372327
0.001,0.0017,0.009,15,False,3,6,3126.2424075107347,4.000000792713699e-07,-0.15034005536234674,-0.00018625909305821611,0.05806923793802657
0.001,0.0017,0.009,15,True,4,5,1.1315877281822309,4.0420887778207695e-07,-0.0004086199633250204,-0.010284296170808688,0.00041839970313368324
0.001,0.0017,0.009,15,False,6,0,1697.294875159952,4.0000020903987365e-07,-0.1502099326016176,-0.0007720056273413569,0.05483374537922029
0.001,0.0017,0.009,15,False,6,3,1715.984174987255,4.000000804753056e-07,-0.1496753257595583,-0.00022835825101882558,0.05563840805152601
0.001,0.0017,0.009,15,True,6,7,0.9632710636101266,4.031672059896548e-07,-0.019928116716376218,-0.0003046491637117553,0.00017407438905303892
0.001,0.0017,0.009,15,True,7,8,1.0464798633840597,4.042372499958185e-07,0.00013816489787390093,-0.00967400815186246,-0.00017830649887499902
0.001,0.0017,0.009,15,True,0,1,1.2876252774708987,4.031839835070255e-07,-0.019584134026627315,-0.00010076599315724029,-0.0002732449251797113
0.001,0.0017,0.009,15,False,0,3,3733.0961629950543,4.0000013817092167e-07,-0.14953485210183712,2.269731836412271e-05,-0.033454487185013274
0.001,0.0017,0.009,15,False,0,6,3675.1539776143272,4.0000012735243476e-07,-0.14961430811510884,2.636999399665882e-05,-0.03360568120056508
0.001,0.0017,0.009,15,True,1,2,1.0381711274301477,4.0426023350435554e-07,0.0005324468404252213,-0.00989117642307765,0.0004941917429805146
0.001,0.0017,0.009,15,False,3,0,3119.155796429749,4.0000011869659565e-07,-0.1501393624513805,-0.00028371474899924366,0.057415769281175255
0.001,0.0017,0.009,15,True,3,4,1.6988113282533008,4.031706561738357e-07,-0.01985873408723761,-0.0006864767912814119,0.0009509295139372327
0.001,0.0017,0.009,15,False,3,6,3126.2424075107347,4.000000792713699e-07,-0.15034005536234674,-0.00018625909305821611,0.05806923793802657
0.001,0.0017,0.009,15,True,4,5,1.1315877281822309,4.0420887778207695e-07,-0.0004086199633250204,-0.010284296170808688,0.00041839970313368324
0.001,0.0017,0.009,15,False,6,0,1697.294875159952,4.0000020903987365e-07,-0.1502099326016176,-0.0007720056273413569,0.05483374537922029
0.001,0.0017,0.009,15,False,6,3,1715.984174987255,4.000000804753056e-07,-0.1496753257595583,-0.00022835825101882558,0.05563840805152601
0.001,0.0017,0.009,15,True,6,7,0.9632710636101266,4.031672059896548e-07,-0.019928116716376218,-0.0003046491637117553,0.00017407438905303892
0.001,0.0017,0.009,15,True,7,8,1.0464798633840597,4.042372499958185e-07,0.00013816489787390093,-0.00967400815186246,-0.00017830649887499902
0.001,0.0017,0.009,15,True,0,1,1.2876252774708987,4.031839835070255e-07,-0.019584134026627315,-0.00010076599315724029,-0.0002732449251797113
0.001,0.0017,0.009,15,False,0,3,3733.0961629950543,4.0000013817092167e-07,-0.14953485210183712,2.269731836412271e-05,-0.033454487185013274
0.001,0.0017,0.009,15,False,0,6,3675.1539776143272,4.0000012735243476e-07,-0.14961430811510884,2.636999399665882e-05,-0.03360568120056508
0.001,0.0017,0.009,15,True,1,2,1.0381711274301477,4.0426023350435554e-07,0.0005324468404252213,-0.00989117642307765,0.0004941917429805146
0.001,0.0017,0.009,15,False,3,0,3119.155796429749,4.0000011869659565e-07,-0.1501393624513805,-0.00028371474899924366,0.057415769281175255
0.001,0.0017,0.009,15,True,3,4,1.6988113282533008,4.031706561738357e-07,-0.01985873408723761,-0.0006864767912814119,0.0009509295139372327
0.001,0.0017,0.009,15,False,3,6,3126.2424075107347,4.000000792713699e-07,-0.15034005536234674,-0.00018625909305821611,0.05806923793802657
0.001,0.0017,0.009,15,True,4,5,1.1315877281822309,4.0420887778207695e-07,-0.0004086199633250204,-0.010284296170808688,0.00041839970313368324
0.001,0.0017,0.009,15,False,6,0,1697.294875159952,4.0000020903987365e-07,-0.1502099326016176,-0.0007720056273413569,0.05483374537922029
0.001,0.0017,0.009,15,False,6,3,1715.984174987255,4.000000804753056e-07,-0.1496753257595583,-0.00022835825101882558,0.05563840805152601
0.001,0.0017,0.009,15,True,6,7,0.9632710636101266,4.031672059896548e-07,-0.019928116716376218,-0.0003046491637117553,0.00017407438905303892
0.001,0.0017,0.009,15,True,7,8,1.0464798633840597,4.042372499958185e-07,0.00013816489787390093,-0.00967400815186246,-0.00017830649887499902
0.001,0.0017,0.009,15,True,0,1,1.2876252774708987,4.031839835070255e-07,-0.019584134026627315,-0.00010076599315724029,-0.0002732449251797113
0.001,0.0017,0.009,15,False,0,3,3733.0961629950543,4.0000013817092167e-07,-0.14953485210183712,2.269731836412271e-05,-0.033454487185013274
0.001,0.0017,0.009,15,False,0,6,3675.1539776143272,4.0000012735243476e-07,-0.14961430811510884,2.636999399665882e-05,-0.03360568120056508
0.001,0.0017,0.009,15,True,1,2,1.0381711274301477,4.0426023350435554e-07,0.0005324468404252213,-0.00989117642307765,0.0004941917429805146
0.001,0.0017,0.009,15,False,3,0,3119.155796429749,4.0000011869659565e-07,-0.1501393624513805,-0.00028371474899924366,0.057415769281175255
0.001,0.0017,0.009,15,True,3,4,1.6988113282533008,4.031706561738357e-07,-0.01985873408723761,-0.0006864767912814119,0.0009509295139372327
0.001,0.0017,0.009,15,False,3,6,3126.2424075107347,4.000000792713699e-07,-0.15034005536234674,-0.00018625909305821611,0.05806923793802657
0.001,0.0017,0.009,15,True,4,5,1.1315877281822309,4.0420887778207695e-07,-0.0004086199633250204,-0.010284296170808688,0.00041839970313368324
0.001,0.0017,0.009,15,False,6,0,1697.294875159952,4.0000020903987365e-07,-0.1502099326016176,-0.0007720056273413569,0.05483374537922029
0.001,0.0017,0.009,15,False,6,3,1715.984174987255,4.000000804753056e-07,-0.1496753257595583,-0.00022835825101882558,0.05563840805152601
0.001,0.0017,0.009,15,True,6,7,0.9632710636101266,4.031672059896548e-07,-0.019928116716376218,-0.0003046491637117553,0.00017407438905303892
0.001,0.0017,0.009,15,True,7,8,1.0464798633840597,4.042372499958185e-07,0.00013816489787390093,-0.00967400815186246,-0.00017830649887499902
0.001,0.0017,0.009,15,True,0,1,1.2876252774708987,4.031839835070255e-07,-0.019584134026627315,-0.00010076599315724029,-0.0002732449251797113
0.001,0.0017,0.009,15,False,0,3,3733.0961629950543,4.0000013817092167e-07,-0.14953485210183712,2.269731836412271e-05,-0.033454487185013274
0.001,0.0017,0.009,15,False,0,6,3675.1539776143272,4.0000012735243476e-07,-0.14961430811510884,2.636999399665882e-05,-0.03360568120056508
0.001,0.0017,0.009,15,True,1,2,1.0381711274301477,4.0426023350435554e-07,0.0005324468404252213,-0.00989117642307765,0.0004941917429805146
0.001,0.0017,0.009,15,False,3,0,3119.155796429749,4.0000011869659565e-07,-0.1501393624513805,-0.00028371474899924366,0.057415769281175255
0.001,0.0017,0.009,15,True,3,4,1.6988113282533008,4.031706561738357e-07,-0.01985873408723761,-0.0006864767912814119,0.0009509295139372327
0.001,0.0017,0.009,15,False,3,6,3126.2424075107347,4.000000792713699e-07,-0.15034005536234674,-0.00018625909305821611,0.05806923793802657
0.001,0.0017,0.009,15,True,4,5,1.1315877281822309,4.0420887778207695e-07,-0.0004086199633250204,-0.010284296170808688,0.00041839970313368324
0.001,0.0017,0.009,15,False,6,0,1697.294875159952,4.0000020903987365e-07,-0.1502099326016176,-0.0007720056273413569,0.05483374537922029
0.001,0.0017,0.009,15,False,6,3,1715.984174987255,4.000000804753056e-07,-0.1496753257595583,-0.00022835825101882558,0.05563840805152601
0.001,0.0017,0.009,15,True,6,7,0.9632710636101266,4.031672059896548e-07,-0.019928116716376218,-0.0003046491637117553,0.00017407438905303892
0.001,0.0017,0.009,15,True,7,8,1.0464798633840597,4.042372499958185e-07,0.00013816489787390093,-0.00967400815186246,-0.00017830649887499902
0.001,0.0017,0.009,15,True,0,1,1.2876252774708987,4.031839835070255e-07,-0.019584134026627315,-0.00010076599315724029,-0.0002732449251797113
0.001,0.0017,0.009,15,False,0,3,3733.0961629950543,4.0000013817092167e-07,-0.14953485210183712,2.269731836412271e-05,-0.033454487185013274
0.001,0.0017,0.009,15,False,0,6,3675.1539776143272,4.0000012735243476e-07,-0.14961430811510884,2.636999399665882e-05,-0.03360568120056508
0.001,0.0017,0.009,15,True,1,2,1.0381711274301477,4.0426023350435554e-07,0.0005324468404252213,-0.00989117642307765,0.0004941917429805146
0.001,0.0017,0.009,15,False,3,0,3119.155796429749,4.0000011869659565e-07,-0.1501393624513805,-0.00028371474899924366,0.057415769281175255
0.001,0.0017,0.009,15,True,3,4,1.6988113282533008,4.031706561738357e-07,-0.01985873408723761,-0.0006864767912814119,0.0009509295139372327
0.001,0.0017,0.009,15,False,3,6,3126.2424075107347,4.000000792713699e-07,-0.15034005536234674,-0.00018625909305821611,0.05806923793802657
0.001,0.0017,0.009,15,True,4,5,1.1315877281822309,4.0420887778207695e-07,-0.0004086199633250204,-0.010284296170808688,0.00041839970313368324
0.001,0.0017,0.009,15,False,6,0,1697.294875159952,4.0000020903987365e-07,-0.1502099326016176,-0.0007720056273413569,0.05483374537922029
0.001,0.0017,0.009,15,False,6,3,1715.984174987255,4.000000804753056e-07,-0.1496753257595583,-0.00022835825101882558,0.05563840805152601
0.001,0.0017,0.009,15,True,6,7,0.9632710636101266,4.031672059896548e-07,-0.019928116716376218,-0.0003046491637117553,0.00017407438905303892
0.001,0.0017,0.009,15,True,7,8,1.0464798633840597,4.042372499958185e-07,0.00013816489787390093,-0.00967400815186246,-0.00017830649887499902
0.001,0.0017,0.009,15,True,0,1,1.2876252774708987,4.031839835070255e-07,-0.019584134026627315,-0.00010076599315724029,-0.0002732449251797113
0.001,0.0017,0.009,15,False,0,3,3733.0961629950543,4.0000013817092167e-07,-0.14953485210183712,2.269731836412271e-05,-0.033454487185013274
0.001,0.0017,0.009,15,False,0,6,3675.1539776143272,4.0000012735243476e-07,-0.14961430811510884,2.636999399665882e-05,-0.03360568120056508
0.001,0.0017,0.009,15,True,1,2,1.0381711274301477,4.0426023350435554e-07,0.0005324468404252213,-0.00989117642307765,0.0004941917429805146
0.001,0.0017,0.009,15,False,3,0,3119.155796429749,4.0000011869659565e-07,-0.1501393624513805,-0.00028371474899924366,0.057415769281175255
0.001,0.0017,0.009,15,True,3,4,1.6988113282533008,4.031706561738357e-07,-0.01985873408723761,-0.0006864767912814119,0.0009509295139372327
0.001,0.0017,0.009,15,False,3,6,3126.2424075107347,4.000000792713699e-07,-0.15034005536234674,-0.00018625909305821611,0.05806923793802657
0.001,0.0017,0.009,15,True,4,5,1.1315877281822309,4.0420887778207695e-07,-0.0004086199633250204,-0.010284296170808688,0.00041839970313368324
0.001,0.0017,0.009,15,False,6,0,1697.294875159952,4.0000020903987365e-07,-0.1502099326016176,-0.0007720056273413569,0.05483374537922029
0.001,0.0017,0.009,15,False,6,3,1715.984174987255,4.000000804753056e-07,-0.1496753257595583,-0.00022835825101882558,0.05563840805152601
0.001,0.0017,0.009,15,True,6,7,0.9632710636101266,4.031672059896548e-07,-0.019928116716376218,-0.0003046491637117553,0.00017407438905303892
0.001,0.0017,0.009,15,True,7,8,1.0464798633840597,4.042372499958185e-07,0.00013816489787390093,-0.00967400815186246,-0.00017830649887499902
0.001,0.0017,0.009,15,True,0,1,1.2876252774708987,4.031839835070255e-07,-0.019584134026627315,-0.00010076599315724029,-0.0002732449251797113
0.001,0.0017,0.009,15,False,0,3,3733.0961629950543,4.0000013817092167e-07,-0.14953485210183712,2.269731836412271e-05,-0.033454487185013274
0.001,0.0017,0.009,15,False,0,6,3675.1539776143272,4.0000012735243476e-07,-0.14961430811510884,2.636999399665882e-05,-0.03360568120056508
0.001,0.0017,0.009,15,True,1,2,1.0381711274301477,4.0426023350435554e-07,0.0005324468404252213,-0.00989117642307765,0.0004941917429805146
0.001,0.0017,0.009,15,False,3,0,3119.155796429749,4.0000011869659565e-07,-0.1501393624513805,-0.00028371474899924366,0.057415769281175255
0.001,0.0017,0.009,15,True,3,4,1.6988113282533008,4.031706561738357e-07,-0.01985873408723761,-0.0006864767912814119,0.0009509295139372327
0.001,0.0017,0.009,15,False,3,6,3126.2424075107347,4.000000792713699e-07,-0.15034005536234674,-0.00018625909305821611,0.05806923793802657
0.001,0.0017,0.009,15,True,4,5,1.1315877281822309,4.0420887778207695e-07,-0.0004086199633250204,-0.010284296170808688,0.00041839970313368324
0.001,0.0017,0.009,15,False,6,0,1697.294875159952,4.0000020903987365e-07,-0.1502099326016176,-0.0007720056273413569,0.05483374537922029
0.001,0.0017,0.009,15,False,6,3,1715.984174987255,4.000000804753056e-07,-0.1496753257595583,-0.00022835825101882558,0.05563840805152601
0.001,0.0017,0.009,15,True,6,7,0.9632710636101266,4.031672059896548e-07,-0.019928116716376218,-0.0003046491637117553,0.00017407438905303892
0.001,0.0017,0.009,15,True,7,8,1.0464798633840597,4.042372499958185e-07,0.00013816489787390093,-0.00967400815186246,-0.00017830649887499902
0.001,0.0017,0.009,15,True,0,1,1.2876252774708987,4.031839835070255e-07,-0.019584134026627315,-0.00010076599315724029,-0.0002732449251797113
0.001,0.0017,0.009,15,False,0,3,3733.0961629950543,4.0000013817092167e-07,-0.14953485210183712,2.269731836412271e-05,-0.033454487185013274
0.001,0.0017,0.009,15,False,0,6,3675.1539776143272,4.0000012735243476e-07,-0.14961430811510884,2.636999399665882e-05,-0.03360568120056508
0.001,0.0017,0.009,15,True,1,2,1.0381711274301477,4.0426023350435554e-07,0.0005324468404252213,-0.00989117642307765,0.0004941917429805146
0.001,0.0017,0.009,15,False,3,0,3119.155796429749,4.0000011869659565e-07,-0.1501393624513805,-0.00028371474899924366,0.057415769281175255
0.001,0.0017,0.009,15,True,3,4,1.6988113282533008,4.031706561738357e-07,-0.01985873408723761,-0.0006864767912814119,0.0009509295139372327
0.001,0.0017,0.009,15,False,3,6,3126.2424075107347,4.000000792713699e-07,-0.15034005536234674,-0.00018625909305821611,0.05806923793802657
0.001,0.0017,0.009,15,True,4,5,1.1315877281822309,4.0420887778207695e-07,-0.0004086199633250204,-0.010284296170808688,0.00041839970313368324
0.001,0.0017,0.009,15,False,6,0,1697.294875159952,4.0000020903987365e-07,-0.1502099326016176,-0.0007720056273413569,0.05483374537922029
0.001,0.0017,0.009,15,False,6,3,1715.984174987255,4.000000804753056e-07,-0.1496753257595583,-0.00022835825101882558,0.05563840805152601
0.001,0.0017,0.009,15,True,6,7,0.9632710636101266,4.031672059896548e-07,-0.019928116716376218,-0.0003046491637117553,0.00017407438905303892
0.001,0.0017,0.009,15,True,7,8,1.0464798633840597,4.042372499958185e-07,0.00013816489787390093,-0.00967400815186246,-0.00017830649887499902
0.001,0.0017,0.0009,15,True,0,1,2.1673283521920372,4.028191921566523e-07,-0.02002514945857084,-0.00019620307202003234,0.0013500912771354223
0.001,0.0017,0.0009,15,False,0,3,22018.729709724958,4.000001240099356e-07,-0.1504698500956113,-0.00036219446284452294,-0.27165259093040733
0.001,0.0017,0.0009,15,False,0,6,22331.713097325417,4.0000011237744547e-07,-0.15056777022138185,-0.00018304870278827107,-0.2702201792497088
0.001,0.0017,0.0009,15,True,1,2,2.88155704164933,4.03744489467304e-07,-0.0005635725200476582,-0.010354579794204422,0.0009290717137875707
0.001,0.0017,0.0009,15,False,3,0,20876.861855552266,4.000001447311284e-07,-0.15012254469726136,0.0006861023263031659,0.42065602454894657
0.001,0.0017,0.0009,15,True,3,4,3.023277508720958,4.0280877689492255e-07,-0.02026516817192401,0.00013646361091935292,-0.00036760272840227477
0.001,0.0017,0.0009,15,False,3,6,20894.704724487896,4.0000004290701455e-07,-0.1501552871635691,-3.79888944026911e-05,0.4226557177401543
0.001,0.0017,0.0009,15,True,4,5,2.4099979989186417,4.037671786061193e-07,-6.042040544503627e-05,-0.00961809723106739,0.0023542609947516907
0.001,0.0017,0.0009,15,False,6,0,10597.287652770394,4.000001149254983e-07,-0.1495069124859384,0.00035943061352817433,-0.08819554713533383
0.001,0.0017,0.0009,15,False,6,3,10317.876706164769,4.0000004147631037e-07,-0.15000442177795853,-0.00012766625756759222,-0.08762824801606134
0.001,0.0017,0.0009,15,True,6,7,2.9347177773321693,4.028190369729051e-07,-0.02002887143467462,-0.00010898150306062737,-0.0010839352511540252
0.001,0.0017,0.0009,15,True,7,8,3.307459782705062,4.03782005619191e-07,0.0002142714451615339,-0.009937819991491709,0.0005846945192643476
0.001,0.0017,0.0009,15,True,0,1,2.0684826833693704,4.028142517046245e-07,-0.0201391646149114,-0.00033048820205197735,0.001016294177802699
0.001,0.0017,0.0009,15,False,0,3,25290.099362261542,4.000001292570377e-07,-0.1505110519608095,-0.00035388843530016507,-0.25320403246616213
0.001,0.0017,0.0009,15,False,0,6,25603.985754733647,4.000001528417535e-07,-0.15074999712559603,-0.00029822052298371506,-0.2517901059173595
0.001,0.0017,0.0009,15,True,1,2,2.865400288316109,4.0374931097715085e-07,-0.0004651310561214415,-0.010328568022865506,0.0009616959542173401
0.001,0.0017,0.0009,15,False,3,0,20505.160741592008,4.0000014184114847e-07,-0.1500697003525716,0.000680305531619107,0.45134209628143895
0.001,0.0017,0.0009,15,True,3,4,3.138272994915802,4.028141900118278e-07,-0.020140383825312753,6.096325405330549e-05,-0.00083369579837309
0.001,0.0017,0.0009,15,False,3,6,20531.741282673294,4.000000569921484e-07,-0.15025154355225054,-0.0001817588006323897,0.45243557884604657
0.001,0.0017,0.0009,15,True,4,5,2.2108745772329437,4.037609807221034e-07,-0.00018064977549842368,-0.009559622996445541,0.0027270257510768636
0.001,0.0017,0.0009,15,False,6,0,12156.867286235769,4.00000148322018e-07,-0.1493238339093471,0.0004062561994437213,-0.02120212253862854
0.001,0.0017,0.0009,15,False,6,3,11836.500431288276,4.0000004358047266e-07,-0.14991119759154498,-4.263651258656041e-05,-0.021522566522692247
0.001,0.0017,0.0009,15,True,6,7,2.935018553659235,4.0282004244197644e-07,-0.02000570049802405,-0.00013590199985765082,-0.0012650393061730922
0.001,0.0017,0.0009,15,True,7,8,2.9598249380235675,4.0378210140866526e-07,0.00021140400316022132,-0.010009167235124553,0.0008314441318757986
0.001,0.0017,0.0009,15,True,0,1,2.0684826833693704,4.028142517046245e-07,-0.0201391646149114,-0.00033048820205197735,0.001016294177802699
0.001,0.0017,0.0009,15,False,0,3,25290.099362261542,4.000001292570377e-07,-0.1505110519608095,-0.00035388843530016507,-0.25320403246616213
0.001,0.0017,0.0009,15,False,0,6,25603.985754733647,4.000001528417535e-07,-0.15074999712559603,-0.00029822052298371506,-0.2517901059173595
0.001,0.0017,0.0009,15,True,1,2,2.865400288316109,4.0374931097715085e-07,-0.0004651310561214415,-0.010328568022865506,0.0009616959542173401
0.001,0.0017,0.0009,15,False,3,0,20505.160741592008,4.0000014184114847e-07,-0.1500697003525716,0.000680305531619107,0.45134209628143895
0.001,0.0017,0.0009,15,True,3,4,3.138272994915802,4.028141900118278e-07,-0.020140383825312753,6.096325405330549e-05,-0.00083369579837309
0.001,0.0017,0.0009,15,False,3,6,20531.741282673294,4.000000569921484e-07,-0.15025154355225054,-0.0001817588006323897,0.45243557884604657
0.001,0.0017,0.0009,15,True,4,5,2.2108745772329437,4.037609807221034e-07,-0.00018064977549842368,-0.009559622996445541,0.0027270257510768636
0.001,0.0017,0.0009,15,False,6,0,12156.867286235769,4.00000148322018e-07,-0.1493238339093471,0.0004062561994437213,-0.02120212253862854
0.001,0.0017,0.0009,15,False,6,3,11836.500431288276,4.0000004358047266e-07,-0.14991119759154498,-4.263651258656041e-05,-0.021522566522692247
0.001,0.0017,0.0009,15,True,6,7,2.935018553659235,4.0282004244197644e-07,-0.02000570049802405,-0.00013590199985765082,-0.0012650393061730922
0.001,0.0017,0.0009,15,True,7,8,2.9598249380235675,4.0378210140866526e-07,0.00021140400316022132,-0.010009167235124553,0.0008314441318757986
0.001,0.0017,0.0009,15,True,0,1,2.0684826833693704,4.028142517046245e-07,-0.0201391646149114,-0.00033048820205197735,0.001016294177802699
0.001,0.0017,0.0009,15,False,0,3,25290.099362261542,4.000001292570377e-07,-0.1505110519608095,-0.00035388843530016507,-0.25320403246616213
0.001,0.0017,0.0009,15,False,0,6,25603.985754733647,4.000001528417535e-07,-0.15074999712559603,-0.00029822052298371506,-0.2517901059173595
0.001,0.0017,0.0009,15,True,1,2,2.865400288316109,4.0374931097715085e-07,-0.0004651310561214415,-0.010328568022865506,0.0009616959542173401
0.001,0.0017,0.0009,15,False,3,0,20505.160741592008,4.0000014184114847e-07,-0.1500697003525716,0.000680305531619107,0.45134209628143895
0.001,0.0017,0.0009,15,True,3,4,3.138272994915802,4.028141900118278e-07,-0.020140383825312753,6.096325405330549e-05,-0.00083369579837309
0.001,0.0017,0.0009,15,False,3,6,20531.741282673294,4.000000569921484e-07,-0.15025154355225054,-0.0001817588006323897,0.45243557884604657
0.001,0.0017,0.0009,15,True,4,5,2.2108745772329437,4.037609807221034e-07,-0.00018064977549842368,-0.009559622996445541,0.0027270257510768636
0.001,0.0017,0.0009,15,False,6,0,12156.867286235769,4.00000148322018e-07,-0.1493238339093471,0.0004062561994437213,-0.02120212253862854
0.001,0.0017,0.0009,15,False,6,3,11836.500431288276,4.0000004358047266e-07,-0.14991119759154498,-4.263651258656041e-05,-0.021522566522692247
0.001,0.0017,0.0009,15,True,6,7,2.935018553659235,4.0282004244197644e-07,-0.02000570049802405,-0.00013590199985765082,-0.0012650393061730922
0.001,0.0017,0.0009,15,True,7,8,2.9598249380235675,4.0378210140866526e-07,0.00021140400316022132,-0.010009167235124553,0.0008314441318757986
0.001,0.0017,0.0009,15,True,0,1,2.0684826833693704,4.028142517046245e-07,-0.0201391646149114,-0.00033048820205197735,0.001016294177802699
0.001,0.0017,0.0009,15,False,0,3,25290.099362261542,4.000001292570377e-07,-0.1505110519608095,-0.00035388843530016507,-0.25320403246616213
0.001,0.0017,0.0009,15,False,0,6,25603.985754733647,4.000001528417535e-07,-0.15074999712559603,-0.00029822052298371506,-0.2517901059173595
0.001,0.0017,0.0009,15,True,1,2,2.865400288316109,4.0374931097715085e-07,-0.0004651310561214415,-0.010328568022865506,0.0009616959542173401
0.001,0.0017,0.0009,15,False,3,0,20505.160741592008,4.0000014184114847e-07,-0.1500697003525716,0.000680305531619107,0.45134209628143895
0.001,0.0017,0.0009,15,True,3,4,3.138272994915802,4.028141900118278e-07,-0.020140383825312753,6.096325405330549e-05,-0.00083369579837309
0.001,0.0017,0.0009,15,False,3,6,20531.741282673294,4.000000569921484e-07,-0.15025154355225054,-0.0001817588006323897,0.45243557884604657
0.001,0.0017,0.0009,15,True,4,5,2.2108745772329437,4.037609807221034e-07,-0.00018064977549842368,-0.009559622996445541,0.0027270257510768636
0.001,0.0017,0.0009,15,False,6,0,12156.867286235769,4.00000148322018e-07,-0.1493238339093471,0.0004062561994437213,-0.02120212253862854
0.001,0.0017,0.0009,15,False,6,3,11836.500431288276,4.0000004358047266e-07,-0.14991119759154498,-4.263651258656041e-05,-0.021522566522692247
0.001,0.0017,0.0009,15,True,6,7,2.935018553659235,4.0282004244197644e-07,-0.02000570049802405,-0.00013590199985765082,-0.0012650393061730922
0.001,0.0017,0.0009,15,True,7,8,2.9598249380235675,4.0378210140866526e-07,0.00021140400316022132,-0.010009167235124553,0.0008314441318757986
0.001,0.0017,0.0009,15,True,0,1,2.0684826833693704,4.028142517046245e-07,-0.0201391646149114,-0.00033048820205197735,0.001016294177802699
0.001,0.0017,0.0009,15,False,0,3,25290.099362261542,4.000001292570377e-07,-0.1505110519608095,-0.00035388843530016507,-0.25320403246616213
0.001,0.0017,0.0009,15,False,0,6,25603.985754733647,4.000001528417535e-07,-0.15074999712559603,-0.00029822052298371506,-0.2517901059173595
0.001,0.0017,0.0009,15,True,1,2,2.865400288316109,4.0374931097715085e-07,-0.0004651310561214415,-0.010328568022865506,0.0009616959542173401
0.001,0.0017,0.0009,15,False,3,0,20505.160741592008,4.0000014184114847e-07,-0.1500697003525716,0.000680305531619107,0.45134209628143895
0.001,0.0017,0.0009,15,True,3,4,3.138272994915802,4.028141900118278e-07,-0.020140383825312753,6.096325405330549e-05,-0.00083369579837309
0.001,0.0017,0.0009,15,False,3,6,20531.741282673294,4.000000569921484e-07,-0.15025154355225054,-0.0001817588006323897,0.45243557884604657
0.001,0.0017,0.0009,15,True,4,5,2.2108745772329437,4.037609807221034e-07,-0.00018064977549842368,-0.009559622996445541,0.0027270257510768636
0.001,0.0017,0.0009,15,False,6,0,12156.867286235769,4.00000148322018e-07,-0.1493238339093471,0.0004062561994437213,-0.02120212253862854
0.001,0.0017,0.0009,15,False,6,3,11836.500431288276,4.0000004358047266e-07,-0.14991119759154498,-4.263651258656041e-05,-0.021522566522692247
0.001,0.0017,0.0009,15,True,6,7,2.935018553659235,4.0282004244197644e-07,-0.02000570049802405,-0.00013590199985765082,-0.0012650393061730922
0.001,0.0017,0.0009,15,True,7,8,2.9598249380235675,4.0378210140866526e-07,0.00021140400316022132,-0.010009167235124553,0.0008314441318757986
0.001,0.0017,0.0009,15,True,0,1,2.0684826833693704,4.028142517046245e-07,-0.0201391646149114,-0.00033048820205197735,0.001016294177802699
0.001,0.0017,0.0009,15,False,0,3,25290.099362261542,4.000001292570377e-07,-0.1505110519608095,-0.00035388843530016507,-0.25320403246616213
0.001,0.0017,0.0009,15,False,0,6,25603.985754733647,4.000001528417535e-07,-0.15074999712559603,-0.00029822052298371506,-0.2517901059173595
0.001,0.0017,0.0009,15,True,1,2,2.865400288316109,4.0374931097715085e-07,-0.0004651310561214415,-0.010328568022865506,0.0009616959542173401
0.001,0.0017,0.0009,15,False,3,0,20505.160741592008,4.0000014184114847e-07,-0.1500697003525716,0.000680305531619107,0.45134209628143895
0.001,0.0017,0.0009,15,True,3,4,3.138272994915802,4.028141900118278e-07,-0.020140383825312753,6.096325405330549e-05,-0.00083369579837309
0.001,0.0017,0.0009,15,False,3,6,20531.741282673294,4.000000569921484e-07,-0.15025154355225054,-0.0001817588006323897,0.45243557884604657
0.001,0.0017,0.0009,15,True,4,5,2.2108745772329437,4.037609807221034e-07,-0.00018064977549842368,-0.009559622996445541,0.0027270257510768636
0.001,0.0017,0.0009,15,False,6,0,12156.867286235769,4.00000148322018e-07,-0.1493238339093471,0.0004062561994437213,-0.02120212253862854
0.001,0.0017,0.0009,15,False,6,3,11836.500431288276,4.0000004358047266e-07,-0.14991119759154498,-4.263651258656041e-05,-0.021522566522692247
0.001,0.0017,0.0009,15,True,6,7,2.935018553659235,4.0282004244197644e-07,-0.02000570049802405,-0.00013590199985765082,-0.0012650393061730922
0.001,0.0017,0.0009,15,True,7,8,2.9598249380235675,4.0378210140866526e-07,0.00021140400316022132,-0.010009167235124553,0.0008314441318757986
0.001,0.0017,0.0009,15,True,0,1,2.0684826833693704,4.028142517046245e-07,-0.0201391646149114,-0.00033048820205197735,0.001016294177802699
0.001,0.0017,0.0009,15,False,0,3,25290.099362261542,4.000001292570377e-07,-0.1505110519608095,-0.00035388843530016507,-0.25320403246616213
0.001,0.0017,0.0009,15,False,0,6,25603.985754733647,4.000001528417535e-07,-0.15074999712559603,-0.00029822052298371506,-0.2517901059173595
0.001,0.0017,0.0009,15,True,1,2,2.865400288316109,4.0374931097715085e-07,-0.0004651310561214415,-0.010328568022865506,0.0009616959542173401
0.001,0.0017,0.0009,15,False,3,0,20505.160741592008,4.0000014184114847e-07,-0.1500697003525716,0.000680305531619107,0.45134209628143895
0.001,0.0017,0.0009,15,True,3,4,3.138272994915802,4.028141900118278e-07,-0.020140383825312753,6.096325405330549e-05,-0.00083369579837309
0.001,0.0017,0.0009,15,False,3,6,20531.741282673294,4.000000569921484e-07,-0.15025154355225054,-0.0001817588006323897,0.45243557884604657
0.001,0.0017,0.0009,15,True,4,5,2.2108745772329437,4.037609807221034e-07,-0.00018064977549842368,-0.009559622996445541,0.0027270257510768636
0.001,0.0017,0.0009,15,False,6,0,12156.867286235769,4.00000148322018e-07,-0.1493238339093471,0.0004062561994437213,-0.02120212253862854
0.001,0.0017,0.0009,15,False,6,3,11836.500431288276,4.0000004358047266e-07,-0.14991119759154498,-4.263651258656041e-05,-0.021522566522692247
0.001,0.0017,0.0009,15,True,6,7,2.935018553659235,4.0282004244197644e-07,-0.02000570049802405,-0.00013590199985765082,-0.0012650393061730922
0.001,0.0017,0.0009,15,True,7,8,2.9598249380235675,4.0378210140866526e-07,0.00021140400316022132,-0.010009167235124553,0.0008314441318757986
0.001,0.0017,0.0009,15,True,0,1,2.0684826833693704,4.028142517046245e-07,-0.0201391646149114,-0.00033048820205197735,0.001016294177802699
0.001,0.0017,0.0009,15,False,0,3,25290.099362261542,4.000001292570377e-07,-0.1505110519608095,-0.00035388843530016507,-0.25320403246616213
0.001,0.0017,0.0009,15,False,0,6,25603.985754733647,4.000001528417535e-07,-0.15074999712559603,-0.00029822052298371506,-0.2517901059173595
0.001,0.0017,0.0009,15,True,1,2,2.865400288316109,4.0374931097715085e-07,-0.0004651310561214415,-0.010328568022865506,0.0009616959542173401
0.001,0.0017,0.0009,15,False,3,0,20505.160741592008,4.0000014184114847e-07,-0.1500697003525716,0.000680305531619107,0.45134209628143895
0.001,0.0017,0.0009,15,True,3,4,3.138272994915802,4.028141900118278e-07,-0.020140383825312753,6.096325405330549e-05,-0.00083369579837309
0.001,0.0017,0.0009,15,False,3,6,20531.741282673294,4.000000569921484e-07,-0.15025154355225054,-0.0001817588006323897,0.45243557884604657
0.001,0.0017,0.0009,15,True,4,5,2.2108745772329437,4.037609807221034e-07,-0.00018064977549842368,-0.009559622996445541,0.0027270257510768636
0.001,0.0017,0.0009,15,False,6,0,12156.867286235769,4.00000148322018e-07,-0.1493238339093471,0.0004062561994437213,-0.02120212253862854
0.001,0.0017,0.0009,15,False,6,3,11836.500431288276,4.0000004358047266e-07,-0.14991119759154498,-4.263651258656041e-05,-0.021522566522692247
0.001,0.0017,0.0009,15,True,6,7,2.935018553659235,4.0282004244197644e-07,-0.02000570049802405,-0.00013590199985765082,-0.0012650393061730922
0.001,0.0017,0.0009,15,True,7,8,2.9598249380235675,4.0378210140866526e-07,0.00021140400316022132,-0.010009167235124553,0.0008314441318757986
0.001,0.0017,0.0009,15,True,0,1,2.0684826833693704,4.028142517046245e-07,-0.0201391646149114,-0.00033048820205197735,0.001016294177802699
0.001,0.0017,0.0009,15,False,0,3,25290.099362261542,4.000001292570377e-07,-0.1505110519608095,-0.00035388843530016507,-0.25320403246616213
0.001,0.0017,0.0009,15,False,0,6,25603.985754733647,4.000001528417535e-07,-0.15074999712559603,-0.00029822052298371506,-0.2517901059173595
0.001,0.0017,0.0009,15,True,1,2,2.865400288316109,4.0374931097715085e-07,-0.0004651310561214415,-0.010328568022865506,0.0009616959542173401
0.001,0.0017,0.0009,15,False,3,0,20505.160741592008,4.0000014184114847e-07,-0.1500697003525716,0.000680305531619107,0.45134209628143895
0.001,0.0017,0.0009,15,True,3,4,3.138272994915802,4.028141900118278e-07,-0.020140383825312753,6.096325405330549e-05,-0.00083369579837309
0.001,0.0017,0.0009,15,False,3,6,20531.741282673294,4.000000569921484e-07,-0.15025154355225054,-0.0001817588006323897,0.45243557884604657
0.001,0.0017,0.0009,15,True,4,5,2.2108745772329437,4.037609807221034e-07,-0.00018064977549842368,-0.009559622996445541,0.0027270257510768636
0.001,0.0017,0.0009,15,False,6,0,12156.867286235769,4.00000148322018e-07,-0.1493238339093471,0.0004062561994437213,-0.02120212253862854
0.001,0.0017,0.0009,15,False,6,3,11836.500431288276,4.0000004358047266e-07,-0.14991119759154498,-4.263651258656041e-05,-0.021522566522692247
0.001,0.0017,0.0009,15,True,6,7,2.935018553659235,4.0282004244197644e-07,-0.02000570049802405,-0.00013590199985765082,-0.0012650393061730922
0.001,0.0017,0.0009,15,True,7,8,2.9598249380235675,4.0378210140866526e-07,0.00021140400316022132,-0.010009167235124553,0.0008314441318757986
0.001,0.0017,0.0009,15,True,0,1,2.0684826833693704,4.028142517046245e-07,-0.0201391646149114,-0.00033048820205197735,0.001016294177802699
0.001,0.0017,0.0009,15,False,0,3,25290.099362261542,4.000001292570377e-07,-0.1505110519608095,-0.00035388843530016507,-0.25320403246616213
0.001,0.0017,0.0009,15,False,0,6,25603.985754733647,4.000001528417535e-07,-0.15074999712559603,-0.00029822052298371506,-0.2517901059173595
0.001,0.0017,0.0009,15,True,1,2,2.865400288316109,4.0374931097715085e-07,-0.0004651310561214415,-0.010328568022865506,0.0009616959542173401
0.001,0.0017,0.0009,15,False,3,0,20505.160741592008,4.0000014184114847e-07,-0.1500697003525716,0.000680305531619107,0.45134209628143895
0.001,0.0017,0.0009,15,True,3,4,3.138272994915802,4.028141900118278e-07,-0.020140383825312753,6.096325405330549e-05,-0.00083369579837309
0.001,0.0017,0.0009,15,False,3,6,20531.741282673294,4.000000569921484e-07,-0.15025154355225054,-0.0001817588006323897,0.45243557884604657
0.001,0.0017,0.0009,15,True,4,5,2.2108745772329437,4.037609807221034e-07,-0.00018064977549842368,-0.009559622996445541,0.0027270257510768636
0.001,0.0017,0.0009,15,False,6,0,12156.867286235769,4.00000148322018e-07,-0.1493238339093471,0.0004062561994437213,-0.02120212253862854
0.001,0.0017,0.0009,15,False,6,3,11836.500431288276,4.0000004358047266e-07,-0.14991119759154498,-4.263651258656041e-05,-0.021522566522692247
0.001,0.0017,0.0009,15,True,6,7,2.935018553659235,4.0282004244197644e-07,-0.02000570049802405,-0.00013590199985765082,-0.0012650393061730922
0.001,0.0017,0.0009,15,True,7,8,2.9598249380235675,4.0378210140866526e-07,0.00021140400316022132,-0.010009167235124553,0.0008314441318757986
0.001,0.0017,0.0009,15,True,0,1,2.0684826833693704,4.028142517046245e-07,-0.0201391646149114,-0.00033048820205197735,0.001016294177802699
0.001,0.0017,0.0009,15,False,0,3,25290.099362261542,4.000001292570377e-07,-0.1505110519608095,-0.00035388843530016507,-0.25320403246616213
0.001,0.0017,0.0009,15,False,0,6,25603.985754733647,4.000001528417535e-07,-0.15074999712559603,-0.00029822052298371506,-0.2517901059173595
0.001,0.0017,0.0009,15,True,1,2,2.865400288316109,4.0374931097715085e-07,-0.0004651310561214415,-0.010328568022865506,0.0009616959542173401
0.001,0.0017,0.0009,15,False,3,0,20505.160741592008,4.0000014184114847e-07,-0.1500697003525716,0.000680305531619107,0.45134209628143895
0.001,0.0017,0.0009,15,True,3,4,3.138272994915802,4.028141900118278e-07,-0.020140383825312753,6.096325405330549e-05,-0.00083369579837309
0.001,0.0017,0.0009,15,False,3,6,20531.741282673294,4.000000569921484e-07,-0.15025154355225054,-0.0001817588006323897,0.45243557884604657
0.001,0.0017,0.0009,15,True,4,5,2.2108745772329437,4.037609807221034e-07,-0.00018064977549842368,-0.009559622996445541,0.0027270257510768636
0.001,0.0017,0.0009,15,False,6,0,12156.867286235769,4.00000148322018e-07,-0.1493238339093471,0.0004062561994437213,-0.02120212253862854
0.001,0.0017,0.0009,15,False,6,3,11836.500431288276,4.0000004358047266e-07,-0.14991119759154498,-4.263651258656041e-05,-0.021522566522692247
0.001,0.0017,0.0009,15,True,6,7,2.935018553659235,4.0282004244197644e-07,-0.02000570049802405,-0.00013590199985765082,-0.0012650393061730922
0.001,0.0017,0.0009,15,True,7,8,2.9598249380235675,4.0378210140866526e-07,0.00021140400316022132,-0.010009167235124553,0.0008314441318757986
0.05,0.09,0.017,10,True,1,2,1.1466037691564184,0.0010107835105868076,0.01003354508463829,-0.008284515480517785,-1.0079704514795477e-07
0.05,0.09,0.017,10,True,4,5,1.0688550226757585,0.001009011199249343,-0.0073491991795724704,-0.03212303893586946,1.0414948286532102e-05
0.05,0.09,0.017,10,False,0,6,6.056222141324286,0.001000960234528391,-0.10787996870879431,0.009041198722681467,-7.751277944872418e-05
0.05,0.09,0.017,10,True,1,2,1.0974593822207905,0.001011104232084068,0.012651213889995025,-0.0013300750143537905,-3.4660341507249585e-06
0.05,0.09,0.017,10,False,3,6,5.651545240052097,0.0010008515974583752,-0.11009568657081366,-0.00018335820590653558,-6.131245493700846e-05
0.05,0.09,0.017,10,True,4,5,1.1943207906529107,0.001009372069089875,-0.002513525439443142,-0.02245142701466653,1.2039340408702926e-05
0.05,0.09,0.017,10,True,6,7,1.1699770940590906,0.001007079446325766,-0.021391335065544276,0.012491783229582505,-3.150760068537713e-05
0.05,0.09,0.017,10,True,0,1,0.9628771493160502,0.0010060296369390409,-0.032980641937039985,0.02137041506665573,2.4858904795179516e-05
0.05,0.09,0.017,10,False,0,6,6.0660234633716765,0.0010008842644867735,-0.11197281582137228,0.015018202548498089,-5.064932720775243e-05
0.05,0.09,0.017,10,True,1,2,1.0974593822207905,0.001011104232084068,0.012651213889995025,-0.0013300750143537905,-3.4660341507249585e-06
0.05,0.09,0.017,10,False,3,6,5.3147715752190114,0.001001187892667356,-0.10133473830458226,0.006298273975340392,-7.48623979856203e-05
0.05,0.09,0.017,10,True,4,5,1.1943207906529107,0.001009372069089875,-0.002513525439443142,-0.02245142701466653,1.2039340408702926e-05
0.05,0.09,0.017,10,True,6,7,1.0458294568284774,0.0010064524564796858,-0.026867028004705768,0.0037312971270551214,-1.5043291765243318e-05
0.05,0.09,0.017,10,True,7,8,0.7126078091574997,0.0010125740202411196,0.021631661123347516,-0.02375510468446614,5.605749958744226e-06
0.05,0.09,0.017,10,True,0,1,0.9309549528191094,0.0010065297874892302,-0.028297284059485332,0.023487114430579725,2.815157939753232e-05
0.05,0.09,0.017,10,False,0,3,6.899669239074376,0.001000320482197419,-0.14297192498424913,0.015966520551789935,-9.26013047263302e-05
0.05,0.09,0.017,10,False,0,6,6.0660234633716765,0.0010008842644867735,-0.11197281582137228,0.015018202548498089,-5.064932720775243e-05
0.05,0.09,0.017,10,True,1,2,1.0974593822207905,0.001011104232084068,0.012651213889995025,-0.0013300750143537905,-3.4660341507249585e-06
0.05,0.09,0.017,10,False,3,6,5.3147715752190114,0.001001187892667356,-0.10133473830458226,0.006298273975340392,-7.48623979856203e-05
0.05,0.09,0.017,10,True,4,5,1.1943207906529107,0.001009372069089875,-0.002513525439443142,-0.02245142701466653,1.2039340408702926e-05
0.05,0.09,0.017,10,False,6,0,29.5010022032449,0.0010004017909121235,-0.13612642898757346,0.01757919318145052,0.0001456485865452086
0.05,0.09,0.017,10,True,6,7,1.0458294568284774,0.0010064524564796858,-0.026867028004705768,0.0037312971270551214,-1.5043291765243318e-05
0.05,0.09,0.017,10,True,7,8,0.5968579330064834,0.0010139785571865274,0.030657551324304384,-0.028122582847756268,1.401374287133545e-05
0.05,0.09,0.017,10,True,0,1,0.9309549528191094,0.0010065297874892302,-0.028297284059485332,0.023487114430579725,2.815157939753232e-05
0.05,0.09,0.017,10,False,0,3,6.90612024663006,0.0010004678851029466,-0.126444824198328,0.010342210680837021,-9.051050379684829e-05
0.05,0.09,0.017,10,False,0,6,6.0660234633716765,0.0010008842644867735,-0.11197281582137228,0.015018202548498089,-5.064932720775243e-05
0.05,0.09,0.017,10,False,0,7,17.33149543697818,0.001008580862764898,-0.007737112133617508,-0.009938391195904244,-0.0002514317982938797
0.05,0.09,0.017,10,True,1,2,1.0974593822207905,0.001011104232084068,0.012651213889995025,-0.0013300750143537905,-3.4660341507249585e-06
0.05,0.09,0.017,10,True,3,4,1.3955977808446467,0.0010049302231610801,-0.04449209436823957,-0.0187614842200047,-2.0071632101248596e-05
0.05,0.09,0.017,10,False,3,6,5.3147715752190114,0.001001187892667356,-0.10133473830458226,0.006298273975340392,-7.48623979856203e-05
0.05,0.09,0.017,10,True,4,5,1.1943207906529107,0.001009372069089875,-0.002513525439443142,-0.02245142701466653,1.2039340408702926e-05
0.05,0.09,0.017,10,False,6,0,29.954896688116246,0.0010003166030922751,-0.13949257800489256,0.013583487413212962,0.00029842950962666076
0.05,0.09,0.017,10,True,6,7,1.0458294568284774,0.0010064524564796858,-0.026867028004705768,0.0037312971270551214,-1.5043291765243318e-05
0.05,0.09,0.017,10,True,7,8,0.5968579330064834,0.0010139785571865274,0.030657551324304384,-0.028122582847756268,1.401374287133545e-05
0.05,0.09,0.017,10,True,0,1,0.9309549528191094,0.0010065297874892302,-0.028297284059485332,0.023487114430579725,2.815157939753232e-05
0.05,0.09,0.017,10,False,0,3,6.90612024663006,0.0010004678851029466,-0.126444824198328,0.010342210680837021,-9.051050379684829e-05
0.05,0.09,0.017,10,False,0,6,6.0660234633716765,0.0010008842644867735,-0.11197281582137228,0.015018202548498089,-5.064932720775243e-05
0.05,0.09,0.017,10,False,0,7,24.869096268624784,0.0010084349840824808,-0.009224998685969798,-0.01288693988944818,-0.0003937950142091481
0.05,0.09,0.017,10,True,1,2,1.0974593822207905,0.001011104232084068,0.012651213889995025,-0.0013300750143537905,-3.4660341507249585e-06
0.05,0.09,0.017,10,True,3,4,1.3878167447787377,0.0010045250828663909,-0.049657973054461665,-0.02080484152823282,-2.7283526096724564e-05
0.05,0.09,0.017,10,False,3,6,5.3147715752190114,0.001001187892667356,-0.10133473830458226,0.006298273975340392,-7.48623979856203e-05
0.05,0.09,0.017,10,True,4,5,1.1943207906529107,0.001009372069089875,-0.002513525439443142,-0.02245142701466653,1.2039340408702926e-05
0.05,0.09,0.017,10,False,6,0,29.954896688116246,0.0010003166030922751,-0.13949257800489256,0.013583487413212962,0.00029842950962666076
0.05,0.09,0.017,10,False,6,3,30.319766878714972,0.0010004673277841868,-0.1359676655154959,-0.021530022724659637,0.00023650572899063302
0.05,0.09,0.017,10,True,6,7,1.0458294568284774,0.0010064524564796858,-0.026867028004705768,0.0037312971270551214,-1.5043291765243318e-05
0.05,0.09,0.017,10,True,7,8,0.5968579330064834,0.0010139785571865274,0.030657551324304384,-0.028122582847756268,1.401374287133545e-05
0.05,0.09,0.017,10,True,0,1,0.9309549528191094,0.0010065297874892302,-0.028297284059485332,0.023487114430579725,2.815157939753232e-05
0.05,0.09,0.017,10,False,0,3,6.90612024663006,0.0010004678851029466,-0.126444824198328,0.010342210680837021,-9.051050379684829e-05
0.05,0.09,0.017,10,False,0,6,6.0660234633716765,0.0010008842644867735,-0.11197281582137228,0.015018202548498089,-5.064932720775243e-05
0.05,0.09,0.017,10,False,0,7,24.869096268624784,0.0010084349840824808,-0.009224998685969798,-0.01288693988944818,-0.0003937950142091481
0.05,0.09,0.017,10,True,1,2,1.0974593822207905,0.001011104232084068,0.012651213889995025,-0.0013300750143537905,-3.4660341507249585e-06
0.05,0.09,0.017,10,False,3,0,7.799620857881484,0.0010004813157004876,-0.12395467512879633,-0.004000027468570495,-1.1854195222223433e-05
0.05,0.09,0.017,10,True,3,4,1.3878167447787377,0.0010045250828663909,-0.049657973054461665,-0.02080484152823282,-2.7283526096724564e-05
0.05,0.09,0.017,10,False,3,6,5.3147715752190114,0.001001187892667356,-0.10133473830458226,0.006298273975340392,-7.48623979856203e-05
0.05,0.09,0.017,10,True,4,5,1.1943207906529107,0.001009372069089875,-0.002513525439443142,-0.02245142701466653,1.2039340408702926e-05
0.05,0.09,0.017,10,False,6,0,29.954896688116246,0.0010003166030922751,-0.13949257800489256,0.013583487413212962,0.00029842950962666076
0.05,0.09,0.017,10,False,6,3,29.665963286236455,0.0010006414389838693,-0.1350360777599805,-0.02930522113203472,0.0003815969995638966
0.05,0.09,0.017,10,True,6,7,1.0458294568284774,0.0010064524564796858,-0.026867028004705768,0.0037312971270551214,-1.5043291765243318e-05
0.05,0.09,0.017,10,True,7,8,0.5968579330064834,0.0010139785571865274,0.030657551324304384,-0.028122582847756268,1.401374287133545e-05
0.05,0.09,0.017,10,True,0,1,0.9309549528191094,0.0010065297874892302,-0.028297284059485332,0.023487114430579725,2.815157939753232e-05
0.05,0.09,0.017,10,False,0,3,6.90612024663006,0.0010004678851029466,-0.126444824198328,0.010342210680837021,-9.051050379684829e-05
0.05,0.09,0.017,10,False,0,6,6.0660234633716765,0.0010008842644867735,-0.11197281582137228,0.015018202548498089,-5.064932720775243e-05
0.05,0.09,0.017,10,False,0,7,24.869096268624784,0.0010084349840824808,-0.009224998685969798,-0.01288693988944818,-0.0003937950142091481
0.05,0.09,0.017,10,True,1,2,1.0974593822207905,0.001011104232084068,0.012651213889995025,-0.0013300750143537905,-3.4660341507249585e-06
0.05,0.09,0.017,10,False,3,0,11.344078103981634,0.001000387684123962,-0.12849591364297333,0.0022083536942687667,3.910462337762859e-05
0.05,0.09,0.017,10,True,3,4,1.3878167447787377,0.0010045250828663909,-0.049657973054461665,-0.02080484152823282,-2.7283526096724564e-05
0.05,0.09,0.017,10,False,3,6,5.3147715752190114,0.001001187892667356,-0.10133473830458226,0.006298273975340392,-7.48623979856203e-05
0.05,0.09,0.017,10,True,4,5,1.1943207906529107,0.001009372069089875,-0.002513525439443142,-0.02245142701466653,1.2039340408702926e-05
0.05,0.09,0.017,10,False,6,0,29.954896688116246,0.0010003166030922751,-0.13949257800489256,0.013583487413212962,0.00029842950962666076
0.05,0.09,0.017,10,False,6,1,22.5454249868992,0.0010032158116965104,-0.06602229191143859,0.016549351813892346,0.00028131861133360875
0.05,0.09,0.017,10,False,6,3,29.665963286236455,0.0010006414389838693,-0.1350360777599805,-0.02930522113203472,0.0003815969995638966
0.05,0.09,0.017,10,True,6,7,1.0458294568284774,0.0010064524564796858,-0.026867028004705768,0.0037312971270551214,-1.5043291765243318e-05
0.05,0.09,0.017,10,True,7,8,0.5968579330064834,0.0010139785571865274,0.030657551324304384,-0.028122582847756268,1.401374287133545e-05
0.05,0.09,0.017,10,True,0,1,0.9309549528191094,0.0010065297874892302,-0.028297284059485332,0.023487114430579725,2.815157939753232e-05
0.05,0.09,0.017,10,False,0,3,6.90612024663006,0.0010004678851029466,-0.126444824198328,0.010342210680837021,-9.051050379684829e-05
0.05,0.09,0.017,10,False,0,6,6.0660234633716765,0.0010008842644867735,-0.11197281582137228,0.015018202548498089,-5.064932720775243e-05
0.05,0.09,0.017,10,False,0,7,24.869096268624784,0.0010084349840824808,-0.009224998685969798,-0.01288693988944818,-0.0003937950142091481
0.05,0.09,0.017,10,True,1,2,1.0974593822207905,0.001011104232084068,0.012651213889995025,-0.0013300750143537905,-3.4660341507249585e-06
0.05,0.09,0.017,10,False,1,4,21.32465824853155,0.0010006421913436544,-0.1240088795933473,-0.02022374383048737,-0.0002686696091734038
0.05,0.09,0.017,10,False,3,0,11.344078103981634,0.001000387684123962,-0.12849591364297333,0.0022083536942687667,3.910462337762859e-05
0.05,0.09,0.017,10,True,3,4,1.3878167447787377,0.0010045250828663909,-0.049657973054461665,-0.02080484152823282,-2.7283526096724564e-05
0.05,0.09,0.017,10,False,3,6,5.3147715752190114,0.001001187892667356,-0.10133473830458226,0.006298273975340392,-7.48623979856203e-05
0.05,0.09,0.017,10,True,4,5,1.1943207906529107,0.001009372069089875,-0.002513525439443142,-0.02245142701466653,1.2039340408702926e-05
0.05,0.09,0.017,10,False,6,0,29.954896688116246,0.0010003166030922751,-0.13949257800489256,0.013583487413212962,0.00029842950962666076
0.05,0.09,0.017,10,False,6,1,19.149229973838747,0.0010027364632846103,-0.07327653112834556,0.01664641791517065,0.0003398075526416106
0.05,0.09,0.017,10,False,6,3,29.665963286236455,0.0010006414389838693,-0.1350360777599805,-0.02930522113203472,0.0003815969995638966
0.05,0.09,0.017,10,True,6,7,1.0458294568284774,0.0010064524564796858,-0.026867028004705768,0.0037312971270551214,-1.5043291765243318e-05
0.05,0.09,0.017,10,False,7,1,23.638231361003996,0.0010008399355833264,-0.16357422394361684,0.03714621135815959,-6.68066151929245e-05
0.05,0.09,0.017,10,True,7,8,0.5968579330064834,0.0010139785571865274,0.030657551324304384,-0.028122582847756268,1.401374287133545e-05
0.05,0.09,0.017,10,True,0,1,0.9309549528191094,0.0010065297874892302,-0.028297284059485332,0.023487114430579725,2.815157939753232e-05
0.05,0.09,0.017,10,False,0,3,6.90612024663006,0.0010004678851029466,-0.126444824198328,0.010342210680837021,-9.051050379684829e-05
0.05,0.09,0.017,10,False,0,6,6.0660234633716765,0.0010008842644867735,-0.11197281582137228,0.015018202548498089,-5.064932720775243e-05
0.05,0.09,0.017,10,False,0,7,24.869096268624784,0.0010084349840824808,-0.009224998685969798,-0.01288693988944818,-0.0003937950142091481
0.05,0.09,0.017,10,True,1,2,1.0974593822207905,0.001011104232084068,0.012651213889995025,-0.0013300750143537905,-3.4660341507249585e-06
0.05,0.09,0.017,10,False,1,4,20.816250993876462,0.001000659026172245,-0.12430565899585065,-0.021567621470464322,-0.0002450889717807772
0.05,0.09,0.017,10,False,1,7,32.03472383854344,0.001000421277400116,-0.1305802070226491,-0.013102292137841528,-0.0001251994256663987
0.05,0.09,0.017,10,False,3,0,11.344078103981634,0.001000387684123962,-0.12849591364297333,0.0022083536942687667,3.910462337762859e-05
0.05,0.09,0.017,10,False,3,1,19.889580611662886,0.0010026503709046298,-0.07622558311714774,0.022630829403078517,0.00025615015094169693
0.05,0.09,0.017,10,True,3,4,1.3878167447787377,0.0010045250828663909,-0.049657973054461665,-0.02080484152823282,-2.7283526096724564e-05
0.05,0.09,0.017,10,False,3,6,5.3147715752190114,0.001001187892667356,-0.10133473830458226,0.006298273975340392,-7.48623979856203e-05
0.05,0.09,0.017,10,False,3,7,38.663429625577784,0.0010030562429906445,-0.06700462579495933,0.007080843918081509,9.18350512644501e-06
0.05,0.09,0.017,10,False,4,1,21.487553193222105,0.0010005852289053563,-0.13548118846952628,0.02712238449689746,-5.484410931884532e-06
0.05,0.09,0.017,10,True,4,5,1.1943207906529107,0.001009372069089875,-0.002513525439443142,-0.02245142701466653,1.2039340408702926e-05
0.05,0.09,0.017,10,False,6,0,29.954896688116246,0.0010003166030922751,-0.13949257800489256,0.013583487413212962,0.00029842950962666076
0.05,0.09,0.017,10,False,6,1,19.149229973838747,0.0010027364632846103,-0.07327653112834556,0.01664641791517065,0.0003398075526416106
0.05,0.09,0.017,10,False,6,3,29.665963286236455,0.0010006414389838693,-0.1350360777599805,-0.02930522113203472,0.0003815969995638966
0.05,0.09,0.017,10,True,6,7,1.0458294568284774,0.0010064524564796858,-0.026867028004705768,0.0037312971270551214,-1.5043291765243318e-05
0.05,0.09,0.017,10,False,7,1,25.43267434549941,0.001000771328200163,-0.16218839719031222,0.03534350366295417,-7.7711127422158e-05
0.05,0.09,0.017,10,True,7,8,0.5968579330064834,0.0010139785571865274,0.030657551324304384,-0.028122582847756268,1.401374287133545e-05
0.05,0.09,0.017,10,True,0,1,0.9309549528191094,0.0010065297874892302,-0.028297284059485332,0.023487114430579725,2.815157939753232e-05
0.05,0.09,0.017,10,False,0,3,6.90612024663006,0.0010004678851029466,-0.126444824198328,0.010342210680837021,-9.051050379684829e-05
0.05,0.09,0.017,10,False,0,6,6.0660234633716765,0.0010008842644867735,-0.11197281582137228,0.015018202548498089,-5.064932720775243e-05
0.05,0.09,0.017,10,False,0,7,24.869096268624784,0.0010084349840824808,-0.009224998685969798,-0.01288693988944818,-0.0003937950142091481
0.05,0.09,0.017,10,True,1,2,1.0974593822207905,0.001011104232084068,0.012651213889995025,-0.0013300750143537905,-3.4660341507249585e-06
0.05,0.09,0.017,10,False,1,4,20.816250993876462,0.001000659026172245,-0.12430565899585065,-0.021567621470464322,-0.0002450889717807772
0.05,0.09,0.017,10,False,1,7,32.03472383854344,0.001000421277400116,-0.1305802070226491,-0.013102292137841528,-0.0001251994256663987
0.05,0.09,0.017,10,False,3,0,11.344078103981634,0.001000387684123962,-0.12849591364297333,0.0022083536942687667,3.910462337762859e-05
0.05,0.09,0.017,10,False,3,1,20.334089077036296,0.0010026244317066911,-0.07371573882046027,0.00851955325133203,0.0002631488042190116
0.05,0.09,0.017,10,True,3,4,1.3878167447787377,0.0010045250828663909,-0.049657973054461665,-0.02080484152823282,-2.7283526096724564e-05
0.05,0.09,0.017,10,False,3,6,5.3147715752190114,0.001001187892667356,-0.10133473830458226,0.006298273975340392,-7.48623979856203e-05
0.05,0.09,0.017,10,False,3,7,38.80782442001877,0.001002490227261899,-0.07553493153228553,0.0046141316488263,1.0569463900118894e-05
0.05,0.09,0.017,10,False,4,1,22.043685944396465,0.001000604717583196,-0.132796932231552,0.02641413463037889,6.484620885952744e-06
0.05,0.09,0.017,10,True,4,5,1.1943207906529107,0.001009372069089875,-0.002513525439443142,-0.02245142701466653,1.2039340408702926e-05
0.05,0.09,0.017,10,False,4,2,16.907806012048166,0.0010087461413038825,-0.0062289875690356425,-0.008262865674449962,-0.0002892542264914624
0.05,0.09,0.017,10,False,6,0,29.954896688116246,0.0010003166030922751,-0.13949257800489256,0.013583487413212962,0.00029842950962666076
0.05,0.09,0.017,10,False,6,1,19.149229973838747,0.0010027364632846103,-0.07327653112834556,0.01664641791517065,0.0003398075526416106
0.05,0.09,0.017,10,False,6,3,29.665963286236455,0.0010006414389838693,-0.1350360777599805,-0.02930522113203472,0.0003815969995638966
0.05,0.09,0.017,10,True,6,7,1.0458294568284774,0.0010064524564796858,-0.026867028004705768,0.0037312971270551214,-1.5043291765243318e-05
0.05,0.09,0.017,10,False,7,1,25.43267434549941,0.001000771328200163,-0.16218839719031222,0.03534350366295417,-7.7711127422158e-05
0.05,0.09,0.017,10,True,7,8,0.5968579330064834,0.0010139785571865274,0.030657551324304384,-0.028122582847756268,1.401374287133545e-05
0.05,0.09,0.017,10,True,0,1,0.9309549528191094,0.0010065297874892302,-0.028297284059485332,0.023487114430579725,2.815157939753232e-05
0.05,0.09,0.017,10,False,0,3,6.90612024663006,0.0010004678851029466,-0.126444824198328,0.010342210680837021,-9.051050379684829e-05
0.05,0.09,0.017,10,False,0,4,10.990558398266554,0.0010059109777994842,-0.034141215525184815,0.02095589481597183,-5.647022216641588e-05
0.05,0.09,0.017,10,False,0,6,6.0660234633716765,0.0010008842644867735,-0.11197281582137228,0.015018202548498089,-5.064932720775243e-05
0.05,0.09,0.017,10,False,0,7,24.869096268624784,0.0010084349840824808,-0.009224998685969798,-0.01288693988944818,-0.0003937950142091481
0.05,0.09,0.017,10,True,1,2,1.0974593822207905,0.001011104232084068,0.012651213889995025,-0.0013300750143537905,-3.4660341507249585e-06
0.05,0.09,0.017,10,False,1,4,20.816250993876462,0.001000659026172245,-0.12430565899585065,-0.021567621470464322,-0.0002450889717807772
0.05,0.09,0.017,10,False,1,7,32.03472383854344,0.001000421277400116,-0.1305802070226491,-0.013102292137841528,-0.0001251994256663987
0.05,0.09,0.017,10,False,3,0,11.344078103981634,0.001000387684123962,-0.12849591364297333,0.0022083536942687667,3.910462337762859e-05
0.05,0.09,0.017,10,False,3,1,20.334089077036296,0.0010026244317066911,-0.07371573882046027,0.00851955325133203,0.0002631488042190116
0.05,0.09,0.017,10,True,3,4,1.3878167447787377,0.0010045250828663909,-0.049657973054461665,-0.02080484152823282,-2.7283526096724564e-05
0.05,0.09,0.017,10,False,3,6,5.3147715752190114,0.001001187892667356,-0.10133473830458226,0.006298273975340392,-7.48623979856203e-05
0.05,0.09,0.017,10,False,3,7,38.80782442001877,0.001002490227261899,-0.07553493153228553,0.0046141316488263,1.0569463900118894e-05
0.05,0.09,0.017,10,False,4,1,22.043685944396465,0.001000604717583196,-0.132796932231552,0.02641413463037889,6.484620885952744e-06
0.05,0.09,0.017,10,True,4,5,1.1943207906529107,0.001009372069089875,-0.002513525439443142,-0.02245142701466653,1.2039340408702926e-05
0.05,0.09,0.017,10,False,4,2,16.907806012048166,0.0010087461413038825,-0.0062289875690356425,-0.008262865674449962,-0.0002892542264914624
0.05,0.09,0.017,10,False,6,0,29.954896688116246,0.0010003166030922751,-0.13949257800489256,0.013583487413212962,0.00029842950962666076
0.05,0.09,0.017,10,False,6,1,19.149229973838747,0.0010027364632846103,-0.07327653112834556,0.01664641791517065,0.0003398075526416106
0.05,0.09,0.017,10,False,6,3,29.665963286236455,0.0010006414389838693,-0.1350360777599805,-0.02930522113203472,0.0003815969995638966
0.05,0.09,0.017,10,True,6,7,1.0458294568284774,0.0010064524564796858,-0.026867028004705768,0.0037312971270551214,-1.5043291765243318e-05
0.05,0.09,0.017,10,False,7,1,25.43267434549941,0.001000771328200163,-0.16218839719031222,0.03534350366295417,-7.7711127422158e-05
0.05,0.09,0.017,10,True,7,8,0.5968579330064834,0.0010139785571865274,0.030657551324304384,-0.028122582847756268,1.401374287133545e-05
0.05,0.09,0.017,10,True,0,1,0.9309549528191094,0.0010065297874892302,-0.028297284059485332,0.023487114430579725,2.815157939753232e-05
0.05,0.09,0.017,10,False,0,3,6.90612024663006,0.0010004678851029466,-0.126444824198328,0.010342210680837021,-9.051050379684829e-05
0.05,0.09,0.017,10,False,0,4,10.990558398266554,0.0010059109777994842,-0.034141215525184815,0.02095589481597183,-5.647022216641588e-05
0.05,0.09,0.017,10,False,0,6,6.0660234633716765,0.0010008842644867735,-0.11197281582137228,0.015018202548498089,-5.064932720775243e-05
0.05,0.09,0.017,10,False,0,7,24.869096268624784,0.0010084349840824808,-0.009224998685969798,-0.01288693988944818,-0.0003937950142091481
0.05,0.09,0.017,10,True,1,2,1.0974593822207905,0.001011104232084068,0.012651213889995025,-0.0013300750143537905,-3.4660341507249585e-06
0.05,0.09,0.017,10,False,1,4,20.816250993876462,0.001000659026172245,-0.12430565899585065,-0.021567621470464322,-0.0002450889717807772
0.05,0.09,0.017,10,False,1,7,32.03472383854344,0.001000421277400116,-0.1305802070226491,-0.013102292137841528,-0.0001251994256663987
0.05,0.09,0.017,10,False,3,0,11.344078103981634,0.001000387684123962,-0.12849591364297333,0.0022083536942687667,3.910462337762859e-05
0.05,0.09,0.017,10,False,3,1,20.334089077036296,0.0010026244317066911,-0.07371573882046027,0.00851955325133203,0.0002631488042190116
0.05,0.09,0.017,10,True,3,4,1.3878167447787377,0.0010045250828663909,-0.049657973054461665,-0.02080484152823282,-2.7283526096724564e-05
0.05,0.09,0.017,10,False,3,6,5.3147715752190114,0.001001187892667356,-0.10133473830458226,0.006298273975340392,-7.48623979856203e-05
0.05,0.09,0.017,10,False,3,7,38.80782442001877,0.001002490227261899,-0.07553493153228553,0.0046141316488263,1.0569463900118894e-05
0.05,0.09,0.017,10,False,4,1,22.043685944396465,0.001000604717583196,-0.132796932231552,0.02641413463037889,6.484620885952744e-06
0.05,0.09,0.017,10,True,4,5,1.1943207906529107,0.001009372069089875,-0.002513525439443142,-0.02245142701466653,1.2039340408702926e-05
0.05,0.09,0.017,10,False,4,2,16.907806012048166,0.0010087461413038825,-0.0062289875690356425,-0.008262865674449962,-0.0002892542264914624
0.05,0.09,0.017,10,False,6,0,29.954896688116246,0.0010003166030922751,-0.13949257800489256,0.013583487413212962,0.00029842950962666076
0.05,0.09,0.017,10,False,6,1,19.149229973838747,0.0010027364632846103,-0.07327653112834556,0.01664641791517065,0.0003398075526416106
0.05,0.09,0.017,10,False,6,3,29.665963286236455,0.0010006414389838693,-0.1350360777599805,-0.02930522113203472,0.0003815969995638966
0.05,0.09,0.017,10,True,6,7,0.851272032994397,0.0010098669997367887,0.0026929273912320913,-0.011895701703093092,-2.5968503266227523e-05
0.05,0.09,0.017,10,False,7,1,25.43267434549941,0.001000771328200163,-0.16218839719031222,0.03534350366295417,-7.7711127422158e-05
0.05,0.09,0.017,10,True,7,8,0.5968579330064834,0.0010139785571865274,0.030657551324304384,-0.028122582847756268,1.401374287133545e-05
0.05,0.09,0.017,10,True,0,1,0.9309549528191094,0.0010065297874892302,-0.028297284059485332,0.023487114430579725,2.815157939753232e-05
0.05,0.09,0.017,10,False,0,3,6.90612024663006,0.0010004678851029466,-0.126444824198328,0.010342210680837021,-9.051050379684829e-05
0.05,0.09,0.017,10,False,0,4,10.990558398266554,0.0010059109777994842,-0.034141215525184815,0.02095589481597183,-5.647022216641588e-05
0.05,0.09,0.017,10,False,0,6,6.0660234633716765,0.0010008842644867735,-0.11197281582137228,0.015018202548498089,-5.064932720775243e-05
0.05,0.09,0.017,10,False,0,7,24.869096268624784,0.0010084349840824808,-0.009224998685969798,-0.01288693988944818,-0.0003937950142091481
0.05,0.09,0.017,10,True,1,2,1.0974593822207905,0.001011104232084068,0.012651213889995025,-0.0013300750143537905,-3.4660341507249585e-06
0.05,0.09,0.017,10,False,1,4,20.816250993876462,0.001000659026172245,-0.12430565899585065,-0.021567621470464322,-0.0002450889717807772
0.05,0.09,0.017,10,False,1,7,32.03472383854344,0.001000421277400116,-0.1305802070226491,-0.013102292137841528,-0.0001251994256663987
0.05,0.09,0.017,10,False,3,0,11.344078103981634,0.001000387684123962,-0.12849591364297333,0.0022083536942687667,3.910462337762859e-05
0.05,0.09,0.017,10,False,3,1,20.334089077036296,0.0010026244317066911,-0.07371573882046027,0.00851955325133203,0.0002631488042190116
0.05,0.09,0.017,10,True,3,4,1.3878167447787377,0.0010045250828663909,-0.049657973054461665,-0.02080484152823282,-2.7283526096724564e-05
0.05,0.09,0.017,10,False,3,6,5.3147715752190114,0.001001187892667356,-0.10133473830458226,0.006298273975340392,-7.48623979856203e-05
0.05,0.09,0.017,10,False,3,7,38.80782442001877,0.001002490227261899,-0.07553493153228553,0.0046141316488263,1.0569463900118894e-05
0.05,0.09,0.017,10,False,4,1,22.043685944396465,0.001000604717583196,-0.132796932231552,0.02641413463037889,6.484620885952744e-06
0.05,0.09,0.017,10,True,4,5,1.1943207906529107,0.001009372069089875,-0.002513525439443142,-0.02245142701466653,1.2039340408702926e-05
0.05,0.09,0.017,10,False,4,2,16.224371328982627,0.0010081825571910258,-0.012252688438632508,-0.019929783326380887,-0.0003084795605948646
0.05,0.09,0.017,10,False,6,0,29.954896688116246,0.0010003166030922751,-0.13949257800489256,0.013583487413212962,0.00029842950962666076
0.05,0.09,0.017,10,False,6,1,19.149229973838747,0.0010027364632846103,-0.07327653112834556,0.01664641791517065,0.0003398075526416106
0.05,0.09,0.017,10,False,6,3,29.665963286236455,0.0010006414389838693,-0.1350360777599805,-0.02930522113203472,0.0003815969995638966
0.05,0.09,0.017,10,True,6,7,0.851272032994397,0.0010098669997367887,0.0026929273912320913,-0.011895701703093092,-2.5968503266227523e-05
0.05,0.09,0.017,10,False,7,1,25.43267434549941,0.001000771328200163,-0.16218839719031222,0.03534350366295417,-7.7711127422158e-05
0.05,0.09,0.017,10,True,7,8,0.5968579330064834,0.0010139785571865274,0.030657551324304384,-0.028122582847756268,1.401374287133545e-05
0.05,0.09,0.017,10,True,0,1,0.9309549528191094,0.0010065297874892302,-0.028297284059485332,0.023487114430579725,2.815157939753232e-05
0.05,0.09,0.017,10,False,0,3,6.90612024663006,0.0010004678851029466,-0.126444824198328,0.010342210680837021,-9.051050379684829e-05
0.05,0.09,0.017,10,False,0,4,10.990558398266554,0.0010059109777994842,-0.034141215525184815,0.02095589481597183,-5.647022216641588e-05
0.05,0.09,0.017,10,False,0,6,6.0660234633716765,0.0010008842644867735,-0.11197281582137228,0.015018202548498089,-5.064932720775243e-05
0.05,0.09,0.017,10,False,0,7,24.869096268624784,0.0010084349840824808,-0.009224998685969798,-0.01288693988944818,-0.0003937950142091481
0.05,0.09,0.017,10,True,1,2,1.0974593822207905,0.001011104232084068,0.012651213889995025,-0.0013300750143537905,-3.4660341507249585e-06
0.05,0.09,0.017,10,False,1,4,20.816250993876462,0.001000659026172245,-0.12430565899585065,-0.021567621470464322,-0.0002450889717807772
0.05,0.09,0.017,10,False,1,7,32.03472383854344,0.001000421277400116,-0.1305802070226491,-0.013102292137841528,-0.0001251994256663987
0.05,0.09,0.017,10,False,3,0,11.344078103981634,0.001000387684123962,-0.12849591364297333,0.0022083536942687667,3.910462337762859e-05
0.05,0.09,0.017,10,False,3,1,20.334089077036296,0.0010026244317066911,-0.07371573882046027,0.00851955325133203,0.0002631488042190116
0.05,0.09,0.017,10,True,3,4,1.3878167447787377,0.0010045250828663909,-0.049657973054461665,-0.02080484152823282,-2.7283526096724564e-05
0.05,0.09,0.017,10,False,3,6,5.3147715752190114,0.001001187892667356,-0.10133473830458226,0.006298273975340392,-7.48623979856203e-05
0.05,0.09,0.017,10,False,3,7,38.80782442001877,0.001002490227261899,-0.07553493153228553,0.0046141316488263,1.0569463900118894e-05
0.05,0.09,0.017,10,False,4,1,22.043685944396465,0.001000604717583196,-0.132796932231552,0.02641413463037889,6.484620885952744e-06
0.05,0.09,0.017,10,True,4,5,1.1822921066650336,0.0010088066888126043,-0.00548895282763588,-0.0013104633246211223,3.798670615450445e-05
0.05,0.09,0.017,10,False,4,2,16.224371328982627,0.0010081825571910258,-0.012252688438632508,-0.019929783326380887,-0.0003084795605948646
0.05,0.09,0.017,10,False,6,0,29.954896688116246,0.0010003166030922751,-0.13949257800489256,0.013583487413212962,0.00029842950962666076
0.05,0.09,0.017,10,False,6,1,19.149229973838747,0.0010027364632846103,-0.07327653112834556,0.01664641791517065,0.0003398075526416106
0.05,0.09,0.017,10,False,6,3,29.665963286236455,0.0010006414389838693,-0.1350360777599805,-0.02930522113203472,0.0003815969995638966
0.05,0.09,0.017,10,True,6,7,0.8588629058264308,0.0010087376006905793,-0.006294764612198534,-0.008149409302409682,-3.008072247193549e-05
0.05,0.09,0.017,10,False,7,1,25.43267434549941,0.001000771328200163,-0.16218839719031222,0.03534350366295417,-7.7711127422158e-05
0.05,0.09,0.017,10,True,7,8,0.5968579330064834,0.0010139785571865274,0.030657551324304384,-0.028122582847756268,1.401374287133545e-05
0.05,0.09,0.017,10,True,0,1,1.0229340036251233,0.001006459075191218,-0.02712862028354882,-0.00971221875935171,1.8027846583774693e-05
0.05,0.09,0.017,10,False,0,3,6.90612024663006,0.0010004678851029466,-0.126444824198328,0.010342210680837021,-9.051050379684829e-05
0.05,0.09,0.017,10,False,0,4,10.990558398266554,0.0010059109777994842,-0.034141215525184815,0.02095589481597183,-5.647022216641588e-05
0.05,0.09,0.017,10,False,0,6,6.0660234633716765,0.0010008842644867735,-0.11197281582137228,0.015018202548498089,-5.064932720775243e-05
0.05,0.09,0.017,10,False,0,7,24.869096268624784,0.0010084349840824808,-0.009224998685969798,-0.01288693988944818,-0.0003937950142091481
0.05,0.09,0.017,10,True,1,2,1.3264800946539246,0.001007113354437342,-0.02122839978431708,-0.014012107961989144,1.706106951928294e-06
0.05,0.09,0.017,10,False,1,4,20.816250993876462,0.001000659026172245,-0.12430565899585065,-0.021567621470464322,-0.0002450889717807772
0.05,0.09,0.017,10,False,1,7,32.03472383854344,0.001000421277400116,-0.1305802070226491,-0.013102292137841528,-0.0001251994256663987
0.05,0.09,0.017,10,False,1,5,19.75379361009662,0.0010069788270181635,-0.021743940070483216,0.0015624904551457823,0.00024145145326805748
0.05,0.09,0.017,10,False,3,0,11.344078103981634,0.001000387684123962,-0.12849591364297333,0.0022083536942687667,3.910462337762859e-05
0.05,0.09,0.017,10,False,3,1,20.334089077036296,0.0010026244317066911,-0.07371573882046027,0.00851955325133203,0.0002631488042190116
0.05,0.09,0.017,10,True,3,4,1.3878167447787377,0.0010045250828663909,-0.049657973054461665,-0.02080484152823282,-2.7283526096724564e-05
0.05,0.09,0.017,10,False,3,6,5.3147715752190114,0.001001187892667356,-0.10133473830458226,0.006298273975340392,-7.48623979856203e-05
0.05,0.09,0.017,10,False,3,7,38.80782442001877,0.001002490227261899,-0.07553493153228553,0.0046141316488263,1.0569463900118894e-05
0.05,0.09,0.017,10,False,4,1,22.043685944396465,0.001000604717583196,-0.132796932231552,0.02641413463037889,6.484620885952744e-06
0.05,0.09,0.017,10,True,4,5,1.3350976379249317,0.0010081587816429412,-0.011444787252075811,-0.010784365513943779,4.4992577267137214e-05
0.05,0.09,0.017,10,False,4,2,16.224371328982627,0.0010081825571910258,-0.012252688438632508,-0.019929783326380887,-0.0003084795605948646
0.05,0.09,0.017,10,False,6,0,29.954896688116246,0.0010003166030922751,-0.13949257800489256,0.013583487413212962,0.00029842950962666076
0.05,0.09,0.017,10,False,6,1,19.149229973838747,0.0010027364632846103,-0.07327653112834556,0.01664641791517065,0.0003398075526416106
0.05,0.09,0.017,10,False,6,3,29.665963286236455,0.0010006414389838693,-0.1350360777599805,-0.02930522113203472,0.0003815969995638966
0.05,0.09,0.017,10,True,6,7,0.8588629058264308,0.0010087376006905793,-0.006294764612198534,-0.008149409302409682,-3.008072247193549e-05
0.05,0.09,0.017,10,False,7,1,25.43267434549941,0.001000771328200163,-0.16218839719031222,0.03534350366295417,-7.7711127422158e-05
0.05,0.09,0.017,10,False,7,4,41.70916946687687,0.001000239719793868,-0.14675780284668027,-0.009900838614621264,-0.0003508822024904718
0.05,0.09,0.017,10,True,7,8,0.5968579330064834,0.0010139785571865274,0.030657551324304384,-0.028122582847756268,1.401374287133545e-05
0.05,0.09,0.017,10,True,0,1,1.1596321814867863,0.0010064961116761683,-0.026510101068052735,-0.005636436731518391,2.0745356145837213e-06
0.05,0.09,0.017,10,False,0,3,15.160364259220302,0.001001132341217235,-0.10546935582295786,-0.017037436181408256,0.0002650904167134591
0.05,0.09,0.017,10,False,0,4,10.990558398266554,0.0010059109777994842,-0.034141215525184815,0.02095589481597183,-5.647022216641588e-05
0.05,0.09,0.017,10,False,0,6,6.0660234633716765,0.0010008842644867735,-0.11197281582137228,0.015018202548498089,-5.064932720775243e-05
0.05,0.09,0.017,10,False,0,7,24.869096268624784,0.0010084349840824808,-0.009224998685969798,-0.01288693988944818,-0.0003937950142091481
0.05,0.09,0.017,10,True,1,2,1.3264800946539246,0.001007113354437342,-0.02122839978431708,-0.014012107961989144,1.706106951928294e-06
0.05,0.09,0.017,10,False,1,4,20.816250993876462,0.001000659026172245,-0.12430565899585065,-0.021567621470464322,-0.0002450889717807772
0.05,0.09,0.017,10,False,1,7,32.03472383854344,0.001000421277400116,-0.1305802070226491,-0.013102292137841528,-0.0001251994256663987
0.05,0.09,0.017,10,False,1,5,19.75379361009662,0.0010069788270181635,-0.021743940070483216,0.0015624904551457823,0.00024145145326805748
0.05,0.09,0.017,10,False,3,0,11.344078103981634,0.001000387684123962,-0.12849591364297333,0.0022083536942687667,3.910462337762859e-05
0.05,0.09,0.017,10,False,3,1,20.334089077036296,0.0010026244317066911,-0.07371573882046027,0.00851955325133203,0.0002631488042190116
0.05,0.09,0.017,10,True,3,4,1.3878167447787377,0.0010045250828663909,-0.049657973054461665,-0.02080484152823282,-2.7283526096724564e-05
0.05,0.09,0.017,10,False,3,6,5.3147715752190114,0.001001187892667356,-0.10133473830458226,0.006298273975340392,-7.48623979856203e-05
0.05,0.09,0.017,10,False,3,7,38.80782442001877,0.001002490227261899,-0.07553493153228553,0.0046141316488263,1.0569463900118894e-05
0.05,0.09,0.017,10,False,4,1,22.043685944396465,0.001000604717583196,-0.132796932231552,0.02641413463037889,6.484620885952744e-06
0.05,0.09,0.017,10,True,4,5,1.3350976379249317,0.0010081587816429412,-0.011444787252075811,-0.010784365513943779,4.4992577267137214e-05
0.05,0.09,0.017,10,False,4,7,73.28202811181895,0.0010006167042332756,-0.15598002271179115,0.03142559309828294,0.00044474018187831276
0.05,0.09,0.017,10,False,4,2,16.224371328982627,0.0010081825571910258,-0.012252688438632508,-0.019929783326380887,-0.0003084795605948646
0.05,0.09,0.017,10,False,6,0,29.954896688116246,0.0010003166030922751,-0.13949257800489256,0.013583487413212962,0.00029842950962666076
0.05,0.09,0.017,10,False,6,1,19.149229973838747,0.0010027364632846103,-0.07327653112834556,0.01664641791517065,0.0003398075526416106
0.05,0.09,0.017,10,False,6,3,29.665963286236455,0.0010006414389838693,-0.1350360777599805,-0.02930522113203472,0.0003815969995638966
0.05,0.09,0.017,10,False,6,4,30.18971176954065,0.0010048366969508506,-0.04395748618053992,-0.0034119414516627622,-6.408879857447354e-05
0.05,0.09,0.017,10,True,6,7,0.8588629058264308,0.0010087376006905793,-0.006294764612198534,-0.008149409302409682,-3.008072247193549e-05
0.05,0.09,0.017,10,False,7,1,25.43267434549941,0.001000771328200163,-0.16218839719031222,0.03534350366295417,-7.7711127422158e-05
0.05,0.09,0.017,10,False,7,4,30.198132150562213,0.0010001969316262554,-0.15153188072861518,-0.0015304969682495698,-0.00022340376535255106
0.05,0.09,0.017,10,True,7,8,1.0004350053721818,0.0010096602923830562,0.0005667713423999864,-0.01688121824203201,2.4994440603797206e-05
0.05,0.09,0.009,10,False,6,3,28.22007267784743,0.0010005182564097306,-0.12881515320791018,0.018572456536166012,0.0003044906080086741
0.05,0.09,0.009,10,True,0,1,1.1047374222845456,0.0010059410390475493,-0.03147994010422706,-0.007879008690223961,-1.5685498140226234e-06
0.05,0.09,0.009,10,False,3,6,15.895135677076883,0.0010004134040784787,-0.16684529758090225,-0.015890435894820875,-0.00021822040466229064
0.05,0.09,0.009,10,True,4,5,1.0934276968753776,0.0010080133367198802,-0.011475428181237873,0.002905429177333248,1.9035054603995103e-05
0.05,0.09,0.009,10,False,6,0,20.419585920765616,0.001001220684047884,-0.10755180298587237,0.026770285669613737,0.0002780865582302962
0.05,0.09,0.009,10,False,6,3,26.84969929807363,0.0010004505583773348,-0.13220033741126636,0.01762627901347889,0.0004193354656597212
0.05,0.09,0.009,10,True,0,1,1.0569264118900212,0.0010062253685223102,-0.02840571334140774,-0.004697834132788282,-2.7894298260239125e-06
0.05,0.09,0.009,10,False,0,3,26.945911851130795,0.001000328725460011,-0.13373930400158854,0.007996783335199521,0.0004717718417675091
0.05,0.09,0.009,10,False,0,6,30.615642033190426,0.0010003905866612021,-0.1704495986219023,-0.007877469978338382,0.0005083611689895659
0.05,0.09,0.009,10,True,3,4,0.9742652601863467,0.0010059018561485956,-0.03226769132047616,-0.012327837170001223,-2.341704238946136e-05
0.05,0.09,0.009,10,False,3,6,15.549971014792543,0.0010002635635896827,-0.16144207245874226,-0.006118627662105779,-0.0001673883867015456
0.05,0.09,0.009,10,True,4,5,1.1161184276360157,0.001006372057952367,-0.027050716029786273,0.007134579157538563,5.611337425856145e-06
0.05,0.09,0.009,10,False,6,0,18.774045053712097,0.001000822670213758,-0.11307281260434271,0.013326551167489495,0.0003648851554628142
0.05,0.09,0.009,10,False,6,3,26.84969929807363,0.0010004505583773348,-0.13220033741126636,0.01762627901347889,0.0004193354656597212
0.05,0.09,0.009,10,True,7,8,1.1170120997780284,0.001008107496073256,-0.011026189536242379,0.010722886082483613,-1.0430690761796146e-05
0.05,0.09,0.009,10,True,0,1,1.0569264118900212,0.0010062253685223102,-0.02840571334140774,-0.004697834132788282,-2.7894298260239125e-06
0.05,0.09,0.009,10,False,0,3,31.3013648861413,0.0010003259131117631,-0.13282233433040588,0.005136673831778614,0.0005186528727872181
0.05,0.09,0.009,10,False,0,6,35.37712310627178,0.0010006492438264327,-0.17501531376879295,-0.022127351010239812,0.0005617784151847564
0.05,0.09,0.009,10,True,1,2,0.8257620639011964,0.0010112363251396222,0.01432293856945169,0.010456649863497727,1.7770919620843137e-05
0.05,0.09,0.009,10,True,3,4,1.0128357811584787,0.0010053862945143494,-0.03724354411554894,-0.005737793214956342,-2.6498845186922625e-05
0.05,0.09,0.009,10,False,3,6,15.549971014792543,0.0010002635635896827,-0.16144207245874226,-0.006118627662105779,-0.0001673883867015456
0.05,0.09,0.009,10,True,4,5,1.1161184276360157,0.001006372057952367,-0.027050716029786273,0.007134579157538563,5.611337425856145e-06
0.05,0.09,0.009,10,False,6,0,18.774045053712097,0.001000822670213758,-0.11307281260434271,0.013326551167489495,0.0003648851554628142
0.05,0.09,0.009,10,False,6,1,18.841267793777263,0.0010059777231277737,-0.03244795141147704,0.01950695976318328,-0.00020221215766793704
0.05,0.09,0.009,10,False,6,3,26.84969929807363,0.0010004505583773348,-0.13220033741126636,0.01762627901347889,0.0004193354656597212
0.05,0.09,0.009,10,True,6,7,1.508040921625965,0.00100851833234461,-0.007846700850718763,0.015163428390265668,-7.68998468539821e-05
0.05,0.09,0.009,10,True,7,8,1.268449551122877,0.0010085463535481369,-0.006833187601094124,0.003090971108709598,-1.8365577135668098e-06
0.05,0.09,0.009,10,True,0,1,1.0569264118900212,0.0010062253685223102,-0.02840571334140774,-0.004697834132788282,-2.7894298260239125e-06
0.05,0.09,0.009,10,False,0,3,31.3013648861413,0.0010003259131117631,-0.13282233433040588,0.005136673831778614,0.0005186528727872181
0.05,0.09,0.009,10,False,0,6,35.37712310627178,0.0010006492438264327,-0.17501531376879295,-0.022127351010239812,0.0005617784151847564
0.05,0.09,0.009,10,True,1,2,0.9608494079121902,0.0010107952866089003,0.01123702377001125,0.005571931270545986,3.295287534900426e-05
0.05,0.09,0.009,10,False,3,0,10.541510426119494,0.0010004663098286935,-0.12431667797485538,0.0025583666494967097,-0.00016251863542824591
0.05,0.09,0.009,10,True,3,4,1.0128357811584787,0.0010053862945143494,-0.03724354411554894,-0.005737793214956342,-2.6498845186922625e-05
0.05,0.09,0.009,10,False,3,6,15.549971014792543,0.0010002635635896827,-0.16144207245874226,-0.006118627662105779,-0.0001673883867015456
0.05,0.09,0.009,10,True,4,5,1.1161184276360157,0.001006372057952367,-0.027050716029786273,0.007134579157538563,5.611337425856145e-06
0.05,0.09,0.009,10,False,6,0,18.774045053712097,0.001000822670213758,-0.11307281260434271,0.013326551167489495,0.0003648851554628142
0.05,0.09,0.009,10,False,6,1,12.981166991120208,0.001006324348850957,-0.030467909033309624,0.027610755516450636,-0.00015526347341259644
0.05,0.09,0.009,10,False,6,3,26.84969929807363,0.0010004505583773348,-0.13220033741126636,0.01762627901347889,0.0004193354656597212
0.05,0.09,0.009,10,True,6,7,1.508040921625965,0.00100851833234461,-0.007846700850718763,0.015163428390265668,-7.68998468539821e-05
0.05,0.09,0.009,10,True,7,8,1.268449551122877,0.0010085463535481369,-0.006833187601094124,0.003090971108709598,-1.8365577135668098e-06
0.05,0.09,0.009,10,True,0,1,1.0569264118900212,0.0010062253685223102,-0.02840571334140774,-0.004697834132788282,-2.7894298260239125e-06
0.05,0.09,0.009,10,False,0,3,31.3013648861413,0.0010003259131117631,-0.13282233433040588,0.005136673831778614,0.0005186528727872181
0.05,0.09,0.009,10,False,0,6,35.37712310627178,0.0010006492438264327,-0.17501531376879295,-0.022127351010239812,0.0005617784151847564
0.05,0.09,0.009,10,True,1,2,0.9608494079121902,0.0010107952866089003,0.01123702377001125,0.005571931270545986,3.295287534900426e-05
0.05,0.09,0.009,10,False,3,0,11.0793481077335,0.0010004596512719064,-0.12636358145864138,0.009547751803222072,-0.00016972172291496445
0.05,0.09,0.009,10,True,3,4,1.0128357811584787,0.0010053862945143494,-0.03724354411554894,-0.005737793214956342,-2.6498845186922625e-05
0.05,0.09,0.009,10,False,3,6,15.549971014792543,0.0010002635635896827,-0.16144207245874226,-0.006118627662105779,-0.0001673883867015456
0.05,0.09,0.009,10,False,3,7,22.642631483241715,0.0010039807752516327,-0.05678708858690625,-0.024639812995282378,-0.00043634328371698866
0.05,0.09,0.009,10,True,4,5,1.1161184276360157,0.001006372057952367,-0.027050716029786273,0.007134579157538563,5.611337425856145e-06
0.05,0.09,0.009,10,False,6,0,18.774045053712097,0.001000822670213758,-0.11307281260434271,0.013326551167489495,0.0003648851554628142
0.05,0.09,0.009,10,False,6,1,12.981166991120208,0.001006324348850957,-0.030467909033309624,0.027610755516450636,-0.00015526347341259644
0.05,0.09,0.009,10,False,6,3,26.84969929807363,0.0010004505583773348,-0.13220033741126636,0.01762627901347889,0.0004193354656597212
0.05,0.09,0.009,10,True,6,7,1.1913515289598497,0.0010075412481720984,-0.016325054025094952,0.01301235982364596,-5.7959913601658706e-05
0.05,0.09,0.009,10,True,7,8,1.268449551122877,0.0010085463535481369,-0.006833187601094124,0.003090971108709598,-1.8365577135668098e-06
0.05,0.09,0.009,10,True,0,1,1.0569264118900212,0.0010062253685223102,-0.02840571334140774,-0.004697834132788282,-2.7894298260239125e-06
0.05,0.09,0.009,10,False,0,3,31.3013648861413,0.0010003259131117631,-0.13282233433040588,0.005136673831778614,0.0005186528727872181
0.05,0.09,0.009,10,False,0,6,35.37712310627178,0.0010006492438264327,-0.17501531376879295,-0.022127351010239812,0.0005617784151847564
0.05,0.09,0.009,10,True,1,2,0.9608494079121902,0.0010107952866089003,0.01123702377001125,0.005571931270545986,3.295287534900426e-05
0.05,0.09,0.009,10,False,3,0,11.0793481077335,0.0010004596512719064,-0.12636358145864138,0.009547751803222072,-0.00016972172291496445
0.05,0.09,0.009,10,True,3,4,1.0128357811584787,0.0010053862945143494,-0.03724354411554894,-0.005737793214956342,-2.6498845186922625e-05
0.05,0.09,0.009,10,False,3,6,15.549971014792543,0.0010002635635896827,-0.16144207245874226,-0.006118627662105779,-0.0001673883867015456
0.05,0.09,0.009,10,False,3,7,22.779939353117122,0.0010050799351120259,-0.042238830587858184,-0.01955086245030024,-0.0004324938711092709
0.05,0.09,0.009,10,True,4,5,1.1161184276360157,0.001006372057952367,-0.027050716029786273,0.007134579157538563,5.611337425856145e-06
0.05,0.09,0.009,10,False,6,0,18.774045053712097,0.001000822670213758,-0.11307281260434271,0.013326551167489495,0.0003648851554628142
0.05,0.09,0.009,10,False,6,1,12.981166991120208,0.001006324348850957,-0.030467909033309624,0.027610755516450636,-0.00015526347341259644
0.05,0.09,0.009,10,False,6,3,26.84969929807363,0.0010004505583773348,-0.13220033741126636,0.01762627901347889,0.0004193354656597212
0.05,0.09,0.009,10,True,6,7,1.1913515289598497,0.0010075412481720984,-0.016325054025094952,0.01301235982364596,-5.7959913601658706e-05
0.05,0.09,0.009,10,True,7,8,1.268449551122877,0.0010085463535481369,-0.006833187601094124,0.003090971108709598,-1.8365577135668098e-06
0.05,0.09,0.009,10,True,0,1,1.0569264118900212,0.0010062253685223102,-0.02840571334140774,-0.004697834132788282,-2.7894298260239125e-06
0.05,0.09,0.009,10,False,0,3,31.3013648861413,0.0010003259131117631,-0.13282233433040588,0.005136673831778614,0.0005186528727872181
0.05,0.09,0.009,10,False,0,7,17.890032532076493,0.0010064230054381805,-0.027587543625541062,0.017542615314977836,0.00024652339423016307
0.05,0.09,0.009,10,False,0,6,35.37712310627178,0.0010006492438264327,-0.17501531376879295,-0.022127351010239812,0.0005617784151847564
0.05,0.09,0.009,10,True,1,2,0.9608494079121902,0.0010107952866089003,0.01123702377001125,0.005571931270545986,3.295287534900426e-05
0.05,0.09,0.009,10,False,3,0,11.0793481077335,0.0010004596512719064,-0.12636358145864138,0.009547751803222072,-0.00016972172291496445
0.05,0.09,0.009,10,True,3,4,1.0128357811584787,0.0010053862945143494,-0.03724354411554894,-0.005737793214956342,-2.6498845186922625e-05
0.05,0.09,0.009,10,False,3,6,15.549971014792543,0.0010002635635896827,-0.16144207245874226,-0.006118627662105779,-0.0001673883867015456
0.05,0.09,0.009,10,False,3,7,22.779939353117122,0.0010050799351120259,-0.042238830587858184,-0.01955086245030024,-0.0004324938711092709
0.05,0.09,0.009,10,False,3,1,38.44571822295987,0.0010036780562205417,-0.0584808192188249,-0.013291739871968763,-0.0006455813890731408
0.05,0.09,0.009,10,True,4,5,1.1161184276360157,0.001006372057952367,-0.027050716029786273,0.007134579157538563,5.611337425856145e-06
0.05,0.09,0.009,10,False,6,0,18.774045053712097,0.001000822670213758,-0.11307281260434271,0.013326551167489495,0.0003648851554628142
0.05,0.09,0.009,10,False,6,1,12.981166991120208,0.001006324348850957,-0.030467909033309624,0.027610755516450636,-0.00015526347341259644
0.05,0.09,0.009,10,False,6,3,26.84969929807363,0.0010004505583773348,-0.13220033741126636,0.01762627901347889,0.0004193354656597212
0.05,0.09,0.009,10,False,6,4,20.20977449509526,0.0010076200775075927,-0.01656873898797471,0.020686778611505075,0.0003719119650041782
0.05,0.09,0.009,10,True,6,7,1.1913515289598497,0.0010075412481720984,-0.016325054025094952,0.01301235982364596,-5.7959913601658706e-05
0.05,0.09,0.009,10,True,7,8,1.268449551122877,0.0010085463535481369,-0.006833187601094124,0.003090971108709598,-1.8365577135668098e-06
0.05,0.09,0.009,10,True,0,1,1.0569264118900212,0.0010062253685223102,-0.02840571334140774,-0.004697834132788282,-2.7894298260239125e-06
0.05,0.09,0.009,10,False,0,3,31.3013648861413,0.0010003259131117631,-0.13282233433040588,0.005136673831778614,0.0005186528727872181
0.05,0.09,0.009,10,False,0,7,17.890032532076493,0.0010064230054381805,-0.027587543625541062,0.017542615314977836,0.00024652339423016307
0.05,0.09,0.009,10,False,0,6,35.37712310627178,0.0010006492438264327,-0.17501531376879295,-0.022127351010239812,0.0005617784151847564
0.05,0.09,0.009,10,True,1,2,0.9608494079121902,0.0010107952866089003,0.01123702377001125,0.005571931270545986,3.295287534900426e-05
0.05,0.09,0.009,10,False,3,0,11.0793481077335,0.0010004596512719064,-0.12636358145864138,0.009547751803222072,-0.00016972172291496445
0.05,0.09,0.009,10,True,3,4,1.0128357811584787,0.0010053862945143494,-0.03724354411554894,-0.005737793214956342,-2.6498845186922625e-05
0.05,0.09,0.009,10,False,3,6,15.549971014792543,0.0010002635635896827,-0.16144207245874226,-0.006118627662105779,-0.0001673883867015456
0.05,0.09,0.009,10,False,3,7,22.779939353117122,0.0010050799351120259,-0.042238830587858184,-0.01955086245030024,-0.0004324938711092709
0.05,0.09,0.009,10,False,3,1,27.84965691387052,0.0010042270801663318,-0.05235470001531515,-0.0191301864111973,-0.0005627018337339766
0.05,0.09,0.009,10,True,4,5,1.1161184276360157,0.001006372057952367,-0.027050716029786273,0.007134579157538563,5.611337425856145e-06
0.05,0.09,0.009,10,False,6,0,18.774045053712097,0.001000822670213758,-0.11307281260434271,0.013326551167489495,0.0003648851554628142
0.05,0.09,0.009,10,False,6,1,12.981166991120208,0.001006324348850957,-0.030467909033309624,0.027610755516450636,-0.00015526347341259644
0.05,0.09,0.009,10,False,6,3,26.84969929807363,0.0010004505583773348,-0.13220033741126636,0.01762627901347889,0.0004193354656597212
0.05,0.09,0.009,10,False,6,4,20.757184009612704,0.0010075935843568847,-0.01696368223145854,0.0216368022938142,0.0003560183263425021
0.05,0.09,0.009,10,True,6,7,1.1913515289598497,0.0010075412481720984,-0.016325054025094952,0.01301235982364596,-5.7959913601658706e-05
0.05,0.09,0.009,10,True,7,8,1.268449551122877,0.0010085463535481369,-0.006833187601094124,0.003090971108709598,-1.8365577135668098e-06
0.05,0.09,0.009,10,True,0,1,1.0569264118900212,0.0010062253685223102,-0.02840571334140774,-0.004697834132788282,-2.7894298260239125e-06
0.05,0.09,0.009,10,False,0,3,31.3013648861413,0.0010003259131117631,-0.13282233433040588,0.005136673831778614,0.0005186528727872181
0.05,0.09,0.009,10,False,0,7,15.958071072459415,0.0010065215297661572,-0.027483989525721536,0.022897353375085683,0.00022892141672086123
0.05,0.09,0.009,10,False,0,6,35.37712310627178,0.0010006492438264327,-0.17501531376879295,-0.022127351010239812,0.0005617784151847564
0.05,0.09,0.009,10,True,1,2,0.9608494079121902,0.0010107952866089003,0.01123702377001125,0.005571931270545986,3.295287534900426e-05
0.05,0.09,0.009,10,False,3,0,11.0793481077335,0.0010004596512719064,-0.12636358145864138,0.009547751803222072,-0.00016972172291496445
0.05,0.09,0.009,10,True,3,4,1.0128357811584787,0.0010053862945143494,-0.03724354411554894,-0.005737793214956342,-2.6498845186922625e-05
0.05,0.09,0.009,10,False,3,6,15.549971014792543,0.0010002635635896827,-0.16144207245874226,-0.006118627662105779,-0.0001673883867015456
0.05,0.09,0.009,10,False,3,7,22.779939353117122,0.0010050799351120259,-0.042238830587858184,-0.01955086245030024,-0.0004324938711092709
0.05,0.09,0.009,10,False,3,1,27.84965691387052,0.0010042270801663318,-0.05235470001531515,-0.0191301864111973,-0.0005627018337339766
0.05,0.09,0.009,10,True,4,5,1.1161184276360157,0.001006372057952367,-0.027050716029786273,0.007134579157538563,5.611337425856145e-06
0.05,0.09,0.009,10,False,6,0,18.774045053712097,0.001000822670213758,-0.11307281260434271,0.013326551167489495,0.0003648851554628142
0.05,0.09,0.009,10,False,6,1,12.981166991120208,0.001006324348850957,-0.030467909033309624,0.027610755516450636,-0.00015526347341259644
0.05,0.09,0.009,10,False,6,3,26.84969929807363,0.0010004505583773348,-0.13220033741126636,0.01762627901347889,0.0004193354656597212
0.05,0.09,0.009,10,False,6,4,20.757184009612704,0.0010075935843568847,-0.01696368223145854,0.0216368022938142,0.0003560183263425021
0.05,0.09,0.009,10,True,6,7,1.1913515289598497,0.0010075412481720984,-0.016325054025094952,0.01301235982364596,-5.7959913601658706e-05
0.05,0.09,0.009,10,True,7,8,1.268449551122877,0.0010085463535481369,-0.006833187601094124,0.003090971108709598,-1.8365577135668098e-06
0.05,0.09,0.009,10,True,0,1,1.0569264118900212,0.0010062253685223102,-0.02840571334140774,-0.004697834132788282,-2.7894298260239125e-06
0.05,0.09,0.009,10,False,0,3,31.3013648861413,0.0010003259131117631,-0.13282233433040588,0.005136673831778614,0.0005186528727872181
0.05,0.09,0.009,10,False,0,7,15.958071072459415,0.0010065215297661572,-0.027483989525721536,0.022897353375085683,0.00022892141672086123
0.05,0.09,0.009,10,False,0,6,35.37712310627178,0.0010006492438264327,-0.17501531376879295,-0.022127351010239812,0.0005617784151847564
0.05,0.09,0.009,10,False,0,4,29.190028126566602,0.0010032998731967194,-0.06323329165166126,0.009770618752360129,0.0005010697464875639
0.05,0.09,0.009,10,True,1,2,0.9608494079121902,0.0010107952866089003,0.01123702377001125,0.005571931270545986,3.295287534900426e-05
0.05,0.09,0.009,10,False,3,0,11.0793481077335,0.0010004596512719064,-0.12636358145864138,0.009547751803222072,-0.00016972172291496445
0.05,0.09,0.009,10,True,3,4,1.0128357811584787,0.0010053862945143494,-0.03724354411554894,-0.005737793214956342,-2.6498845186922625e-05
0.05,0.09,0.009,10,False,3,6,15.549971014792543,0.0010002635635896827,-0.16144207245874226,-0.006118627662105779,-0.0001673883867015456
0.05,0.09,0.009,10,False,3,7,22.779939353117122,0.0010050799351120259,-0.042238830587858184,-0.01955086245030024,-0.0004324938711092709
0.05,0.09,0.009,10,False,3,1,27.84965691387052,0.0010042270801663318,-0.05235470001531515,-0.0191301864111973,-0.0005627018337339766
0.05,0.09,0.009,10,True,4,5,1.1161184276360157,0.001006372057952367,-0.027050716029786273,0.007134579157538563,5.611337425856145e-06
0.05,0.09,0.009,10,False,6,0,18.774045053712097,0.001000822670213758,-0.11307281260434271,0.013326551167489495,0.0003648851554628142
0.05,0.09,0.009,10,False,6,1,12.981166991120208,0.001006324348850957,-0.030467909033309624,0.027610755516450636,-0.00015526347341259644
0.05,0.09,0.009,10,False,6,3,26.84969929807363,0.0010004505583773348,-0.13220033741126636,0.01762627901347889,0.0004193354656597212
0.05,0.09,0.009,10,False,6,4,20.757184009612704,0.0010075935843568847,-0.01696368223145854,0.0216368022938142,0.0003560183263425021
0.05,0.09,0.009,10,True,6,7,1.1913515289598497,0.0010075412481720984,-0.016325054025094952,0.01301235982364596,-5.7959913601658706e-05
0.05,0.09,0.009,10,False,7,4,15.806827257334342,0.0010006085423053675,-0.13507218245262717,0.028153319042525243,-0.00030297092724061286
0.05,0.09,0.009,10,True,7,8,1.268449551122877,0.0010085463535481369,-0.006833187601094124,0.003090971108709598,-1.8365577135668098e-06
0.05,0.09,0.009,10,True,0,1,1.0569264118900212,0.0010062253685223102,-0.02840571334140774,-0.004697834132788282,-2.7894298260239125e-06
0.05,0.09,0.009,10,False,0,3,31.3013648861413,0.0010003259131117631,-0.13282233433040588,0.005136673831778614,0.0005186528727872181
0.05,0.09,0.009,10,False,0,7,15.958071072459415,0.0010065215297661572,-0.027483989525721536,0.022897353375085683,0.00022892141672086123
0.05,0.09,0.009,10,False,0,6,35.37712310627178,0.0010006492438264327,-0.17501531376879295,-0.022127351010239812,0.0005617784151847564
0.05,0.09,0.009,10,False,0,4,29.190028126566602,0.0010032998731967194,-0.06323329165166126,0.009770618752360129,0.0005010697464875639
0.05,0.09,0.009,10,True,1,2,0.9608494079121902,0.0010107952866089003,0.01123702377001125,0.005571931270545986,3.295287534900426e-05
0.05,0.09,0.009,10,False,1,7,8.937858015915328,0.0010009880621690056,-0.11947210381682802,0.03186459040782671,5.0385111480045335e-05
0.05,0.09,0.009,10,False,3,0,11.0793481077335,0.0010004596512719064,-0.12636358145864138,0.009547751803222072,-0.00016972172291496445
0.05,0.09,0.009,10,True,3,4,1.0128357811584787,0.0010053862945143494,-0.03724354411554894,-0.005737793214956342,-2.6498845186922625e-05
0.05,0.09,0.009,10,False,3,6,15.549971014792543,0.0010002635635896827,-0.16144207245874226,-0.006118627662105779,-0.0001673883867015456
0.05,0.09,0.009,10,False,3,7,22.779939353117122,0.0010050799351120259,-0.042238830587858184,-0.01955086245030024,-0.0004324938711092709
0.05,0.09,0.009,10,False,3,1,27.84965691387052,0.0010042270801663318,-0.05235470001531515,-0.0191301864111973,-0.0005627018337339766
0.05,0.09,0.009,10,True,4,5,1.1161184276360157,0.001006372057952367,-0.027050716029786273,0.007134579157538563,5.611337425856145e-06
0.05,0.09,0.009,10,False,6,0,18.774045053712097,0.001000822670213758,-0.11307281260434271,0.013326551167489495,0.0003648851554628142
0.05,0.09,0.009,10,False,6,1,12.981166991120208,0.001006324348850957,-0.030467909033309624,0.027610755516450636,-0.00015526347341259644
0.05,0.09,0.009,10,False,6,3,26.84969929807363,0.0010004505583773348,-0.13220033741126636,0.01762627901347889,0.0004193354656597212
0.05,0.09,0.009,10,False,6,4,20.757184009612704,0.0010075935843568847,-0.01696368223145854,0.0216368022938142,0.0003560183263425021
0.05,0.09,0.009,10,True,6,7,1.1913515289598497,0.0010075412481720984,-0.016325054025094952,0.01301235982364596,-5.7959913601658706e-05
0.05,0.09,0.009,10,False,7,4,15.806827257334342,0.0010006085423053675,-0.13507218245262717,0.028153319042525243,-0.00030297092724061286
0.05,0.09,0.009,10,True,7,8,1.268449551122877,0.0010085463535481369,-0.006833187601094124,0.003090971108709598,-1.8365577135668098e-06
0.05,0.09,0.009,10,True,0,1,1.0569264118900212,0.0010062253685223102,-0.02840571334140774,-0.004697834132788282,-2.7894298260239125e-06
0.05,0.09,0.009,10,False,0,3,31.3013648861413,0.0010003259131117631,-0.13282233433040588,0.005136673831778614,0.0005186528727872181
0.05,0.09,0.009,10,False,0,7,15.958071072459415,0.0010065215297661572,-0.027483989525721536,0.022897353375085683,0.00022892141672086123
0.05,0.09,0.009,10,False,0,6,35.37712310627178,0.0010006492438264327,-0.17501531376879295,-0.022127351010239812,0.0005617784151847564
0.05,0.09,0.009,10,False,0,4,29.190028126566602,0.0010032998731967194,-0.06323329165166126,0.009770618752360129,0.0005010697464875639
0.05,0.09,0.009,10,True,1,2,0.9608494079121902,0.0010107952866089003,0.01123702377001125,0.005571931270545986,3.295287534900426e-05
0.05,0.09,0.009,10,False,1,7,10.212751340895602,0.0010004804737473111,-0.12828916103373184,0.015152844003935087,-1.0019508587812469e-07
0.05,0.09,0.009,10,False,3,0,11.0793481077335,0.0010004596512719064,-0.12636358145864138,0.009547751803222072,-0.00016972172291496445
0.05,0.09,0.009,10,True,3,4,1.0128357811584787,0.0010053862945143494,-0.03724354411554894,-0.005737793214956342,-2.6498845186922625e-05
0.05,0.09,0.009,10,False,3,6,15.549971014792543,0.0010002635635896827,-0.16144207245874226,-0.006118627662105779,-0.0001673883867015456
0.05,0.09,0.009,10,False,3,7,22.779939353117122,0.0010050799351120259,-0.042238830587858184,-0.01955086245030024,-0.0004324938711092709
0.05,0.09,0.009,10,False,3,1,27.84965691387052,0.0010042270801663318,-0.05235470001531515,-0.0191301864111973,-0.0005627018337339766
0.05,0.09,0.009,10,True,4,5,1.1161184276360157,0.001006372057952367,-0.027050716029786273,0.007134579157538563,5.611337425856145e-06
0.05,0.09,0.009,10,False,4,7,43.643429147578175,0.0010003501653115488,-0.13536279020503586,-0.012913611604976699,-0.0002756828071562889
0.05,0.09,0.009,10,False,6,0,18.774045053712097,0.001000822670213758,-0.11307281260434271,0.013326551167489495,0.0003648851554628142
0.05,0.09,0.009,10,False,6,1,12.981166991120208,0.001006324348850957,-0.030467909033309624,0.027610755516450636,-0.00015526347341259644
0.05,0.09,0.009,10,False,6,3,26.84969929807363,0.0010004505583773348,-0.13220033741126636,0.01762627901347889,0.0004193354656597212
0.05,0.09,0.009,10,False,6,4,20.757184009612704,0.0010075935843568847,-0.01696368223145854,0.0216368022938142,0.0003560183263425021
0.05,0.09,0.009,10,True,6,7,1.1913515289598497,0.0010075412481720984,-0.016325054025094952,0.01301235982364596,-5.7959913601658706e-05
0.05,0.09,0.009,10,False,7,4,18.963603996313672,0.0010002866900944859,-0.14127601856156938,0.012208116033334165,-0.00041977911076134525
0.05,0.09,0.009,10,True,7,8,1.268449551122877,0.0010085463535481369,-0.006833187601094124,0.003090971108709598,-1.8365577135668098e-06
0.05,0.09,0.009,10,True,0,1,1.0569264118900212,0.0010062253685223102,-0.02840571334140774,-0.004697834132788282,-2.7894298260239125e-06
0.05,0.09,0.009,10,False,0,3,31.3013648861413,0.0010003259131117631,-0.13282233433040588,0.005136673831778614,0.0005186528727872181
0.05,0.09,0.009,10,False,0,7,15.958071072459415,0.0010065215297661572,-0.027483989525721536,0.022897353375085683,0.00022892141672086123
0.05,0.09,0.009,10,False,0,6,35.37712310627178,0.0010006492438264327,-0.17501531376879295,-0.022127351010239812,0.0005617784151847564
0.05,0.09,0.009,10,False,0,4,35.96995930476145,0.001002565975020084,-0.07390783741150422,0.005610922936299792,0.0003342006604038207
0.05,0.09,0.009,10,True,1,2,0.9608494079121902,0.0010107952866089003,0.01123702377001125,0.005571931270545986,3.295287534900426e-05
0.05,0.09,0.009,10,False,1,7,10.212751340895602,0.0010004804737473111,-0.12828916103373184,0.015152844003935087,-1.0019508587812469e-07
0.05,0.09,0.009,10,False,3,0,11.0793481077335,0.0010004596512719064,-0.12636358145864138,0.009547751803222072,-0.00016972172291496445
0.05,0.09,0.009,10,True,3,4,1.0128357811584787,0.0010053862945143494,-0.03724354411554894,-0.005737793214956342,-2.6498845186922625e-05
0.05,0.09,0.009,10,False,3,6,15.549971014792543,0.0010002635635896827,-0.16144207245874226,-0.006118627662105779,-0.0001673883867015456
0.05,0.09,0.009,10,False,3,7,22.779939353117122,0.0010050799351120259,-0.042238830587858184,-0.01955086245030024,-0.0004324938711092709
0.05,0.09,0.009,10,False,3,1,27.84965691387052,0.0010042270801663318,-0.05235470001531515,-0.0191301864111973,-0.0005627018337339766
0.05,0.09,0.009,10,True,4,5,0.7993374474032842,0.0010116273304361391,0.017011415741910316,-0.013365942121280661,-3.242330443658719e-05
0.05,0.09,0.009,10,False,4,7,43.643429147578175,0.0010003501653115488,-0.13536279020503586,-0.012913611604976699,-0.0002756828071562889
0.05,0.09,0.009,10,False,6,0,18.774045053712097,0.001000822670213758,-0.11307281260434271,0.013326551167489495,0.0003648851554628142
0.05,0.09,0.009,10,False,6,1,12.981166991120208,0.001006324348850957,-0.030467909033309624,0.027610755516450636,-0.00015526347341259644
0.05,0.09,0.009,10,False,6,3,26.465845229782666,0.0010007225475116852,-0.1223878505563223,-0.023085503815157445,-0.00039413854909067455
0.05,0.09,0.009,10,False,6,4,20.757184009612704,0.0010075935843568847,-0.01696368223145854,0.0216368022938142,0.0003560183263425021
0.05,0.09,0.009,10,True,6,7,1.1913515289598497,0.0010075412481720984,-0.016325054025094952,0.01301235982364596,-5.7959913601658706e-05
0.05,0.09,0.009,10,False,7,4,18.963603996313672,0.0010002866900944859,-0.14127601856156938,0.012208116033334165,-0.00041977911076134525
0.05,0.09,0.009,10,True,7,8,1.268449551122877,0.0010085463535481369,-0.006833187601094124,0.003090971108709598,-1.8365577135668098e-06
0.05,0.09,0.009,10,True,0,1,1.0569264118900212,0.0010062253685223102,-0.02840571334140774,-0.004697834132788282,-2.7894298260239125e-06
0.05,0.09,0.009,10,False,0,3,30.75296403062155,0.001000316260232006,-0.13550105011538444,0.009355910141822485,-0.0002398758054994059
0.05,0.09,0.009,10,False,0,7,15.958071072459415,0.0010065215297661572,-0.027483989525721536,0.022897353375085683,0.00022892141672086123
0.05,0.09,0.009,10,False,0,6,35.37712310627178,0.0010006492438264327,-0.17501531376879295,-0.022127351010239812,0.0005617784151847564
0.05,0.09,0.009,10,False,0,4,35.96995930476145,0.001002565975020084,-0.07390783741150422,0.005610922936299792,0.0003342006604038207
0.05,0.09,0.009,10,True,1,2,0.9608494079121902,0.0010107952866089003,0.01123702377001125,0.005571931270545986,3.295287534900426e-05
0.05,0.09,0.009,10,False,1,7,10.212751340895602,0.0010004804737473111,-0.12828916103373184,0.015152844003935087,-1.0019508587812469e-07
0.05,0.09,0.009,10,False,3,0,11.0793481077335,0.0010004596512719064,-0.12636358145864138,0.009547751803222072,-0.00016972172291496445
0.05,0.09,0.009,10,True,3,4,1.0128357811584787,0.0010053862945143494,-0.03724354411554894,-0.005737793214956342,-2.6498845186922625e-05
0.05,0.09,0.009,10,False,3,6,15.549971014792543,0.0010002635635896827,-0.16144207245874226,-0.006118627662105779,-0.0001673883867015456
0.05,0.09,0.009,10,False,3,7,22.779939353117122,0.0010050799351120259,-0.042238830587858184,-0.01955086245030024,-0.0004324938711092709
0.05,0.09,0.009,10,False,3,1,27.84965691387052,0.0010042270801663318,-0.05235470001531515,-0.0191301864111973,-0.0005627018337339766
0.05,0.09,0.009,10,True,4,5,0.8110522564268183,0.0010122797580750748,0.021661805788439153,-0.014341810068033305,-3.171328017592231e-05
0.05,0.09,0.009,10,False,4,7,43.515845243455324,0.0010003069932,-0.13452281051669207,-0.005954206208057818,-0.00027646624358087347
0.05,0.09,0.009,10,False,6,0,18.774045053712097,0.001000822670213758,-0.11307281260434271,0.013326551167489495,0.0003648851554628142
0.05,0.09,0.009,10,False,6,1,12.981166991120208,0.001006324348850957,-0.030467909033309624,0.027610755516450636,-0.00015526347341259644
0.05,0.09,0.009,10,False,6,3,26.465845229782666,0.0010007225475116852,-0.1223878505563223,-0.023085503815157445,-0.00039413854909067455
0.05,0.09,0.009,10,False,6,4,20.757184009612704,0.0010075935843568847,-0.01696368223145854,0.0216368022938142,0.0003560183263425021
0.05,0.09,0.009,10,True,6,7,1.1913515289598497,0.0010075412481720984,-0.016325054025094952,0.01301235982364596,-5.7959913601658706e-05
0.05,0.09,0.009,10,False,7,4,18.963603996313672,0.0010002866900944859,-0.14127601856156938,0.012208116033334165,-0.00041977911076134525
0.05,0.09,0.009,10,True,7,8,1.268449551122877,0.0010085463535481369,-0.006833187601094124,0.003090971108709598,-1.8365577135668098e-06
0.05,0.09,0.009,10,True,0,1,0.7679022463495291,0.0010090322537169229,-0.0038950610596238866,0.018781357742734837,-8.059702638562513e-06
0.05,0.09,0.009,10,False,0,3,30.75296403062155,0.001000316260232006,-0.13550105011538444,0.009355910141822485,-0.0002398758054994059
0.05,0.09,0.009,10,False,0,7,15.958071072459415,0.0010065215297661572,-0.027483989525721536,0.022897353375085683,0.00022892141672086123
0.05,0.09,0.009,10,False,0,6,35.37712310627178,0.0010006492438264327,-0.17501531376879295,-0.022127351010239812,0.0005617784151847564
0.05,0.09,0.009,10,False,0,4,35.96995930476145,0.001002565975020084,-0.07390783741150422,0.005610922936299792,0.0003342006604038207
0.05,0.09,0.009,10,True,1,2,0.9608494079121902,0.0010107952866089003,0.01123702377001125,0.005571931270545986,3.295287534900426e-05
0.05,0.09,0.009,10,False,1,7,10.212751340895602,0.0010004804737473111,-0.12828916103373184,0.015152844003935087,-1.0019508587812469e-07
0.05,0.09,0.009,10,False,3,0,11.0793481077335,0.0010004596512719064,-0.12636358145864138,0.009547751803222072,-0.00016972172291496445
0.05,0.09,0.009,10,True,3,4,1.0128357811584787,0.0010053862945143494,-0.03724354411554894,-0.005737793214956342,-2.6498845186922625e-05
0.05,0.09,0.009,10,False,3,6,9.229324023541775,0.0010004018735302249,-0.17243738230402078,0.002129420824409676,-0.00010841227232025245
0.05,0.09,0.009,10,False,3,7,22.779939353117122,0.0010050799351120259,-0.042238830587858184,-0.01955086245030024,-0.0004324938711092709
0.05,0.09,0.009,10,False,3,1,27.84965691387052,0.0010042270801663318,-0.05235470001531515,-0.0191301864111973,-0.0005627018337339766
0.05,0.09,0.009,10,True,4,5,0.8110522564268183,0.0010122797580750748,0.021661805788439153,-0.014341810068033305,-3.171328017592231e-05
0.05,0.09,0.009,10,False,4,7,43.515845243455324,0.0010003069932,-0.13452281051669207,-0.005954206208057818,-0.00027646624358087347
0.05,0.09,0.009,10,False,6,0,18.774045053712097,0.001000822670213758,-0.11307281260434271,0.013326551167489495,0.0003648851554628142
0.05,0.09,0.009,10,False,6,1,12.981166991120208,0.001006324348850957,-0.030467909033309624,0.027610755516450636,-0.00015526347341259644
0.05,0.09,0.009,10,False,6,3,25.72774712000765,0.0010005615177110685,-0.12161687978541207,-0.009714287550007212,-0.000441045866128196
0.05,0.09,0.009,10,False,6,4,20.757184009612704,0.0010075935843568847,-0.01696368223145854,0.0216368022938142,0.0003560183263425021
0.05,0.09,0.009,10,True,6,7,1.1913515289598497,0.0010075412481720984,-0.016325054025094952,0.01301235982364596,-5.7959913601658706e-05
0.05,0.09,0.009,10,False,7,4,18.963603996313672,0.0010002866900944859,-0.14127601856156938,0.012208116033334165,-0.00041977911076134525
0.05,0.09,0.009,10,True,7,8,1.268449551122877,0.0010085463535481369,-0.006833187601094124,0.003090971108709598,-1.8365577135668098e-06
0.05,0.09,0.009,10,True,0,1,0.6990418601933661,0.0010106379072704346,0.007888906123511905,0.026703569448202312,4.563968996621404e-06
0.05,0.09,0.009,10,False,0,3,32.899817222755104,0.0010003103848442948,-0.14078027267797566,0.014082733577825779,-0.00038554648898704195
0.05,0.09,0.009,10,False,0,7,15.958071072459415,0.0010065215297661572,-0.027483989525721536,0.022897353375085683,0.00022892141672086123
0.05,0.09,0.009,10,False,0,6,34.720387447110014,0.00100069134771968,-0.11508969924049288,3.640187660998529e-05,-0.0003467279301095578
0.05,0.09,0.009,10,False,0,4,35.96995930476145,0.001002565975020084,-0.07390783741150422,0.005610922936299792,0.0003342006604038207
0.05,0.09,0.009,10,True,1,2,1.480646100233116,0.0010060539496345975,-0.031353107387104055,-0.017585258287444477,2.5712494044428706e-05
0.05,0.09,0.009,10,False,1,7,10.212751340895602,0.0010004804737473111,-0.12828916103373184,0.015152844003935087,-1.0019508587812469e-07
0.05,0.09,0.009,10,False,3,0,11.0793481077335,0.0010004596512719064,-0.12636358145864138,0.009547751803222072,-0.00016972172291496445
0.05,0.09,0.009,10,True,3,4,1.0128357811584787,0.0010053862945143494,-0.03724354411554894,-0.005737793214956342,-2.6498845186922625e-05
0.05,0.09,0.009,10,False,3,6,12.704120045134427,0.0010003285625126237,-0.16754031031067637,0.004505214996088153,-3.8470512835239175e-05
0.05,0.09,0.009,10,False,3,7,22.779939353117122,0.0010050799351120259,-0.042238830587858184,-0.01955086245030024,-0.0004324938711092709
0.05,0.09,0.009,10,False,3,1,27.84965691387052,0.0010042270801663318,-0.05235470001531515,-0.0191301864111973,-0.0005627018337339766
0.05,0.09,0.009,10,True,4,5,0.8110522564268183,0.0010122797580750748,0.021661805788439153,-0.014341810068033305,-3.171328017592231e-05
0.05,0.09,0.009,10,False,4,7,43.515845243455324,0.0010003069932,-0.13452281051669207,-0.005954206208057818,-0.00027646624358087347
0.05,0.09,0.009,10,False,6,0,26.38122172465865,0.00100037189617482,-0.15484611940753393,0.02027020210919515,-0.0004103371507236685
0.05,0.09,0.009,10,False,6,1,12.981166991120208,0.001006324348850957,-0.030467909033309624,0.027610755516450636,-0.00015526347341259644
0.05,0.09,0.009,10,False,6,3,25.72774712000765,0.0010005615177110685,-0.12161687978541207,-0.009714287550007212,-0.000441045866128196
0.05,0.09,0.009,10,False,6,4,20.757184009612704,0.0010075935843568847,-0.01696368223145854,0.0216368022938142,0.0003560183263425021
0.05,0.09,0.009,10,True,6,7,1.1913515289598497,0.0010075412481720984,-0.016325054025094952,0.01301235982364596,-5.7959913601658706e-05
0.05,0.09,0.009,10,False,7,4,18.963603996313672,0.0010002866900944859,-0.14127601856156938,0.012208116033334165,-0.00041977911076134525
0.05,0.09,0.009,10,True,7,8,1.268449551122877,0.0010085463535481369,-0.006833187601094124,0.003090971108709598,-1.8365577135668098e-06
0.05,0.09,0.009,10,False,7,1,36.17506470628941,0.0010002185118975736,-0.148699263206299,0.007486811738690981,-8.208648134449082e-05
0.05,0.09,0.0009,10,True,3,4,1.1923187425888977,0.0010057465559849253,-0.034520574753715776,0.01905394191174606,9.68496973613321e-06
0.05,0.09,0.0009,10,True,0,1,1.3365098935962838,0.0010036715438501013,-0.05777796099257272,-0.008574662575817743,3.6596007453241136e-05
0.05,0.09,0.0009,10,False,0,6,11.181119491410609,0.001000561418217904,-0.16395836967206537,-0.026632762106297888,-0.00013991652931187823
0.05,0.09,0.0009,10,True,1,2,1.262983496574488,0.0010081355818691955,-0.010025707407776382,-0.0008401683130736164,-3.420159052274181e-05
0.05,0.09,0.0009,10,True,3,4,1.1557433409166775,0.0010055232871696647,-0.03540355145705832,0.003909859463551145,9.987924769897863e-06
0.05,0.09,0.0009,10,False,6,0,12.52667591265957,0.0010005820925060164,-0.1385840707829326,0.028719991465962564,0.0003278285635109548
0.05,0.09,0.0009,10,True,0,1,1.1102294589796409,0.0010030824820054887,-0.06643487161119585,-0.011907144266474934,5.681855697194069e-05
0.05,0.09,0.0009,10,False,0,6,6.712256309151641,0.0010008121869845457,-0.17047759761022308,-0.03322033623658508,-5.3389284228382495e-05
0.05,0.09,0.0009,10,True,1,2,1.1405815432918998,0.001009147386990305,-0.0014666616677967612,-0.005291841232129992,-5.3051238527410515e-05
0.05,0.09,0.0009,10,True,3,4,1.1557433409166775,0.0010055232871696647,-0.03540355145705832,0.003909859463551145,9.987924769897863e-06
0.05,0.09,0.0009,10,False,3,6,23.581173936566096,0.0010005017196571655,-0.1296292269090486,-0.018489623972278883,0.00028594296301871156
0.05,0.09,0.0009,10,True,4,5,1.0611955718043187,0.0010055809182489743,-0.03472346481137455,0.001076830512155083,3.3885508266945443e-06
0.05,0.09,0.0009,10,False,6,0,12.792041670726132,0.0010008580129697029,-0.13167612430450398,0.03605877622236687,0.0003031261208107918
0.05,0.09,0.0009,10,True,6,7,1.265986330753645,0.0010064665647980453,-0.027906694495650527,0.02384131745308349,1.4767278150200398e-05
0.05,0.09,0.0009,10,True,7,8,0.7727396087561169,0.0010072833964675071,-0.018455104345707702,-0.013662762227660545,-2.777336064216098e-05
0.05,0.09,0.0009,10,True,0,1,1.1102294589796409,0.0010030824820054887,-0.06643487161119585,-0.011907144266474934,5.681855697194069e-05
0.05,0.09,0.0009,10,False,0,6,6.712256309151641,0.0010008121869845457,-0.17047759761022308,-0.03322033623658508,-5.3389284228382495e-05
0.05,0.09,0.0009,10,True,1,2,1.1405815432918998,0.001009147386990305,-0.0014666616677967612,-0.005291841232129992,-5.3051238527410515e-05
0.05,0.09,0.0009,10,True,3,4,1.1557433409166775,0.0010055232871696647,-0.03540355145705832,0.003909859463551145,9.987924769897863e-06
0.05,0.09,0.0009,10,False,3,6,18.141962560591224,0.0010007601870199497,-0.1242698380777595,-0.027066111483047224,0.00015540854170145396
0.05,0.09,0.0009,10,False,3,0,15.250899484416573,0.001000439403446833,-0.13281020760207563,-0.017537949419211094,5.291594986609751e-05
0.05,0.09,0.0009,10,True,4,5,1.105614044413899,0.0010066152742154524,-0.024150013428008717,0.001977083143470517,1.387035567085192e-05
0.05,0.09,0.0009,10,False,6,0,12.792041670726132,0.0010008580129697029,-0.13167612430450398,0.03605877622236687,0.0003031261208107918
0.05,0.09,0.0009,10,True,6,7,1.3507857934780925,0.0010052908878270522,-0.038451958194087546,0.01145510841097679,2.661615314621241e-05
0.05,0.09,0.0009,10,False,6,4,9.847108235271039,0.001003725855481551,-0.056689201535811085,0.0023525414119308285,8.061509617432561e-05
0.05,0.09,0.0009,10,True,7,8,0.7727396087561169,0.0010072833964675071,-0.018455104345707702,-0.013662762227660545,-2.777336064216098e-05
0.05,0.09,0.0009,10,True,0,1,1.1102294589796409,0.0010030824820054887,-0.06643487161119585,-0.011907144266474934,5.681855697194069e-05
0.05,0.09,0.0009,10,False,0,6,6.712256309151641,0.0010008121869845457,-0.17047759761022308,-0.03322033623658508,-5.3389284228382495e-05
0.05,0.09,0.0009,10,False,0,3,5.104581642808169,0.001000333936864245,-0.166834345469167,0.007709606902988838,2.210739170233074e-05
0.05,0.09,0.0009,10,True,1,2,1.1405815432918998,0.001009147386990305,-0.0014666616677967612,-0.005291841232129992,-5.3051238527410515e-05
0.05,0.09,0.0009,10,True,3,4,1.1557433409166775,0.0010055232871696647,-0.03540355145705832,0.003909859463551145,9.987924769897863e-06
0.05,0.09,0.0009,10,False,3,6,18.141962560591224,0.0010007601870199497,-0.1242698380777595,-0.027066111483047224,0.00015540854170145396
0.05,0.09,0.0009,10,False,3,0,11.524565987176004,0.0010006695775115733,-0.1210912706006834,-0.018311654659902,-4.1125492119280504e-05
0.05,0.09,0.0009,10,True,4,5,1.105614044413899,0.0010066152742154524,-0.024150013428008717,0.001977083143470517,1.387035567085192e-05
0.05,0.09,0.0009,10,False,6,0,12.792041670726132,0.0010008580129697029,-0.13167612430450398,0.03605877622236687,0.0003031261208107918
0.05,0.09,0.0009,10,True,6,7,1.3507857934780925,0.0010052908878270522,-0.038451958194087546,0.01145510841097679,2.661615314621241e-05
0.05,0.09,0.0009,10,False,6,3,12.766303130821502,0.001000239442336493,-0.14851975143873217,0.010367070652097665,0.00021895506364677492
0.05,0.09,0.0009,10,False,6,4,7.945077792426202,0.0010037426250737278,-0.05718486083905658,0.011796861375649845,0.00010809588989652484
0.05,0.09,0.0009,10,True,7,8,0.8305217926900115,0.0010079166294335263,-0.01225824627120299,-0.008969504837576848,-1.3650334341537208e-05
0.05,0.09,0.0009,10,True,0,1,1.1102294589796409,0.0010030824820054887,-0.06643487161119585,-0.011907144266474934,5.681855697194069e-05
0.05,0.09,0.0009,10,False,0,6,6.712256309151641,0.0010008121869845457,-0.17047759761022308,-0.03322033623658508,-5.3389284228382495e-05
0.05,0.09,0.0009,10,False,0,3,3.6695287509135674,0.0010003898735608486,-0.16848176653111482,0.011801799217233358,8.025165973371075e-05
0.05,0.09,0.0009,10,True,1,2,1.1405815432918998,0.001009147386990305,-0.0014666616677967612,-0.005291841232129992,-5.3051238527410515e-05
0.05,0.09,0.0009,10,True,3,4,1.1557433409166775,0.0010055232871696647,-0.03540355145705832,0.003909859463551145,9.987924769897863e-06
0.05,0.09,0.0009,10,False,3,6,18.141962560591224,0.0010007601870199497,-0.1242698380777595,-0.027066111483047224,0.00015540854170145396
0.05,0.09,0.0009,10,False,3,0,11.524565987176004,0.0010006695775115733,-0.1210912706006834,-0.018311654659902,-4.1125492119280504e-05
0.05,0.09,0.0009,10,True,4,5,1.105614044413899,0.0010066152742154524,-0.024150013428008717,0.001977083143470517,1.387035567085192e-05
0.05,0.09,0.0009,10,False,6,0,12.792041670726132,0.0010008580129697029,-0.13167612430450398,0.03605877622236687,0.0003031261208107918
0.05,0.09,0.0009,10,True,6,7,1.3507857934780925,0.0010052908878270522,-0.038451958194087546,0.01145510841097679,2.661615314621241e-05
0.05,0.09,0.0009,10,False,6,3,15.357519607197952,0.0010002588728612012,-0.15530247611437212,0.01137961560247357,0.00014325755010094804
0.05,0.09,0.0009,10,False,6,4,7.945077792426202,0.0010037426250737278,-0.05718486083905658,0.011796861375649845,0.00010809588989652484
0.05,0.09,0.0009,10,True,7,8,0.8305217926900115,0.0010079166294335263,-0.01225824627120299,-0.008969504837576848,-1.3650334341537208e-05
0.05,0.09,0.0009,10,True,0,1,1.1102294589796409,0.0010030824820054887,-0.06643487161119585,-0.011907144266474934,5.681855697194069e-05
0.05,0.09,0.0009,10,False,0,6,6.712256309151641,0.0010008121869845457,-0.17047759761022308,-0.03322033623658508,-5.3389284228382495e-05
0.05,0.09,0.0009,10,False,0,3,3.6695287509135674,0.0010003898735608486,-0.16848176653111482,0.011801799217233358,8.025165973371075e-05
0.05,0.09,0.0009,10,True,1,2,1.1405815432918998,0.001009147386990305,-0.0014666616677967612,-0.005291841232129992,-5.3051238527410515e-05
0.05,0.09,0.0009,10,True,3,4,1.1557433409166775,0.0010055232871696647,-0.03540355145705832,0.003909859463551145,9.987924769897863e-06
0.05,0.09,0.0009,10,False,3,6,18.141962560591224,0.0010007601870199497,-0.1242698380777595,-0.027066111483047224,0.00015540854170145396
0.05,0.09,0.0009,10,False,3,0,11.524565987176004,0.0010006695775115733,-0.1210912706006834,-0.018311654659902,-4.1125492119280504e-05
0.05,0.09,0.0009,10,True,4,5,1.105614044413899,0.0010066152742154524,-0.024150013428008717,0.001977083143470517,1.387035567085192e-05
0.05,0.09,0.0009,10,False,6,0,12.792041670726132,0.0010008580129697029,-0.13167612430450398,0.03605877622236687,0.0003031261208107918
0.05,0.09,0.0009,10,True,6,7,1.3507857934780925,0.0010052908878270522,-0.038451958194087546,0.01145510841097679,2.661615314621241e-05
0.05,0.09,0.0009,10,False,6,3,15.357519607197952,0.0010002588728612012,-0.15530247611437212,0.01137961560247357,0.00014325755010094804
0.05,0.09,0.0009,10,False,6,4,7.945077792426202,0.0010037426250737278,-0.05718486083905658,0.011796861375649845,0.00010809588989652484
0.05,0.09,0.0009,10,True,7,8,0.8305217926900115,0.0010079166294335263,-0.01225824627120299,-0.008969504837576848,-1.3650334341537208e-05
0.05,0.09,0.0009,10,True,0,1,1.1102294589796409,0.0010030824820054887,-0.06643487161119585,-0.011907144266474934,5.681855697194069e-05
0.05,0.09,0.0009,10,False,0,6,6.712256309151641,0.0010008121869845457,-0.17047759761022308,-0.03322033623658508,-5.3389284228382495e-05
0.05,0.09,0.0009,10,False,0,3,3.6695287509135674,0.0010003898735608486,-0.16848176653111482,0.011801799217233358,8.025165973371075e-05
0.05,0.09,0.0009,10,True,1,2,1.1405815432918998,0.001009147386990305,-0.0014666616677967612,-0.005291841232129992,-5.3051238527410515e-05
0.05,0.09,0.0009,10,True,3,4,1.1557433409166775,0.0010055232871696647,-0.03540355145705832,0.003909859463551145,9.987924769897863e-06
0.05,0.09,0.0009,10,False,3,6,18.141962560591224,0.0010007601870199497,-0.1242698380777595,-0.027066111483047224,0.00015540854170145396
0.05,0.09,0.0009,10,False,3,0,11.524565987176004,0.0010006695775115733,-0.1210912706006834,-0.018311654659902,-4.1125492119280504e-05
0.05,0.09,0.0009,10,True,4,5,1.105614044413899,0.0010066152742154524,-0.024150013428008717,0.001977083143470517,1.387035567085192e-05
0.05,0.09,0.0009,10,False,6,0,12.792041670726132,0.0010008580129697029,-0.13167612430450398,0.03605877622236687,0.0003031261208107918
0.05,0.09,0.0009,10,True,6,7,1.3507857934780925,0.0010052908878270522,-0.038451958194087546,0.01145510841097679,2.661615314621241e-05
0.05,0.09,0.0009,10,False,6,3,15.357519607197952,0.0010002588728612012,-0.15530247611437212,0.01137961560247357,0.00014325755010094804
0.05,0.09,0.0009,10,False,6,4,7.945077792426202,0.0010037426250737278,-0.05718486083905658,0.011796861375649845,0.00010809588989652484
0.05,0.09,0.0009,10,True,7,8,0.8305217926900115,0.0010079166294335263,-0.01225824627120299,-0.008969504837576848,-1.3650334341537208e-05
0.05,0.09,0.0009,10,True,0,1,1.1102294589796409,0.0010030824820054887,-0.06643487161119585,-0.011907144266474934,5.681855697194069e-05
0.05,0.09,0.0009,10,False,0,6,6.712256309151641,0.0010008121869845457,-0.17047759761022308,-0.03322033623658508,-5.3389284228382495e-05
0.05,0.09,0.0009,10,False,0,3,3.6695287509135674,0.0010003898735608486,-0.16848176653111482,0.011801799217233358,8.025165973371075e-05
0.05,0.09,0.0009,10,False,0,4,5.704905473139788,0.0010009869011699923,-0.10869426460496577,0.01574382486143722,0.00021253138479221539
0.05,0.09,0.0009,10,True,1,2,1.1405815432918998,0.001009147386990305,-0.0014666616677967612,-0.005291841232129992,-5.3051238527410515e-05
0.05,0.09,0.0009,10,True,3,4,1.1557433409166775,0.0010055232871696647,-0.03540355145705832,0.003909859463551145,9.987924769897863e-06
0.05,0.09,0.0009,10,False,3,6,18.141962560591224,0.0010007601870199497,-0.1242698380777595,-0.027066111483047224,0.00015540854170145396
0.05,0.09,0.0009,10,False,3,0,11.524565987176004,0.0010006695775115733,-0.1210912706006834,-0.018311654659902,-4.1125492119280504e-05
0.05,0.09,0.0009,10,False,3,1,27.809406412337438,0.0010039379751170699,-0.05412490101694659,-0.006606421899427321,4.64345236734912e-05
0.05,0.09,0.0009,10,True,4,5,1.105614044413899,0.0010066152742154524,-0.024150013428008717,0.001977083143470517,1.387035567085192e-05
0.05,0.09,0.0009,10,False,4,1,24.88319774975805,0.0010002250831555532,-0.14166482999359473,0.002178777622071669,0.0001316986023437651
0.05,0.09,0.0009,10,False,6,0,12.792041670726132,0.0010008580129697029,-0.13167612430450398,0.03605877622236687,0.0003031261208107918
0.05,0.09,0.0009,10,True,6,7,1.3507857934780925,0.0010052908878270522,-0.038451958194087546,0.01145510841097679,2.661615314621241e-05
0.05,0.09,0.0009,10,False,6,3,15.357519607197952,0.0010002588728612012,-0.15530247611437212,0.01137961560247357,0.00014325755010094804
0.05,0.09,0.0009,10,False,6,4,7.945077792426202,0.0010037426250737278,-0.05718486083905658,0.011796861375649845,0.00010809588989652484
0.05,0.09,0.0009,10,False,6,1,39.880322709711095,0.001002089357151141,-0.08179242846500566,0.004580378705970319,0.00024449502232096643
0.05,0.09,0.0009,10,True,7,8,0.8305217926900115,0.0010079166294335263,-0.01225824627120299,-0.008969504837576848,-1.3650334341537208e-05
0.05,0.09,0.0009,10,True,0,1,1.1102294589796409,0.0010030824820054887,-0.06643487161119585,-0.011907144266474934,5.681855697194069e-05
0.05,0.09,0.0009,10,False,0,6,6.712256309151641,0.0010008121869845457,-0.17047759761022308,-0.03322033623658508,-5.3389284228382495e-05
0.05,0.09,0.0009,10,False,0,3,3.6695287509135674,0.0010003898735608486,-0.16848176653111482,0.011801799217233358,8.025165973371075e-05
0.05,0.09,0.0009,10,False,0,7,24.46278928318378,0.0010023073670680771,-0.07850741957910443,-0.010008350313745164,3.901732947257158e-05
0.05,0.09,0.0009,10,False,0,4,5.704905473139788,0.0010009869011699923,-0.10869426460496577,0.01574382486143722,0.00021253138479221539
0.05,0.09,0.0009,10,True,1,2,1.1405815432918998,0.001009147386990305,-0.0014666616677967612,-0.005291841232129992,-5.3051238527410515e-05
0.05,0.09,0.0009,10,True,3,4,1.1557433409166775,0.0010055232871696647,-0.03540355145705832,0.003909859463551145,9.987924769897863e-06
0.05,0.09,0.0009,10,False,3,6,18.141962560591224,0.0010007601870199497,-0.1242698380777595,-0.027066111483047224,0.00015540854170145396
0.05,0.09,0.0009,10,False,3,0,11.524565987176004,0.0010006695775115733,-0.1210912706006834,-0.018311654659902,-4.1125492119280504e-05
0.05,0.09,0.0009,10,False,3,1,15.942984559809858,0.001004331823903486,-0.04945505804552963,-0.009919478236477094,-4.127807208465551e-05
0.05,0.09,0.0009,10,True,4,5,1.105614044413899,0.0010066152742154524,-0.024150013428008717,0.001977083143470517,1.387035567085192e-05
0.05,0.09,0.0009,10,False,4,1,24.88319774975805,0.0010002250831555532,-0.14166482999359473,0.002178777622071669,0.0001316986023437651
0.05,0.09,0.0009,10,False,6,0,12.792041670726132,0.0010008580129697029,-0.13167612430450398,0.03605877622236687,0.0003031261208107918
0.05,0.09,0.0009,10,True,6,7,1.3507857934780925,0.0010052908878270522,-0.038451958194087546,0.01145510841097679,2.661615314621241e-05
0.05,0.09,0.0009,10,False,6,3,15.357519607197952,0.0010002588728612012,-0.15530247611437212,0.01137961560247357,0.00014325755010094804
0.05,0.09,0.0009,10,False,6,4,7.945077792426202,0.0010037426250737278,-0.05718486083905658,0.011796861375649845,0.00010809588989652484
0.05,0.09,0.0009,10,False,6,1,42.78274239843735,0.0010011198484278754,-0.10235624887596523,0.0034662588695672813,4.972243248435474e-05
0.05,0.09,0.0009,10,True,7,8,0.8305217926900115,0.0010079166294335263,-0.01225824627120299,-0.008969504837576848,-1.3650334341537208e-05
0.05,0.09,0.0009,10,True,0,1,1.1102294589796409,0.0010030824820054887,-0.06643487161119585,-0.011907144266474934,5.681855697194069e-05
0.05,0.09,0.0009,10,False,0,6,6.712256309151641,0.0010008121869845457,-0.17047759761022308,-0.03322033623658508,-5.3389284228382495e-05
0.05,0.09,0.0009,10,False,0,3,3.6695287509135674,0.0010003898735608486,-0.16848176653111482,0.011801799217233358,8.025165973371075e-05
0.05,0.09,0.0009,10,False,0,7,28.113855999418178,0.0010022870980929458,-0.07858345415666344,-0.007867520236012124,0.00021448640545258614
0.05,0.09,0.0009,10,False,0,4,7.301966100138972,0.001000886912452632,-0.11020008536699319,0.011103002143944884,0.00016531456572415742
0.05,0.09,0.0009,10,True,1,2,1.1405815432918998,0.001009147386990305,-0.0014666616677967612,-0.005291841232129992,-5.3051238527410515e-05
0.05,0.09,0.0009,10,True,3,4,1.1557433409166775,0.0010055232871696647,-0.03540355145705832,0.003909859463551145,9.987924769897863e-06
0.05,0.09,0.0009,10,False,3,6,18.141962560591224,0.0010007601870199497,-0.1242698380777595,-0.027066111483047224,0.00015540854170145396
0.05,0.09,0.0009,10,False,3,0,11.524565987176004,0.0010006695775115733,-0.1210912706006834,-0.018311654659902,-4.1125492119280504e-05
0.05,0.09,0.0009,10,False,3,1,15.942984559809858,0.001004331823903486,-0.04945505804552963,-0.009919478236477094,-4.127807208465551e-05
0.05,0.09,0.0009,10,True,4,5,1.105614044413899,0.0010066152742154524,-0.024150013428008717,0.001977083143470517,1.387035567085192e-05
0.05,0.09,0.0009,10,False,4,1,24.88319774975805,0.0010002250831555532,-0.14166482999359473,0.002178777622071669,0.0001316986023437651
0.05,0.09,0.0009,10,False,6,0,12.792041670726132,0.0010008580129697029,-0.13167612430450398,0.03605877622236687,0.0003031261208107918
0.05,0.09,0.0009,10,True,6,7,1.3507857934780925,0.0010052908878270522,-0.038451958194087546,0.01145510841097679,2.661615314621241e-05
0.05,0.09,0.0009,10,False,6,3,15.357519607197952,0.0010002588728612012,-0.15530247611437212,0.01137961560247357,0.00014325755010094804
0.05,0.09,0.0009,10,False,6,4,7.945077792426202,0.0010037426250737278,-0.05718486083905658,0.011796861375649845,0.00010809588989652484
0.05,0.09,0.0009,10,False,6,1,42.78274239843735,0.0010011198484278754,-0.10235624887596523,0.0034662588695672813,4.972243248435474e-05
0.05,0.09,0.0009,10,True,7,8,0.8305217926900115,0.0010079166294335263,-0.01225824627120299,-0.008969504837576848,-1.3650334341537208e-05
0.05,0.09,0.0009,10,False,7,4,18.926201189368605,0.001000729007100359,-0.13284284178365544,0.03198725987127924,-0.0001807758813171829
0.05,0.09,0.0009,10,True,0,1,1.1102294589796409,0.0010030824820054887,-0.06643487161119585,-0.011907144266474934,5.681855697194069e-05
0.05,0.09,0.0009,10,False,0,6,6.712256309151641,0.0010008121869845457,-0.17047759761022308,-0.03322033623658508,-5.3389284228382495e-05
0.05,0.09,0.0009,10,False,0,3,3.6695287509135674,0.0010003898735608486,-0.16848176653111482,0.011801799217233358,8.025165973371075e-05
0.05,0.09,0.0009,10,False,0,7,28.113855999418178,0.0010022870980929458,-0.07858345415666344,-0.007867520236012124,0.00021448640545258614
0.05,0.09,0.0009,10,False,0,4,7.301966100138972,0.001000886912452632,-0.11020008536699319,0.011103002143944884,0.00016531456572415742
0.05,0.09,0.0009,10,True,1,2,1.1405815432918998,0.001009147386990305,-0.0014666616677967612,-0.005291841232129992,-5.3051238527410515e-05
0.05,0.09,0.0009,10,True,3,4,1.1557433409166775,0.0010055232871696647,-0.03540355145705832,0.003909859463551145,9.987924769897863e-06
0.05,0.09,0.0009,10,False,3,6,18.141962560591224,0.0010007601870199497,-0.1242698380777595,-0.027066111483047224,0.00015540854170145396
0.05,0.09,0.0009,10,False,3,0,11.524565987176004,0.0010006695775115733,-0.1210912706006834,-0.018311654659902,-4.1125492119280504e-05
0.05,0.09,0.0009,10,False,3,1,15.942984559809858,0.001004331823903486,-0.04945505804552963,-0.009919478236477094,-4.127807208465551e-05
0.05,0.09,0.0009,10,True,4,5,1.105614044413899,0.0010066152742154524,-0.024150013428008717,0.001977083143470517,1.387035567085192e-05
0.05,0.09,0.0009,10,False,4,1,18.86208543434814,0.0010003175398513903,-0.1367589723394445,-0.011271535677667137,9.057460598230357e-05
0.05,0.09,0.0009,10,False,4,0,32.38359978420774,0.0010005530930317344,-0.17535755274578296,-0.01551006079984133,0.0003037551173379051
0.05,0.09,0.0009,10,False,6,0,12.792041670726132,0.0010008580129697029,-0.13167612430450398,0.03605877622236687,0.0003031261208107918
0.05,0.09,0.0009,10,True,6,7,1.3507857934780925,0.0010052908878270522,-0.038451958194087546,0.01145510841097679,2.661615314621241e-05
0.05,0.09,0.0009,10,False,6,3,15.357519607197952,0.0010002588728612012,-0.15530247611437212,0.01137961560247357,0.00014325755010094804
0.05,0.09,0.0009,10,False,6,4,7.945077792426202,0.0010037426250737278,-0.05718486083905658,0.011796861375649845,0.00010809588989652484
0.05,0.09,0.0009,10,False,6,1,42.78274239843735,0.0010011198484278754,-0.10235624887596523,0.0034662588695672813,4.972243248435474e-05
0.05,0.09,0.0009,10,True,7,8,0.8305217926900115,0.0010079166294335263,-0.01225824627120299,-0.008969504837576848,-1.3650334341537208e-05
0.05,0.09,0.0009,10,False,7,4,18.926201189368605,0.001000729007100359,-0.13284284178365544,0.03198725987127924,-0.0001807758813171829
0.05,0.09,0.0009,10,True,0,1,1.1102294589796409,0.0010030824820054887,-0.06643487161119585,-0.011907144266474934,5.681855697194069e-05
0.05,0.09,0.0009,10,False,0,6,6.712256309151641,0.0010008121869845457,-0.17047759761022308,-0.03322033623658508,-5.3389284228382495e-05
0.05,0.09,0.0009,10,False,0,3,3.6695287509135674,0.0010003898735608486,-0.16848176653111482,0.011801799217233358,8.025165973371075e-05
0.05,0.09,0.0009,10,False,0,7,28.113855999418178,0.0010022870980929458,-0.07858345415666344,-0.007867520236012124,0.00021448640545258614
0.05,0.09,0.0009,10,False,0,4,7.301966100138972,0.001000886912452632,-0.11020008536699319,0.011103002143944884,0.00016531456572415742
0.05,0.09,0.0009,10,True,1,2,1.1405815432918998,0.001009147386990305,-0.0014666616677967612,-0.005291841232129992,-5.3051238527410515e-05
0.05,0.09,0.0009,10,True,3,4,1.6753416736814024,0.0010064528761471274,-0.02771769908119254,0.02210080960209681,-2.6392489863649218e-05
0.05,0.09,0.0009,10,False,3,6,18.141962560591224,0.0010007601870199497,-0.1242698380777595,-0.027066111483047224,0.00015540854170145396
0.05,0.09,0.0009,10,False,3,0,11.524565987176004,0.0010006695775115733,-0.1210912706006834,-0.018311654659902,-4.1125492119280504e-05
0.05,0.09,0.0009,10,False,3,1,15.942984559809858,0.001004331823903486,-0.04945505804552963,-0.009919478236477094,-4.127807208465551e-05
0.05,0.09,0.0009,10,True,4,5,1.105614044413899,0.0010066152742154524,-0.024150013428008717,0.001977083143470517,1.387035567085192e-05
0.05,0.09,0.0009,10,False,4,1,18.86208543434814,0.0010003175398513903,-0.1367589723394445,-0.011271535677667137,9.057460598230357e-05
0.05,0.09,0.0009,10,False,4,0,32.38359978420774,0.0010005530930317344,-0.17535755274578296,-0.01551006079984133,0.0003037551173379051
0.05,0.09,0.0009,10,False,6,0,12.792041670726132,0.0010008580129697029,-0.13167612430450398,0.03605877622236687,0.0003031261208107918
0.05,0.09,0.0009,10,True,6,7,1.3507857934780925,0.0010052908878270522,-0.038451958194087546,0.01145510841097679,2.661615314621241e-05
0.05,0.09,0.0009,10,False,6,3,15.357519607197952,0.0010002588728612012,-0.15530247611437212,0.01137961560247357,0.00014325755010094804
0.05,0.09,0.0009,10,False,6,4,7.945077792426202,0.0010037426250737278,-0.05718486083905658,0.011796861375649845,0.00010809588989652484
0.05,0.09,0.0009,10,False,6,1,42.78274239843735,0.0010011198484278754,-0.10235624887596523,0.0034662588695672813,4.972243248435474e-05
0.05,0.09,0.0009,10,True,7,8,0.8305217926900115,0.0010079166294335263,-0.01225824627120299,-0.008969504837576848,-1.3650334341537208e-05
0.05,0.09,0.0009,10,False,7,4,18.926201189368605,0.001000729007100359,-0.13284284178365544,0.03198725987127924,-0.0001807758813171829
0.05,0.09,0.0009,10,True,0,1,1.1102294589796409,0.0010030824820054887,-0.06643487161119585,-0.011907144266474934,5.681855697194069e-05
0.05,0.09,0.0009,10,False,0,6,6.712256309151641,0.0010008121869845457,-0.17047759761022308,-0.03322033623658508,-5.3389284228382495e-05
0.05,0.09,0.0009,10,False,0,3,3.6695287509135674,0.0010003898735608486,-0.16848176653111482,0.011801799217233358,8.025165973371075e-05
0.05,0.09,0.0009,10,False,0,7,28.113855999418178,0.0010022870980929458,-0.07858345415666344,-0.007867520236012124,0.00021448640545258614
0.05,0.09,0.0009,10,False,0,4,7.301966100138972,0.001000886912452632,-0.11020008536699319,0.011103002143944884,0.00016531456572415742
0.05,0.09,0.0009,10,True,1,2,1.1405815432918998,0.001009147386990305,-0.0014666616677967612,-0.005291841232129992,-5.3051238527410515e-05
0.05,0.09,0.0009,10,False,1,4,57.59316142938445,0.0010005604985099472,-0.12205319291772954,-0.010988340928125425,-7.40935852321542e-05
0.05,0.09,0.0009,10,True,3,4,1.6753416736814024,0.0010064528761471274,-0.02771769908119254,0.02210080960209681,-2.6392489863649218e-05
0.05,0.09,0.0009,10,False,3,6,18.141962560591224,0.0010007601870199497,-0.1242698380777595,-0.027066111483047224,0.00015540854170145396
0.05,0.09,0.0009,10,False,3,0,11.524565987176004,0.0010006695775115733,-0.1210912706006834,-0.018311654659902,-4.1125492119280504e-05
0.05,0.09,0.0009,10,False,3,1,15.942984559809858,0.001004331823903486,-0.04945505804552963,-0.009919478236477094,-4.127807208465551e-05
0.05,0.09,0.0009,10,True,4,5,1.105614044413899,0.0010066152742154524,-0.024150013428008717,0.001977083143470517,1.387035567085192e-05
0.05,0.09,0.0009,10,False,4,1,18.86208543434814,0.0010003175398513903,-0.1367589723394445,-0.011271535677667137,9.057460598230357e-05
0.05,0.09,0.0009,10,False,4,0,32.20854844836494,0.0010003947376063128,-0.17178233705613496,-0.0042882368908248045,0.00029312632083538316
0.05,0.09,0.0009,10,False,6,0,35.58879726027653,0.0010004451089425047,-0.12542837865222384,-0.003659748526340908,-0.0006127489290858382
0.05,0.09,0.0009,10,True,6,7,1.3507857934780925,0.0010052908878270522,-0.038451958194087546,0.01145510841097679,2.661615314621241e-05
0.05,0.09,0.0009,10,False,6,3,15.357519607197952,0.0010002588728612012,-0.15530247611437212,0.01137961560247357,0.00014325755010094804
0.05,0.09,0.0009,10,False,6,4,7.945077792426202,0.0010037426250737278,-0.05718486083905658,0.011796861375649845,0.00010809588989652484
0.05,0.09,0.0009,10,False,6,1,42.78274239843735,0.0010011198484278754,-0.10235624887596523,0.0034662588695672813,4.972243248435474e-05
0.05,0.09,0.0009,10,True,7,8,0.8305217926900115,0.0010079166294335263,-0.01225824627120299,-0.008969504837576848,-1.3650334341537208e-05
0.05,0.09,0.0009,10,False,7,4,18.926201189368605,0.001000729007100359,-0.13284284178365544,0.03198725987127924,-0.0001807758813171829
0.05,0.09,0.0009,10,True,0,1,1.1102294589796409,0.0010030824820054887,-0.06643487161119585,-0.011907144266474934,5.681855697194069e-05
0.05,0.09,0.0009,10,False,0,6,8.19514242140269,0.0010004533441531737,-0.15290373752261774,0.02508068426038439,0.00010246228074517011
0.05,0.09,0.0009,10,False,0,3,3.6695287509135674,0.0010003898735608486,-0.16848176653111482,0.011801799217233358,8.025165973371075e-05
0.05,0.09,0.0009,10,False,0,7,28.113855999418178,0.0010022870980929458,-0.07858345415666344,-0.007867520236012124,0.00021448640545258614
0.05,0.09,0.0009,10,False,0,4,7.301966100138972,0.001000886912452632,-0.11020008536699319,0.011103002143944884,0.00016531456572415742
0.05,0.09,0.0009,10,True,1,2,1.1405815432918998,0.001009147386990305,-0.0014666616677967612,-0.005291841232129992,-5.3051238527410515e-05
0.05,0.09,0.0009,10,False,1,6,40.95336218316642,0.0010007933425658275,-0.18698806011470448,0.010404259567399632,0.00010715746712766663
0.05,0.09,0.0009,10,False,1,4,68.87264983169258,0.0010003540856644462,-0.1320158348946731,-0.008312663374763099,-0.00013574554122178998
0.05,0.09,0.0009,10,True,3,4,1.6038472949964677,0.0010055785438096013,-0.03924413859846699,0.03189230048801492,-2.1390269685254184e-05
0.05,0.09,0.0009,10,False,3,6,18.141962560591224,0.0010007601870199497,-0.1242698380777595,-0.027066111483047224,0.00015540854170145396
0.05,0.09,0.0009,10,False,3,0,11.524565987176004,0.0010006695775115733,-0.1210912706006834,-0.018311654659902,-4.1125492119280504e-05
0.05,0.09,0.0009,10,False,3,1,15.942984559809858,0.001004331823903486,-0.04945505804552963,-0.009919478236477094,-4.127807208465551e-05
0.05,0.09,0.0009,10,True,4,5,1.105614044413899,0.0010066152742154524,-0.024150013428008717,0.001977083143470517,1.387035567085192e-05
0.05,0.09,0.0009,10,False,4,1,18.86208543434814,0.0010003175398513903,-0.1367589723394445,-0.011271535677667137,9.057460598230357e-05
0.05,0.09,0.0009,10,False,4,0,32.20854844836494,0.0010003947376063128,-0.17178233705613496,-0.0042882368908248045,0.00029312632083538316
0.05,0.09,0.0009,10,False,6,0,40.38933535972361,0.001000450769206883,-0.12709385950052543,-0.010316652222015454,-0.0006755399867812204
0.05,0.09,0.0009,10,True,6,7,1.3507857934780925,0.0010052908878270522,-0.038451958194087546,0.01145510841097679,2.661615314621241e-05
0.05,0.09,0.0009,10,False,6,3,15.357519607197952,0.0010002588728612012,-0.15530247611437212,0.01137961560247357,0.00014325755010094804
0.05,0.09,0.0009,10,False,6,4,7.945077792426202,0.0010037426250737278,-0.05718486083905658,0.011796861375649845,0.00010809588989652484
0.05,0.09,0.0009,10,False,6,1,42.78274239843735,0.0010011198484278754,-0.10235624887596523,0.0034662588695672813,4.972243248435474e-05
0.05,0.09,0.0009,10,True,7,8,0.8305217926900115,0.0010079166294335263,-0.01225824627120299,-0.008969504837576848,-1.3650334341537208e-05
0.05,0.09,0.0009,10,False,7,4,18.926201189368605,0.001000729007100359,-0.13284284178365544,0.03198725987127924,-0.0001807758813171829
0.05,0.09,0.0009,10,True,0,1,1.1102294589796409,0.0010030824820054887,-0.06643487161119585,-0.011907144266474934,5.681855697194069e-05
0.05,0.09,0.0009,10,False,0,6,12.347047954893334,0.001000759780554531,-0.1633644599773061,0.034856825963011505,2.8775691577472767e-05
0.05,0.09,0.0009,10,False,0,3,3.6695287509135674,0.0010003898735608486,-0.16848176653111482,0.011801799217233358,8.025165973371075e-05
0.05,0.09,0.0009,10,False,0,7,28.113855999418178,0.0010022870980929458,-0.07858345415666344,-0.007867520236012124,0.00021448640545258614
0.05,0.09,0.0009,10,False,0,4,7.301966100138972,0.001000886912452632,-0.11020008536699319,0.011103002143944884,0.00016531456572415742
0.05,0.09,0.0009,10,True,1,2,1.1405815432918998,0.001009147386990305,-0.0014666616677967612,-0.005291841232129992,-5.3051238527410515e-05
0.05,0.09,0.0009,10,False,1,6,40.95336218316642,0.0010007933425658275,-0.18698806011470448,0.010404259567399632,0.00010715746712766663
0.05,0.09,0.0009,10,False,1,4,68.87264983169258,0.0010003540856644462,-0.1320158348946731,-0.008312663374763099,-0.00013574554122178998
0.05,0.09,0.0009,10,True,3,4,1.6038472949964677,0.0010055785438096013,-0.03924413859846699,0.03189230048801492,-2.1390269685254184e-05
0.05,0.09,0.0009,10,False,3,5,14.554238223598265,0.0010132519826906087,0.02949400903151066,-0.0004167245516894875,-0.0002339740390567949
0.05,0.09,0.0009,10,False,3,6,18.141962560591224,0.0010007601870199497,-0.1242698380777595,-0.027066111483047224,0.00015540854170145396
0.05,0.09,0.0009,10,False,3,0,11.524565987176004,0.0010006695775115733,-0.1210912706006834,-0.018311654659902,-4.1125492119280504e-05
0.05,0.09,0.0009,10,False,3,1,15.942984559809858,0.001004331823903486,-0.04945505804552963,-0.009919478236477094,-4.127807208465551e-05
0.05,0.09,0.0009,10,True,4,5,1.105614044413899,0.0010066152742154524,-0.024150013428008717,0.001977083143470517,1.387035567085192e-05
0.05,0.09,0.0009,10,False,4,1,18.86208543434814,0.0010003175398513903,-0.1367589723394445,-0.011271535677667137,9.057460598230357e-05
0.05,0.09,0.0009,10,False,4,0,32.20854844836494,0.0010003947376063128,-0.17178233705613496,-0.0042882368908248045,0.00029312632083538316
0.05,0.09,0.0009,10,False,6,0,40.38933535972361,0.001000450769206883,-0.12709385950052543,-0.010316652222015454,-0.0006755399867812204
0.05,0.09,0.0009,10,True,6,7,1.450260993793496,0.0010052029425236008,-0.039249254574550335,0.00956278238522478,1.5562056209958936e-06
0.05,0.09,0.0009,10,False,6,3,15.357519607197952,0.0010002588728612012,-0.15530247611437212,0.01137961560247357,0.00014325755010094804
0.05,0.09,0.0009,10,False,6,4,7.945077792426202,0.0010037426250737278,-0.05718486083905658,0.011796861375649845,0.00010809588989652484
0.05,0.09,0.0009,10,False,6,1,42.78274239843735,0.0010011198484278754,-0.10235624887596523,0.0034662588695672813,4.972243248435474e-05
0.05,0.09,0.0009,10,True,7,8,0.8305217926900115,0.0010079166294335263,-0.01225824627120299,-0.008969504837576848,-1.3650334341537208e-05
0.05,0.09,0.0009,10,False,7,1,6.884838405688339,0.0010011871234156873,-0.10653986618188502,0.023649556747358358,-0.00019517364674987076
0.05,0.09,0.0009,10,False,7,4,18.926201189368605,0.001000729007100359,-0.13284284178365544,0.03198725987127924,-0.0001807758813171829
0.01,0.017,0.017,10,True,0,1,1.4282258979727003,4.051321606353259e-05,-0.02286192763979344,-0.0010272686825448492,0.00014461072249050507
0.01,0.017,0.017,10,False,0,3,363.3482636584385,4.020003334739358e-05,-0.14871667591410265,-0.0006920024095372888,-0.005579606865144784
0.01,0.017,0.017,10,False,0,6,369.5669860018554,4.0200233603369214e-05,-0.15346536896472682,0.000676110868054282,-0.005646618591647808
0.01,0.017,0.017,10,True,1,2,1.369361118568977,4.0592470515157144e-05,-0.008198089956184637,-0.01214903759488223,8.502774458209613e-05
0.01,0.017,0.017,10,True,3,4,1.1373600637622439,4.0497927657494646e-05,-0.02601723537469208,-0.002098165287594278,0.00011353572280533572
0.01,0.017,0.017,10,False,3,6,536.2123592822124,4.020068806359441e-05,-0.15410735151965457,0.004364842296870261,-0.010793754207034142
0.01,0.017,0.017,10,True,4,5,1.171080882177804,4.06666499850625e-05,0.004627652362512273,-0.01319051692523481,4.622633376107433e-06
0.01,0.017,0.017,10,False,6,0,1049.7377032891552,4.0200024736504066e-05,-0.1489903376894099,-0.0008165488234948788,-0.015300152459821886
0.01,0.017,0.017,10,False,6,3,1063.982860013277,4.020054193902751e-05,-0.1462741405179904,-0.003807771108066304,-0.01541350187221674
0.01,0.017,0.017,10,True,6,7,1.7528229386577459,4.0516107444230416e-05,-0.02227565032261244,-0.0009237761049689471,-7.508508477443901e-06
0.01,0.017,0.017,10,True,7,8,1.2348718814365371,4.065776503078651e-05,0.003414000839981096,-0.009450167635387691,-0.0002135426358169639
0.01,0.017,0.017,10,True,0,1,1.4727232018403338,4.05245124513367e-05,-0.020591360201080367,-0.001242079082961139,0.00010734636745048452
0.01,0.017,0.017,10,False,0,3,290.9690198864492,4.019999639133759e-05,-0.14953500846235887,-4.8303801606356836e-05,-0.0030392982245986775
0.01,0.017,0.017,10,False,0,6,295.4439510445951,4.0200177070572467e-05,-0.15303395857747015,-0.0005850732392050403,-0.0030629703579420457
0.01,0.017,0.017,10,True,1,2,1.2567521337934398,4.058217286881392e-05,-0.010017913725125938,-0.011355496452749247,6.071872339843615e-05
0.01,0.017,0.017,10,False,3,0,452.76662279328656,4.020005396035169e-05,-0.14945366064167537,-0.001701751212846164,-0.00971640908524509
0.01,0.017,0.017,10,True,3,4,1.223987841750247,4.050511804362562e-05,-0.024514827104165266,-0.0008286419126050003,0.00011159838292938411
0.01,0.017,0.017,10,False,3,6,521.3382438760798,4.020050007202569e-05,-0.15468047468430587,0.0020765171186274663,-0.010490026097997025
0.01,0.017,0.017,10,True,4,5,1.4161460414583558,4.064812245180692e-05,0.0013086004448454958,-0.015271555050945232,-2.0501009831929923e-05
0.01,0.017,0.017,10,False,6,0,963.3228684254045,4.0200157753993694e-05,-0.1470929072387174,0.00031479785132451703,-0.014601220056650236
0.01,0.017,0.017,10,False,6,3,971.818640470991,4.0200562437710095e-05,-0.14492303722674196,-0.0019136147895998635,-0.014684201534272719
0.01,0.017,0.017,10,True,6,7,1.7399711095730042,4.053022787253005e-05,-0.019461985073413228,-0.0017115208819499076,-6.213029581198243e-05
0.01,0.017,0.017,10,True,7,8,1.3935501113933255,4.0650992685710365e-05,0.002443651026875084,-0.006048160380003956,-0.00018451112928821183
0.01,0.017,0.017,10,True,0,1,1.4727232018403338,4.05245124513367e-05,-0.020591360201080367,-0.001242079082961139,0.00010734636745048452
0.01,0.017,0.017,10,False,0,3,290.9690198864492,4.019999639133759e-05,-0.14953500846235887,-4.8303801606356836e-05,-0.0030392982245986775
0.01,0.017,0.017,10,False,0,6,295.4439510445951,4.0200177070572467e-05,-0.15303395857747015,-0.0005850732392050403,-0.0030629703579420457
0.01,0.017,0.017,10,True,1,2,1.2567521337934398,4.058217286881392e-05,-0.010017913725125938,-0.011355496452749247,6.071872339843615e-05
0.01,0.017,0.017,10,False,3,0,440.2675383457099,4.020034737990168e-05,-0.14601765033502276,-0.001574041323007721,-0.009430210343253817
0.01,0.017,0.017,10,True,3,4,1.223987841750247,4.050511804362562e-05,-0.024514827104165266,-0.0008286419126050003,0.00011159838292938411
0.01,0.017,0.017,10,False,3,6,521.3382438760798,4.020050007202569e-05,-0.15468047468430587,0.0020765171186274663,-0.010490026097997025
0.01,0.017,0.017,10,True,4,5,1.4161460414583558,4.064812245180692e-05,0.0013086004448454958,-0.015271555050945232,-2.0501009831929923e-05
0.01,0.017,0.017,10,False,6,0,963.3228684254045,4.0200157753993694e-05,-0.1470929072387174,0.00031479785132451703,-0.014601220056650236
0.01,0.017,0.017,10,False,6,3,971.818640470991,4.0200562437710095e-05,-0.14492303722674196,-0.0019136147895998635,-0.014684201534272719
0.01,0.017,0.017,10,True,6,7,1.7399711095730042,4.053022787253005e-05,-0.019461985073413228,-0.0017115208819499076,-6.213029581198243e-05
0.01,0.017,0.017,10,True,7,8,1.3935501113933255,4.0650992685710365e-05,0.002443651026875084,-0.006048160380003956,-0.00018451112928821183
0.01,0.017,0.017,10,True,0,1,1.4727232018403338,4.05245124513367e-05,-0.020591360201080367,-0.001242079082961139,0.00010734636745048452
0.01,0.017,0.017,10,False,0,3,290.9690198864492,4.019999639133759e-05,-0.14953500846235887,-4.8303801606356836e-05,-0.0030392982245986775
0.01,0.017,0.017,10,False,0,6,295.4439510445951,4.0200177070572467e-05,-0.15303395857747015,-0.0005850732392050403,-0.0030629703579420457
0.01,0.017,0.017,10,True,1,2,1.2567521337934398,4.058217286881392e-05,-0.010017913725125938,-0.011355496452749247,6.071872339843615e-05
0.01,0.017,0.017,10,False,3,0,440.2675383457099,4.020034737990168e-05,-0.14601765033502276,-0.001574041323007721,-0.009430210343253817
0.01,0.017,0.017,10,True,3,4,1.223987841750247,4.050511804362562e-05,-0.024514827104165266,-0.0008286419126050003,0.00011159838292938411
0.01,0.017,0.017,10,False,3,6,521.3382438760798,4.020050007202569e-05,-0.15468047468430587,0.0020765171186274663,-0.010490026097997025
0.01,0.017,0.017,10,True,4,5,1.4161460414583558,4.064812245180692e-05,0.0013086004448454958,-0.015271555050945232,-2.0501009831929923e-05
0.01,0.017,0.017,10,False,6,0,963.3228684254045,4.0200157753993694e-05,-0.1470929072387174,0.00031479785132451703,-0.014601220056650236
0.01,0.017,0.017,10,False,6,3,971.818640470991,4.0200562437710095e-05,-0.14492303722674196,-0.0019136147895998635,-0.014684201534272719
0.01,0.017,0.017,10,True,6,7,1.7399711095730042,4.053022787253005e-05,-0.019461985073413228,-0.0017115208819499076,-6.213029581198243e-05
0.01,0.017,0.017,10,True,7,8,1.3935501113933255,4.0650992685710365e-05,0.002443651026875084,-0.006048160380003956,-0.00018451112928821183
0.01,0.017,0.017,10,True,0,1,1.4727232018403338,4.05245124513367e-05,-0.020591360201080367,-0.001242079082961139,0.00010734636745048452
0.01,0.017,0.017,10,False,0,3,290.9690198864492,4.019999639133759e-05,-0.14953500846235887,-4.8303801606356836e-05,-0.0030392982245986775
0.01,0.017,0.017,10,False,0,6,295.4439510445951,4.0200177070572467e-05,-0.15303395857747015,-0.0005850732392050403,-0.0030629703579420457
0.01,0.017,0.017,10,True,1,2,1.2567521337934398,4.058217286881392e-05,-0.010017913725125938,-0.011355496452749247,6.071872339843615e-05
0.01,0.017,0.017,10,False,3,0,440.2675383457099,4.020034737990168e-05,-0.14601765033502276,-0.001574041323007721,-0.009430210343253817
0.01,0.017,0.017,10,True,3,4,1.223987841750247,4.050511804362562e-05,-0.024514827104165266,-0.0008286419126050003,0.00011159838292938411
0.01,0.017,0.017,10,False,3,6,521.3382438760798,4.020050007202569e-05,-0.15468047468430587,0.0020765171186274663,-0.010490026097997025
0.01,0.017,0.017,10,True,4,5,1.4161460414583558,4.064812245180692e-05,0.0013086004448454958,-0.015271555050945232,-2.0501009831929923e-05
0.01,0.017,0.017,10,False,6,0,963.3228684254045,4.0200157753993694e-05,-0.1470929072387174,0.00031479785132451703,-0.014601220056650236
0.01,0.017,0.017,10,False,6,3,971.818640470991,4.0200562437710095e-05,-0.14492303722674196,-0.0019136147895998635,-0.014684201534272719
0.01,0.017,0.017,10,True,6,7,1.7399711095730042,4.053022787253005e-05,-0.019461985073413228,-0.0017115208819499076,-6.213029581198243e-05
0.01,0.017,0.017,10,True,7,8,1.3935501113933255,4.0650992685710365e-05,0.002443651026875084,-0.006048160380003956,-0.00018451112928821183
0.01,0.017,0.017,10,True,0,1,1.4727232018403338,4.05245124513367e-05,-0.020591360201080367,-0.001242079082961139,0.00010734636745048452
0.01,0.017,0.017,10,False,0,3,290.9690198864492,4.019999639133759e-05,-0.14953500846235887,-4.8303801606356836e-05,-0.0030392982245986775
0.01,0.017,0.017,10,False,0,6,295.4439510445951,4.0200177070572467e-05,-0.15303395857747015,-0.0005850732392050403,-0.0030629703579420457
0.01,0.017,0.017,10,True,1,2,1.2567521337934398,4.058217286881392e-05,-0.010017913725125938,-0.011355496452749247,6.071872339843615e-05
0.01,0.017,0.017,10,False,3,0,440.2675383457099,4.020034737990168e-05,-0.14601765033502276,-0.001574041323007721,-0.009430210343253817
0.01,0.017,0.017,10,True,3,4,1.223987841750247,4.050511804362562e-05,-0.024514827104165266,-0.0008286419126050003,0.00011159838292938411
0.01,0.017,0.017,10,False,3,6,521.3382438760798,4.020050007202569e-05,-0.15468047468430587,0.0020765171186274663,-0.010490026097997025
0.01,0.017,0.017,10,True,4,5,1.4161460414583558,4.064812245180692e-05,0.0013086004448454958,-0.015271555050945232,-2.0501009831929923e-05
0.01,0.017,0.017,10,False,6,0,963.3228684254045,4.0200157753993694e-05,-0.1470929072387174,0.00031479785132451703,-0.014601220056650236
0.01,0.017,0.017,10,False,6,3,971.818640470991,4.0200562437710095e-05,-0.14492303722674196,-0.0019136147895998635,-0.014684201534272719
0.01,0.017,0.017,10,True,6,7,1.7399711095730042,4.053022787253005e-05,-0.019461985073413228,-0.0017115208819499076,-6.213029581198243e-05
0.01,0.017,0.017,10,True,7,8,1.3935501113933255,4.0650992685710365e-05,0.002443651026875084,-0.006048160380003956,-0.00018451112928821183
0.01,0.017,0.017,10,True,0,1,1.4727232018403338,4.05245124513367e-05,-0.020591360201080367,-0.001242079082961139,0.00010734636745048452
0.01,0.017,0.017,10,False,0,3,290.9690198864492,4.019999639133759e-05,-0.14953500846235887,-4.8303801606356836e-05,-0.0030392982245986775
0.01,0.017,0.017,10,False,0,6,295.4439510445951,4.0200177070572467e-05,-0.15303395857747015,-0.0005850732392050403,-0.0030629703579420457
0.01,0.017,0.017,10,True,1,2,1.2567521337934398,4.058217286881392e-05,-0.010017913725125938,-0.011355496452749247,6.071872339843615e-05
0.01,0.017,0.017,10,False,3,0,440.2675383457099,4.020034737990168e-05,-0.14601765033502276,-0.001574041323007721,-0.009430210343253817
0.01,0.017,0.017,10,True,3,4,1.223987841750247,4.050511804362562e-05,-0.024514827104165266,-0.0008286419126050003,0.00011159838292938411
0.01,0.017,0.017,10,False,3,6,521.3382438760798,4.020050007202569e-05,-0.15468047468430587,0.0020765171186274663,-0.010490026097997025
0.01,0.017,0.017,10,True,4,5,1.4161460414583558,4.064812245180692e-05,0.0013086004448454958,-0.015271555050945232,-2.0501009831929923e-05
0.01,0.017,0.017,10,False,4,7,206.1651498301381,4.020791750620272e-05,-0.13068695332189775,0.006000644788918152,-0.003653378205694061
0.01,0.017,0.017,10,False,6,0,963.3228684254045,4.0200157753993694e-05,-0.1470929072387174,0.00031479785132451703,-0.014601220056650236
0.01,0.017,0.017,10,False,6,3,971.818640470991,4.0200562437710095e-05,-0.14492303722674196,-0.0019136147895998635,-0.014684201534272719
0.01,0.017,0.017,10,True,6,7,1.7399711095730042,4.053022787253005e-05,-0.019461985073413228,-0.0017115208819499076,-6.213029581198243e-05
0.01,0.017,0.017,10,True,7,8,1.3935501113933255,4.0650992685710365e-05,0.002443651026875084,-0.006048160380003956,-0.00018451112928821183
0.01,0.017,0.017,10,True,0,1,1.4727232018403338,4.05245124513367e-05,-0.020591360201080367,-0.001242079082961139,0.00010734636745048452
0.01,0.017,0.017,10,False,0,3,290.9690198864492,4.019999639133759e-05,-0.14953500846235887,-4.8303801606356836e-05,-0.0030392982245986775
0.01,0.017,0.017,10,False,0,6,295.4439510445951,4.0200177070572467e-05,-0.15303395857747015,-0.0005850732392050403,-0.0030629703579420457
0.01,0.017,0.017,10,True,1,2,1.2567521337934398,4.058217286881392e-05,-0.010017913725125938,-0.011355496452749247,6.071872339843615e-05
0.01,0.017,0.017,10,False,3,0,440.2675383457099,4.020034737990168e-05,-0.14601765033502276,-0.001574041323007721,-0.009430210343253817
0.01,0.017,0.017,10,True,3,4,1.223987841750247,4.050511804362562e-05,-0.024514827104165266,-0.0008286419126050003,0.00011159838292938411
0.01,0.017,0.017,10,False,3,6,521.3382438760798,4.020050007202569e-05,-0.15468047468430587,0.0020765171186274663,-0.010490026097997025
0.01,0.017,0.017,10,True,4,5,1.4161460414583558,4.064812245180692e-05,0.0013086004448454958,-0.015271555050945232,-2.0501009831929923e-05
0.01,0.017,0.017,10,False,4,7,234.9454003793748,4.0206925208503304e-05,-0.13110723319337503,0.0009236595103795144,-0.0024784288020755487
0.01,0.017,0.017,10,False,6,0,963.3228684254045,4.0200157753993694e-05,-0.1470929072387174,0.00031479785132451703,-0.014601220056650236
0.01,0.017,0.017,10,False,6,3,971.818640470991,4.0200562437710095e-05,-0.14492303722674196,-0.0019136147895998635,-0.014684201534272719
0.01,0.017,0.017,10,True,6,7,1.7399711095730042,4.053022787253005e-05,-0.019461985073413228,-0.0017115208819499076,-6.213029581198243e-05
0.01,0.017,0.017,10,True,7,8,1.3935501113933255,4.0650992685710365e-05,0.002443651026875084,-0.006048160380003956,-0.00018451112928821183
0.01,0.017,0.017,10,True,0,1,1.4727232018403338,4.05245124513367e-05,-0.020591360201080367,-0.001242079082961139,0.00010734636745048452
0.01,0.017,0.017,10,False,0,3,290.9690198864492,4.019999639133759e-05,-0.14953500846235887,-4.8303801606356836e-05,-0.0030392982245986775
0.01,0.017,0.017,10,False,0,6,295.4439510445951,4.0200177070572467e-05,-0.15303395857747015,-0.0005850732392050403,-0.0030629703579420457
0.01,0.017,0.017,10,True,1,2,1.2567521337934398,4.058217286881392e-05,-0.010017913725125938,-0.011355496452749247,6.071872339843615e-05
0.01,0.017,0.017,10,False,3,0,440.2675383457099,4.020034737990168e-05,-0.14601765033502276,-0.001574041323007721,-0.009430210343253817
0.01,0.017,0.017,10,True,3,4,1.223987841750247,4.050511804362562e-05,-0.024514827104165266,-0.0008286419126050003,0.00011159838292938411
0.01,0.017,0.017,10,False,3,6,521.3382438760798,4.020050007202569e-05,-0.15468047468430587,0.0020765171186274663,-0.010490026097997025
0.01,0.017,0.017,10,False,3,7,5.587849054275189,4.0575840465489106e-05,-0.010762180192750572,-0.003154049592782458,1.8599810724729628e-05
0.01,0.017,0.017,10,True,4,5,1.4161460414583558,4.064812245180692e-05,0.0013086004448454958,-0.015271555050945232,-2.0501009831929923e-05
0.01,0.017,0.017,10,False,4,7,234.9454003793748,4.0206925208503304e-05,-0.13110723319337503,0.0009236595103795144,-0.0024784288020755487
0.01,0.017,0.017,10,False,6,0,963.3228684254045,4.0200157753993694e-05,-0.1470929072387174,0.00031479785132451703,-0.014601220056650236
0.01,0.017,0.017,10,False,6,3,971.818640470991,4.0200562437710095e-05,-0.14492303722674196,-0.0019136147895998635,-0.014684201534272719
0.01,0.017,0.017,10,True,6,7,1.7399711095730042,4.053022787253005e-05,-0.019461985073413228,-0.0017115208819499076,-6.213029581198243e-05
0.01,0.017,0.017,10,False,6,4,6.3458670704945686,4.0515687274497175e-05,-0.022366212395299817,0.0015159223091037344,-5.47828379438479e-05
0.01,0.017,0.017,10,True,7,8,1.3935501113933255,4.0650992685710365e-05,0.002443651026875084,-0.006048160380003956,-0.00018451112928821183
0.01,0.017,0.017,10,False,7,4,99.35096286977478,4.020188873470944e-05,-0.15854621773318428,0.00498394062070091,-0.0017382181228712665
0.01,0.017,0.017,10,True,0,1,1.4727232018403338,4.05245124513367e-05,-0.020591360201080367,-0.001242079082961139,0.00010734636745048452
0.01,0.017,0.017,10,False,0,3,290.9690198864492,4.019999639133759e-05,-0.14953500846235887,-4.8303801606356836e-05,-0.0030392982245986775
0.01,0.017,0.017,10,False,0,6,295.4439510445951,4.0200177070572467e-05,-0.15303395857747015,-0.0005850732392050403,-0.0030629703579420457
0.01,0.017,0.017,10,True,1,2,1.2567521337934398,4.058217286881392e-05,-0.010017913725125938,-0.011355496452749247,6.071872339843615e-05
0.01,0.017,0.017,10,False,3,0,440.2675383457099,4.020034737990168e-05,-0.14601765033502276,-0.001574041323007721,-0.009430210343253817
0.01,0.017,0.017,10,True,3,4,1.223987841750247,4.050511804362562e-05,-0.024514827104165266,-0.0008286419126050003,0.00011159838292938411
0.01,0.017,0.017,10,False,3,6,521.3382438760798,4.020050007202569e-05,-0.15468047468430587,0.0020765171186274663,-0.010490026097997025
0.01,0.017,0.017,10,False,3,7,7.069746627917324,4.0585576560155405e-05,-0.008986827018521487,-0.0038566595711555583,0.00023066911619518466
0.01,0.017,0.017,10,True,4,5,1.4161460414583558,4.064812245180692e-05,0.0013086004448454958,-0.015271555050945232,-2.0501009831929923e-05
0.01,0.017,0.017,10,False,4,7,234.9454003793748,4.0206925208503304e-05,-0.13110723319337503,0.0009236595103795144,-0.0024784288020755487
0.01,0.017,0.017,10,False,6,0,963.3228684254045,4.0200157753993694e-05,-0.1470929072387174,0.00031479785132451703,-0.014601220056650236
0.01,0.017,0.017,10,False,6,3,971.818640470991,4.0200562437710095e-05,-0.14492303722674196,-0.0019136147895998635,-0.014684201534272719
0.01,0.017,0.017,10,True,6,7,1.7399711095730042,4.053022787253005e-05,-0.019461985073413228,-0.0017115208819499076,-6.213029581198243e-05
0.01,0.017,0.017,10,False,6,4,7.76179181274429,4.049923197500837e-05,-0.02573472447050858,0.0012586580592686696,-0.00020274661538753782
0.01,0.017,0.017,10,True,7,8,1.3935501113933255,4.0650992685710365e-05,0.002443651026875084,-0.006048160380003956,-0.00018451112928821183
0.01,0.017,0.017,10,False,7,4,95.30308750258264,4.020268431752663e-05,-0.16070548732363718,0.0049324587082548044,-0.0012107829575070948
0.01,0.017,0.017,10,True,0,1,1.4727232018403338,4.05245124513367e-05,-0.020591360201080367,-0.001242079082961139,0.00010734636745048452
0.01,0.017,0.017,10,False,0,3,290.9690198864492,4.019999639133759e-05,-0.14953500846235887,-4.8303801606356836e-05,-0.0030392982245986775
0.01,0.017,0.017,10,False,0,6,295.4439510445951,4.0200177070572467e-05,-0.15303395857747015,-0.0005850732392050403,-0.0030629703579420457
0.01,0.017,0.017,10,True,1,2,1.2567521337934398,4.058217286881392e-05,-0.010017913725125938,-0.011355496452749247,6.071872339843615e-05
0.01,0.017,0.017,10,False,3,0,440.2675383457099,4.020034737990168e-05,-0.14601765033502276,-0.001574041323007721,-0.009430210343253817
0.01,0.017,0.017,10,True,3,4,1.223987841750247,4.050511804362562e-05,-0.024514827104165266,-0.0008286419126050003,0.00011159838292938411
0.01,0.017,0.017,10,False,3,6,521.3382438760798,4.020050007202569e-05,-0.15468047468430587,0.0020765171186274663,-0.010490026097997025
0.01,0.017,0.017,10,False,3,7,7.069746627917324,4.0585576560155405e-05,-0.008986827018521487,-0.0038566595711555583,0.00023066911619518466
0.01,0.017,0.017,10,True,4,5,1.4161460414583558,4.064812245180692e-05,0.0013086004448454958,-0.015271555050945232,-2.0501009831929923e-05
0.01,0.017,0.017,10,False,4,7,234.9454003793748,4.0206925208503304e-05,-0.13110723319337503,0.0009236595103795144,-0.0024784288020755487
0.01,0.017,0.017,10,False,6,0,963.3228684254045,4.0200157753993694e-05,-0.1470929072387174,0.00031479785132451703,-0.014601220056650236
0.01,0.017,0.017,10,False,6,3,971.818640470991,4.0200562437710095e-05,-0.14492303722674196,-0.0019136147895998635,-0.014684201534272719
0.01,0.017,0.017,10,True,6,7,1.7399711095730042,4.053022787253005e-05,-0.019461985073413228,-0.0017115208819499076,-6.213029581198243e-05
0.01,0.017,0.017,10,False,6,4,7.76179181274429,4.049923197500837e-05,-0.02573472447050858,0.0012586580592686696,-0.00020274661538753782
0.01,0.017,0.017,10,True,7,8,1.3935501113933255,4.0650992685710365e-05,0.002443651026875084,-0.006048160380003956,-0.00018451112928821183
0.01,0.017,0.017,10,False,7,4,95.30308750258264,4.020268431752663e-05,-0.16070548732363718,0.0049324587082548044,-0.0012107829575070948
0.01,0.017,0.017,10,True,0,1,1.3016257476482667,4.053360880263184e-05,-0.01880546995317074,-0.002363712118294123,-1.9635954046777002e-05
0.01,0.017,0.017,10,False,0,3,519.2154973988152,4.0200586529004606e-05,-0.15553278580617141,-0.0002655873531431727,0.008557715891185754
0.01,0.017,0.017,10,False,0,6,546.5590948955198,4.0200181993026675e-05,-0.1471808521818296,-0.0013613357471362845,0.008826906032967796
0.01,0.017,0.017,10,True,1,2,1.541766485674562,4.063626937417468e-05,4.364205500425466e-05,-0.001642235031879194,-0.00010624474317002962
0.01,0.017,0.017,10,False,3,0,440.2675383457099,4.020034737990168e-05,-0.14601765033502276,-0.001574041323007721,-0.009430210343253817
0.01,0.017,0.017,10,True,3,4,1.2835134849521366,4.054022910776047e-05,-0.017502922125722638,-0.0019454610614664674,0.00010302417396066257
0.01,0.017,0.017,10,False,3,6,317.5123113550486,4.020214106110952e-05,-0.14514108707064124,-0.009343283847615156,0.004790510479403577
0.01,0.017,0.017,10,False,3,7,7.069746627917324,4.0585576560155405e-05,-0.008986827018521487,-0.0038566595711555583,0.00023066911619518466
0.01,0.017,0.017,10,True,4,5,1.154193485829927,4.0658969235360214e-05,0.003778313853051123,-0.0062879158045019675,1.7683307297454566e-05
0.01,0.017,0.017,10,False,4,7,234.9454003793748,4.0206925208503304e-05,-0.13110723319337503,0.0009236595103795144,-0.0024784288020755487
0.01,0.017,0.017,10,False,6,0,160.1035728035311,4.0200192436189625e-05,-0.14799861364193576,0.002516792682905928,0.0019024790204991092
0.01,0.017,0.017,10,False,6,3,165.3458929700025,4.020179038031932e-05,-0.15362909874170413,0.008923952067364061,0.0020278803007140987
0.01,0.017,0.017,10,True,6,7,1.9606287091236752,4.0542555977951915e-05,-0.017100172714418098,0.0041206943314602085,-0.00027228768147736143
0.01,0.017,0.017,10,False,6,4,7.76179181274429,4.049923197500837e-05,-0.02573472447050858,0.0012586580592686696,-0.00020274661538753782
0.01,0.017,0.017,10,True,7,8,1.8476640102955462,4.061400493196483e-05,-0.004082331527050916,-0.008647486932946773,0.00013678528114178476
0.01,0.017,0.017,10,False,7,4,95.30308750258264,4.020268431752663e-05,-0.16070548732363718,0.0049324587082548044,-0.0012107829575070948
0.01,0.017,0.017,10,True,0,1,1.2072292521574342,4.052810159159806e-05,-0.019881138788828235,0.0015664996211850147,7.181196357335732e-05
0.01,0.017,0.017,10,False,0,3,456.7835479094274,4.020023408606146e-05,-0.1525390474286478,0.002458999869453247,0.006429361742168104
0.01,0.017,0.017,10,False,0,6,478.8546121688588,4.02003315097759e-05,-0.1468101141694324,0.002710156084869351,0.006705401730981541
0.01,0.017,0.017,10,True,1,2,1.604063531069695,4.06369824248347e-05,0.00014661372372689103,-0.002929933601408814,-0.00019159423913677858
0.01,0.017,0.017,10,False,3,0,415.10073905393057,4.020125180742755e-05,-0.14637824816549339,-0.007204244495330613,0.006387564545999357
0.01,0.017,0.017,10,True,3,4,1.171955836667004,4.053078288004228e-05,-0.019341136139967127,0.0001154236240368654,0.00012161228909026133
0.01,0.017,0.017,10,False,3,6,437.3484478327294,4.020149362402287e-05,-0.14530589107566733,-0.007447038722161511,0.006746788859902162
0.01,0.017,0.017,10,False,3,7,7.069746627917324,4.0585576560155405e-05,-0.008986827018521487,-0.0038566595711555583,0.00023066911619518466
0.01,0.017,0.017,10,True,4,5,1.0211159501052043,4.066388423433713e-05,0.004353435863700094,-0.010769562256348028,-8.617467818405562e-05
0.01,0.017,0.017,10,False,4,7,234.9454003793748,4.0206925208503304e-05,-0.13110723319337503,0.0009236595103795144,-0.0024784288020755487
0.01,0.017,0.017,10,False,6,0,129.1806067226418,4.020006441292614e-05,-0.1518881379747856,-0.0004127199434871925,0.0030167515529726237
0.01,0.017,0.017,10,False,6,3,139.40321193434698,4.020117975214015e-05,-0.15380454134924487,0.006842478963590727,0.0030999358535667085
0.01,0.017,0.017,10,True,6,7,1.6304857113701505,4.053776006762047e-05,-0.01799784869833754,0.002695462459994292,-0.00019430109881810848
0.01,0.017,0.017,10,False,6,4,7.76179181274429,4.049923197500837e-05,-0.02573472447050858,0.0012586580592686696,-0.00020274661538753782
0.01,0.017,0.017,10,True,7,8,1.5186300015525247,4.0600342262434605e-05,-0.006476829789080503,-0.007920292034836122,8.138534266017027e-05
0.01,0.017,0.017,10,False,7,4,95.30308750258264,4.020268431752663e-05,-0.16070548732363718,0.0049324587082548044,-0.0012107829575070948
0.01,0.017,0.009,10,True,0,1,1.5630827804675709,4.0502730857718833e-05,-0.014492224945095313,0.00893588384626896,0.00013027952142674663
0.01,0.017,0.009,10,False,0,3,920.5701822558289,4.019999590161641e-05,-0.14952307445761162,6.54739524934309e-05,-0.015836334856715203
0.01,0.017,0.009,10,False,0,6,915.9945416639421,4.020224419043956e-05,-0.15965995789062568,0.006624182887564298,-0.01581581166592699
0.01,0.017,0.009,10,True,1,2,1.9887427233541544,4.055471349912035e-05,-0.00337094022947602,-0.010430493930296084,7.805327310736344e-06
0.01,0.017,0.009,10,False,3,0,280.61330214838017,4.020002164877392e-05,-0.1511147151338665,0.0007467594132775032,0.004641308045345277
0.01,0.017,0.009,10,True,3,4,1.8148659653497272,4.04363480558207e-05,-0.030007292259633504,0.00023716954925100022,-7.775238286379015e-05
0.01,0.017,0.009,10,False,3,6,280.3185105389173,4.0202196328515794e-05,-0.16157191736310522,-0.0006099374143245408,0.004727075896176216
0.01,0.017,0.009,10,True,4,5,1.9463390511744219,4.0606156363045366e-05,0.006899869403859656,-0.011184831905339601,-4.359728374930229e-05
0.01,0.017,0.009,10,False,6,0,586.5388817876445,4.020227993101227e-05,-0.14028965873488644,0.0067142758454047215,0.011875346668061384
0.01,0.017,0.009,10,False,6,3,595.7042545470047,4.020242545903018e-05,-0.1393742858457354,0.005944133047018402,0.011940619599760536
0.01,0.017,0.009,10,True,6,7,1.0020375073485355,4.051189703437614e-05,-0.0124050319890128,0.008259590975526832,8.542880603396684e-05
0.01,0.017,0.009,10,True,7,8,1.236781244618523,4.058137855024529e-05,0.0019643686822152537,-0.011836013560712502,1.8206617690117355e-05
0.01,0.017,0.009,10,True,0,1,1.7417325674490236,4.049436924286705e-05,-0.016264440807799017,0.006901782955919183,0.00019305269388791515
0.01,0.017,0.009,10,False,0,3,861.2011789887692,4.020015083321849e-05,-0.15095210432070344,-0.0029601756843110364,-0.014774543069709123
0.01,0.017,0.009,10,False,0,6,859.3996318054473,4.0202436045499694e-05,-0.1608495308762496,0.005582872800279341,-0.014795434444785448
0.01,0.017,0.009,10,True,1,2,2.050521923356736,4.0553055487927034e-05,-0.0037988028222411194,-0.011536164696009191,1.2890343569709336e-05
0.01,0.017,0.009,10,False,3,0,174.58920966405248,4.020040790588991e-05,-0.15204427290476175,0.004599000767712523,0.0034159234519610558
0.01,0.017,0.009,10,True,3,4,1.758437382115114,4.042957681603855e-05,-0.03173922880223141,-0.000455391285278552,-6.226774128035464e-05
0.01,0.017,0.009,10,False,3,6,170.00100022710882,4.0203242740758166e-05,-0.16404571647704655,0.000863421004322065,0.00344867794442214
0.01,0.017,0.009,10,True,4,5,2.266043609813007,4.058879033220097e-05,0.003656162135389464,-0.008634130730688293,-3.643548457012801e-05
0.01,0.017,0.009,10,False,6,0,599.8999682785213,4.0203006734987427e-05,-0.1392698544681377,0.008277127988606685,0.01241276305051939
0.01,0.017,0.009,10,False,6,3,608.1641881541217,4.020246708675048e-05,-0.1383786328537896,0.003964729697656368,0.012466408975528016
0.01,0.017,0.009,10,True,6,7,1.170584431163586,4.050414436421129e-05,-0.014344867676580237,0.011225095894880608,6.38417354162677e-05
0.01,0.017,0.009,10,True,7,8,1.333912028537371,4.060446933036798e-05,0.006420876620327377,-0.013130543253221211,4.412871155882366e-05
0.01,0.017,0.009,10,True,0,1,1.7417325674490236,4.049436924286705e-05,-0.016264440807799017,0.006901782955919183,0.00019305269388791515
0.01,0.017,0.009,10,False,0,3,861.2011789887692,4.020015083321849e-05,-0.15095210432070344,-0.0029601756843110364,-0.014774543069709123
0.01,0.017,0.009,10,False,0,6,859.3996318054473,4.0202436045499694e-05,-0.1608495308762496,0.005582872800279341,-0.014795434444785448
0.01,0.017,0.009,10,True,1,2,2.050521923356736,4.0553055487927034e-05,-0.0037988028222411194,-0.011536164696009191,1.2890343569709336e-05
0.01,0.017,0.009,10,False,3,0,174.58920966405248,4.020040790588991e-05,-0.15204427290476175,0.004599000767712523,0.0034159234519610558
0.01,0.017,0.009,10,True,3,4,1.758437382115114,4.042957681603855e-05,-0.03173922880223141,-0.000455391285278552,-6.226774128035464e-05
0.01,0.017,0.009,10,False,3,6,170.00100022710882,4.0203242740758166e-05,-0.16404571647704655,0.000863421004322065,0.00344867794442214
0.01,0.017,0.009,10,True,4,5,2.266043609813007,4.058879033220097e-05,0.003656162135389464,-0.008634130730688293,-3.643548457012801e-05
0.01,0.017,0.009,10,False,6,0,599.8999682785213,4.0203006734987427e-05,-0.1392698544681377,0.008277127988606685,0.01241276305051939
0.01,0.017,0.009,10,False,6,3,608.1641881541217,4.020246708675048e-05,-0.1383786328537896,0.003964729697656368,0.012466408975528016
0.01,0.017,0.009,10,True,6,7,1.170584431163586,4.050414436421129e-05,-0.014344867676580237,0.011225095894880608,6.38417354162677e-05
0.01,0.017,0.009,10,True,7,8,1.333912028537371,4.060446933036798e-05,0.006420876620327377,-0.013130543253221211,4.412871155882366e-05
0.01,0.017,0.009,10,True,0,1,1.7417325674490236,4.049436924286705e-05,-0.016264440807799017,0.006901782955919183,0.00019305269388791515
0.01,0.017,0.009,10,False,0,3,861.2011789887692,4.020015083321849e-05,-0.15095210432070344,-0.0029601756843110364,-0.014774543069709123
0.01,0.017,0.009,10,False,0,6,859.3996318054473,4.0202436045499694e-05,-0.1608495308762496,0.005582872800279341,-0.014795434444785448
0.01,0.017,0.009,10,True,1,2,2.050521923356736,4.0553055487927034e-05,-0.0037988028222411194,-0.011536164696009191,1.2890343569709336e-05
0.01,0.017,0.009,10,False,3,0,174.58920966405248,4.020040790588991e-05,-0.15204427290476175,0.004599000767712523,0.0034159234519610558
0.01,0.017,0.009,10,True,3,4,1.758437382115114,4.042957681603855e-05,-0.03173922880223141,-0.000455391285278552,-6.226774128035464e-05
0.01,0.017,0.009,10,False,3,6,170.00100022710882,4.0203242740758166e-05,-0.16404571647704655,0.000863421004322065,0.00344867794442214
0.01,0.017,0.009,10,True,4,5,2.266043609813007,4.058879033220097e-05,0.003656162135389464,-0.008634130730688293,-3.643548457012801e-05
0.01,0.017,0.009,10,False,6,0,599.8999682785213,4.0203006734987427e-05,-0.1392698544681377,0.008277127988606685,0.01241276305051939
0.01,0.017,0.009,10,False,6,3,608.1641881541217,4.020246708675048e-05,-0.1383786328537896,0.003964729697656368,0.012466408975528016
0.01,0.017,0.009,10,True,6,7,1.170584431163586,4.050414436421129e-05,-0.014344867676580237,0.011225095894880608,6.38417354162677e-05
0.01,0.017,0.009,10,True,7,8,1.333912028537371,4.060446933036798e-05,0.006420876620327377,-0.013130543253221211,4.412871155882366e-05
0.01,0.017,0.009,10,True,0,1,1.7417325674490236,4.049436924286705e-05,-0.016264440807799017,0.006901782955919183,0.00019305269388791515
0.01,0.017,0.009,10,False,0,3,861.2011789887692,4.020015083321849e-05,-0.15095210432070344,-0.0029601756843110364,-0.014774543069709123
0.01,0.017,0.009,10,False,0,6,859.3996318054473,4.0202436045499694e-05,-0.1608495308762496,0.005582872800279341,-0.014795434444785448
0.01,0.017,0.009,10,True,1,2,2.050521923356736,4.0553055487927034e-05,-0.0037988028222411194,-0.011536164696009191,1.2890343569709336e-05
0.01,0.017,0.009,10,False,3,0,174.58920966405248,4.020040790588991e-05,-0.15204427290476175,0.004599000767712523,0.0034159234519610558
0.01,0.017,0.009,10,True,3,4,1.758437382115114,4.042957681603855e-05,-0.03173922880223141,-0.000455391285278552,-6.226774128035464e-05
0.01,0.017,0.009,10,False,3,6,170.00100022710882,4.0203242740758166e-05,-0.16404571647704655,0.000863421004322065,0.00344867794442214
0.01,0.017,0.009,10,True,4,5,2.266043609813007,4.058879033220097e-05,0.003656162135389464,-0.008634130730688293,-3.643548457012801e-05
0.01,0.017,0.009,10,False,6,0,599.8999682785213,4.0203006734987427e-05,-0.1392698544681377,0.008277127988606685,0.01241276305051939
0.01,0.017,0.009,10,False,6,3,608.1641881541217,4.020246708675048e-05,-0.1383786328537896,0.003964729697656368,0.012466408975528016
0.01,0.017,0.009,10,True,6,7,1.170584431163586,4.050414436421129e-05,-0.014344867676580237,0.011225095894880608,6.38417354162677e-05
0.01,0.017,0.009,10,True,7,8,1.333912028537371,4.060446933036798e-05,0.006420876620327377,-0.013130543253221211,4.412871155882366e-05
0.01,0.017,0.009,10,True,0,1,1.7417325674490236,4.049436924286705e-05,-0.016264440807799017,0.006901782955919183,0.00019305269388791515
0.01,0.017,0.009,10,False,0,3,861.2011789887692,4.020015083321849e-05,-0.15095210432070344,-0.0029601756843110364,-0.014774543069709123
0.01,0.017,0.009,10,False,0,6,859.3996318054473,4.0202436045499694e-05,-0.1608495308762496,0.005582872800279341,-0.014795434444785448
0.01,0.017,0.009,10,True,1,2,2.050521923356736,4.0553055487927034e-05,-0.0037988028222411194,-0.011536164696009191,1.2890343569709336e-05
0.01,0.017,0.009,10,False,3,0,174.58920966405248,4.020040790588991e-05,-0.15204427290476175,0.004599000767712523,0.0034159234519610558
0.01,0.017,0.009,10,True,3,4,1.758437382115114,4.042957681603855e-05,-0.03173922880223141,-0.000455391285278552,-6.226774128035464e-05
0.01,0.017,0.009,10,False,3,6,170.00100022710882,4.0203242740758166e-05,-0.16404571647704655,0.000863421004322065,0.00344867794442214
0.01,0.017,0.009,10,True,4,5,2.266043609813007,4.058879033220097e-05,0.003656162135389464,-0.008634130730688293,-3.643548457012801e-05
0.01,0.017,0.009,10,False,6,0,599.8999682785213,4.0203006734987427e-05,-0.1392698544681377,0.008277127988606685,0.01241276305051939
0.01,0.017,0.009,10,False,6,3,608.1641881541217,4.020246708675048e-05,-0.1383786328537896,0.003964729697656368,0.012466408975528016
0.01,0.017,0.009,10,True,6,7,1.170584431163586,4.050414436421129e-05,-0.014344867676580237,0.011225095894880608,6.38417354162677e-05
0.01,0.017,0.009,10,True,7,8,1.333912028537371,4.060446933036798e-05,0.006420876620327377,-0.013130543253221211,4.412871155882366e-05
0.01,0.017,0.009,10,True,0,1,1.7417325674490236,4.049436924286705e-05,-0.016264440807799017,0.006901782955919183,0.00019305269388791515
0.01,0.017,0.009,10,False,0,3,861.2011789887692,4.020015083321849e-05,-0.15095210432070344,-0.0029601756843110364,-0.014774543069709123
0.01,0.017,0.009,10,False,0,6,859.3996318054473,4.0202436045499694e-05,-0.1608495308762496,0.005582872800279341,-0.014795434444785448
0.01,0.017,0.009,10,True,1,2,2.050521923356736,4.0553055487927034e-05,-0.0037988028222411194,-0.011536164696009191,1.2890343569709336e-05
0.01,0.017,0.009,10,False,3,0,174.58920966405248,4.020040790588991e-05,-0.15204427290476175,0.004599000767712523,0.0034159234519610558
0.01,0.017,0.009,10,True,3,4,1.758437382115114,4.042957681603855e-05,-0.03173922880223141,-0.000455391285278552,-6.226774128035464e-05
0.01,0.017,0.009,10,False,3,6,170.00100022710882,4.0203242740758166e-05,-0.16404571647704655,0.000863421004322065,0.00344867794442214
0.01,0.017,0.009,10,True,4,5,2.266043609813007,4.058879033220097e-05,0.003656162135389464,-0.008634130730688293,-3.643548457012801e-05
0.01,0.017,0.009,10,False,6,0,599.8999682785213,4.0203006734987427e-05,-0.1392698544681377,0.008277127988606685,0.01241276305051939
0.01,0.017,0.009,10,False,6,3,608.1641881541217,4.020246708675048e-05,-0.1383786328537896,0.003964729697656368,0.012466408975528016
0.01,0.017,0.009,10,True,6,7,1.170584431163586,4.050414436421129e-05,-0.014344867676580237,0.011225095894880608,6.38417354162677e-05
0.01,0.017,0.009,10,True,7,8,1.333912028537371,4.060446933036798e-05,0.006420876620327377,-0.013130543253221211,4.412871155882366e-05
0.01,0.017,0.009,10,True,0,1,1.7417325674490236,4.049436924286705e-05,-0.016264440807799017,0.006901782955919183,0.00019305269388791515
0.01,0.017,0.009,10,False,0,3,861.2011789887692,4.020015083321849e-05,-0.15095210432070344,-0.0029601756843110364,-0.014774543069709123
0.01,0.017,0.009,10,False,0,6,859.3996318054473,4.0202436045499694e-05,-0.1608495308762496,0.005582872800279341,-0.014795434444785448
0.01,0.017,0.009,10,True,1,2,2.050521923356736,4.0553055487927034e-05,-0.0037988028222411194,-0.011536164696009191,1.2890343569709336e-05
0.01,0.017,0.009,10,False,3,0,174.58920966405248,4.020040790588991e-05,-0.15204427290476175,0.004599000767712523,0.0034159234519610558
0.01,0.017,0.009,10,True,3,4,1.758437382115114,4.042957681603855e-05,-0.03173922880223141,-0.000455391285278552,-6.226774128035464e-05
0.01,0.017,0.009,10,False,3,6,170.00100022710882,4.0203242740758166e-05,-0.16404571647704655,0.000863421004322065,0.00344867794442214
0.01,0.017,0.009,10,True,4,5,2.266043609813007,4.058879033220097e-05,0.003656162135389464,-0.008634130730688293,-3.643548457012801e-05
0.01,0.017,0.009,10,False,6,0,599.8999682785213,4.0203006734987427e-05,-0.1392698544681377,0.008277127988606685,0.01241276305051939
0.01,0.017,0.009,10,False,6,3,608.1641881541217,4.020246708675048e-05,-0.1383786328537896,0.003964729697656368,0.012466408975528016
0.01,0.017,0.009,10,True,6,7,1.170584431163586,4.050414436421129e-05,-0.014344867676580237,0.011225095894880608,6.38417354162677e-05
0.01,0.017,0.009,10,True,7,8,1.333912028537371,4.060446933036798e-05,0.006420876620327377,-0.013130543253221211,4.412871155882366e-05
0.01,0.017,0.009,10,True,0,1,1.7417325674490236,4.049436924286705e-05,-0.016264440807799017,0.006901782955919183,0.00019305269388791515
0.01,0.017,0.009,10,False,0,3,861.2011789887692,4.020015083321849e-05,-0.15095210432070344,-0.0029601756843110364,-0.014774543069709123
0.01,0.017,0.009,10,False,0,6,859.3996318054473,4.0202436045499694e-05,-0.1608495308762496,0.005582872800279341,-0.014795434444785448
0.01,0.017,0.009,10,True,1,2,2.050521923356736,4.0553055487927034e-05,-0.0037988028222411194,-0.011536164696009191,1.2890343569709336e-05
0.01,0.017,0.009,10,False,3,0,174.58920966405248,4.020040790588991e-05,-0.15204427290476175,0.004599000767712523,0.0034159234519610558
0.01,0.017,0.009,10,True,3,4,1.758437382115114,4.042957681603855e-05,-0.03173922880223141,-0.000455391285278552,-6.226774128035464e-05
0.01,0.017,0.009,10,False,3,6,170.00100022710882,4.0203242740758166e-05,-0.16404571647704655,0.000863421004322065,0.00344867794442214
0.01,0.017,0.009,10,True,4,5,2.266043609813007,4.058879033220097e-05,0.003656162135389464,-0.008634130730688293,-3.643548457012801e-05
0.01,0.017,0.009,10,False,6,0,599.8999682785213,4.0203006734987427e-05,-0.1392698544681377,0.008277127988606685,0.01241276305051939
0.01,0.017,0.009,10,False,6,3,608.1641881541217,4.020246708675048e-05,-0.1383786328537896,0.003964729697656368,0.012466408975528016
0.01,0.017,0.009,10,True,6,7,1.170584431163586,4.050414436421129e-05,-0.014344867676580237,0.011225095894880608,6.38417354162677e-05
0.01,0.017,0.009,10,True,7,8,1.333912028537371,4.060446933036798e-05,0.006420876620327377,-0.013130543253221211,4.412871155882366e-05
0.01,0.017,0.009,10,True,0,1,1.7417325674490236,4.049436924286705e-05,-0.016264440807799017,0.006901782955919183,0.00019305269388791515
0.01,0.017,0.009,10,False,0,3,861.2011789887692,4.020015083321849e-05,-0.15095210432070344,-0.0029601756843110364,-0.014774543069709123
0.01,0.017,0.009,10,False,0,6,859.3996318054473,4.0202436045499694e-05,-0.1608495308762496,0.005582872800279341,-0.014795434444785448
0.01,0.017,0.009,10,True,1,2,2.050521923356736,4.0553055487927034e-05,-0.0037988028222411194,-0.011536164696009191,1.2890343569709336e-05
0.01,0.017,0.009,10,False,3,0,174.58920966405248,4.020040790588991e-05,-0.15204427290476175,0.004599000767712523,0.0034159234519610558
0.01,0.017,0.009,10,True,3,4,1.758437382115114,4.042957681603855e-05,-0.03173922880223141,-0.000455391285278552,-6.226774128035464e-05
0.01,0.017,0.009,10,False,3,6,170.00100022710882,4.0203242740758166e-05,-0.16404571647704655,0.000863421004322065,0.00344867794442214
0.01,0.017,0.009,10,True,4,5,2.266043609813007,4.058879033220097e-05,0.003656162135389464,-0.008634130730688293,-3.643548457012801e-05
0.01,0.017,0.009,10,False,6,0,599.8999682785213,4.0203006734987427e-05,-0.1392698544681377,0.008277127988606685,0.01241276305051939
0.01,0.017,0.009,10,False,6,3,608.1641881541217,4.020246708675048e-05,-0.1383786328537896,0.003964729697656368,0.012466408975528016
0.01,0.017,0.009,10,True,6,7,1.170584431163586,4.050414436421129e-05,-0.014344867676580237,0.011225095894880608,6.38417354162677e-05
0.01,0.017,0.009,10,True,7,8,1.333912028537371,4.060446933036798e-05,0.006420876620327377,-0.013130543253221211,4.412871155882366e-05
0.01,0.017,0.009,10,True,0,1,1.7417325674490236,4.049436924286705e-05,-0.016264440807799017,0.006901782955919183,0.00019305269388791515
0.01,0.017,0.009,10,False,0,3,861.2011789887692,4.020015083321849e-05,-0.15095210432070344,-0.0029601756843110364,-0.014774543069709123
0.01,0.017,0.009,10,False,0,6,859.3996318054473,4.0202436045499694e-05,-0.1608495308762496,0.005582872800279341,-0.014795434444785448
0.01,0.017,0.009,10,True,1,2,2.050521923356736,4.0553055487927034e-05,-0.0037988028222411194,-0.011536164696009191,1.2890343569709336e-05
0.01,0.017,0.009,10,False,3,0,174.58920966405248,4.020040790588991e-05,-0.15204427290476175,0.004599000767712523,0.0034159234519610558
0.01,0.017,0.009,10,True,3,4,1.758437382115114,4.042957681603855e-05,-0.03173922880223141,-0.000455391285278552,-6.226774128035464e-05
0.01,0.017,0.009,10,False,3,6,170.00100022710882,4.0203242740758166e-05,-0.16404571647704655,0.000863421004322065,0.00344867794442214
0.01,0.017,0.009,10,True,4,5,2.266043609813007,4.058879033220097e-05,0.003656162135389464,-0.008634130730688293,-3.643548457012801e-05
0.01,0.017,0.009,10,False,6,0,599.8999682785213,4.0203006734987427e-05,-0.1392698544681377,0.008277127988606685,0.01241276305051939
0.01,0.017,0.009,10,False,6,3,608.1641881541217,4.020246708675048e-05,-0.1383786328537896,0.003964729697656368,0.012466408975528016
0.01,0.017,0.009,10,True,6,7,1.170584431163586,4.050414436421129e-05,-0.014344867676580237,0.011225095894880608,6.38417354162677e-05
0.01,0.017,0.009,10,True,7,8,1.333912028537371,4.060446933036798e-05,0.006420876620327377,-0.013130543253221211,4.412871155882366e-05
0.01,0.017,0.009,10,True,0,1,2.1505676513678242,4.0463303967777756e-05,-0.023349581554000416,-0.0002683250464646219,-4.611923523978028e-05
0.01,0.017,0.009,10,False,0,3,283.4165497986256,4.020048270919915e-05,-0.15537936129706825,-0.0009748967380632406,-0.008271772664402797
0.01,0.017,0.009,10,False,0,6,289.28039340350153,4.020015330403725e-05,-0.1512860900330355,0.0028575504257292708,-0.00839532801624069
0.01,0.017,0.009,10,True,1,2,1.5281148668900941,4.057138423582907e-05,-5.467115437350096e-05,-0.011866939489054555,-0.00021005957178626164
0.01,0.017,0.009,10,False,3,0,674.0954315115013,4.020098589311045e-05,-0.14494911318511886,0.0059186292673766554,0.013680943410540634
0.01,0.017,0.009,10,True,3,4,1.758437382115114,4.042957681603855e-05,-0.03173922880223141,-0.000455391285278552,-6.226774128035464e-05
0.01,0.017,0.009,10,False,3,6,662.6921235927721,4.020059763259944e-05,-0.15054407160037794,0.006049266566801934,0.013481172914175275
0.01,0.017,0.009,10,True,4,5,1.0893755327186392,4.057279911055235e-05,0.00023055161161397985,-0.011891370143008341,-4.878087483883804e-05
0.01,0.017,0.009,10,False,6,0,792.5022122515777,4.0200198474246554e-05,-0.14979904399878202,-0.0035399088102562805,-0.012786910482066701
0.01,0.017,0.009,10,False,6,3,803.1297627740494,4.02006422089344e-05,-0.15612735654875884,-0.0014355210797680465,-0.012863125348302619
0.01,0.017,0.009,10,True,6,7,1.397702133372427,4.046115444390595e-05,-0.02388306392513784,-0.001994639978328072,2.3560685819317628e-05
0.01,0.017,0.009,10,True,7,8,1.1758867324914357,4.059543802771721e-05,0.004617484072580669,-0.01353404671295139,0.00012391483641771534
0.01,0.017,0.009,10,True,0,1,2.03313346865189,4.046480905476231e-05,-0.022988785174815562,0.0004889388747846105,-9.915362383769915e-05
0.01,0.017,0.009,10,False,0,3,283.1741871499027,4.020073164028711e-05,-0.15652484118883875,0.0015745562225169237,-0.008254123199756429
0.01,0.017,0.009,10,False,0,6,288.6251962276268,4.020023108607721e-05,-0.14877907172724306,0.003614644165086915,-0.008307985834289584
0.01,0.017,0.009,10,True,1,2,1.4713580001039497,4.058310831824087e-05,0.0024669901660566806,-0.009615037670951395,-9.646870495214269e-05
0.01,0.017,0.009,10,False,3,0,636.3454406281828,4.020100346631878e-05,-0.1433030695978024,0.004094310479875503,0.012811269228101716
0.01,0.017,0.009,10,True,3,4,1.758437382115114,4.042957681603855e-05,-0.03173922880223141,-0.000455391285278552,-6.226774128035464e-05
0.01,0.017,0.009,10,False,3,6,629.4147965561813,4.020058321640375e-05,-0.14687786054642024,0.0051245768112212235,0.012702251786383883
0.01,0.017,0.009,10,True,4,5,1.1494535319386323,4.056893907648994e-05,-0.0004972880662727784,-0.01115423659747611,-2.5220166964517904e-05
0.01,0.017,0.009,10,False,6,0,827.5572900695039,4.020021986313624e-05,-0.15180647613432163,-0.0032571857469799012,-0.014182392109862937
0.01,0.017,0.009,10,False,6,3,840.3752148715752,4.02012982894861e-05,-0.15887310110279818,0.0009159245806865849,-0.014237546801255966
0.01,0.017,0.009,10,True,6,7,1.326726312402156,4.046468944981947e-05,-0.023026373751984554,-0.0015821853251792384,-3.575666041843278e-05
0.01,0.017,0.009,10,True,7,8,1.5491573404071548,4.058322043113874e-05,0.00239469246084971,-0.011014598390014195,8.749061079409834e-05
0.01,0.017,0.0009,10,True,0,1,1.6136718747983203,4.0449825009778625e-05,-0.01970475271644989,-0.0009671707436613833,0.00023653834351854833
0.01,0.017,0.0009,10,False,0,3,179.28629418295196,4.0200417170453606e-05,-0.14788650332257494,-0.004941839638983022,-0.0009711239905770749
0.01,0.017,0.0009,10,False,0,6,194.98629813283915,4.0201727104699465e-05,-0.15126536050077688,-0.0107844116696842,-0.0011439803552850268
0.01,0.017,0.0009,10,False,3,0,200.8420005876207,4.020040450043467e-05,-0.1516765370409721,0.005021637521671016,-0.00610987764548862
0.01,0.017,0.0009,10,True,3,4,0.9603461210023656,4.044566241819183e-05,-0.020877771914809724,0.004729233164815677,4.290834761083033e-05
0.01,0.017,0.0009,10,False,3,6,191.0191134598653,4.0200359779427294e-05,-0.15045619490031184,-0.004977670524662823,-0.006009365322642779
0.01,0.017,0.0009,10,False,6,0,514.320209323296,4.0201421197815765e-05,-0.15341860027728968,0.009242775203182868,0.009580208511577216
0.01,0.017,0.0009,10,False,6,3,547.3457605856447,4.020036349110785e-05,-0.1503848445256019,0.00500893485647955,0.009853575132376311
0.01,0.017,0.0009,10,True,6,7,1.8616037806804033,4.0429838401041194e-05,-0.025577275864417635,0.011770708871432067,0.00013330302203553183
0.01,0.017,0.0009,10,True,7,8,1.417480894992481,4.050289100805811e-05,-0.0073108963130556264,-0.014959629109736958,1.3528032028585642e-05
0.01,0.017,0.0009,10,True,0,1,1.4125202457192254,4.0454953636071e-05,-0.0183799826276179,0.0015759988887428195,0.00022335916935679488
0.01,0.017,0.0009,10,False,0,3,282.6618217881544,4.0200138006652006e-05,-0.14747585595524745,-0.0018831498541657288,-0.002978881890052598
0.01,0.017,0.0009,10,False,0,6,299.31835736184223,4.0200687447628006e-05,-0.15097379393048674,-0.006804857288836368,-0.003128736732632581
0.01,0.017,0.0009,10,True,1,2,1.2717820794754549,4.0527062166878226e-05,-0.0013149773267684005,-0.010923716798984207,0.00023234004610945256
0.01,0.017,0.0009,10,False,3,0,218.04773951564138,4.020002370542467e-05,-0.15106632660104027,0.001006377465932476,-0.005126511093741274
0.01,0.017,0.0009,10,True,3,4,1.2345059735969799,4.045311927699705e-05,-0.01884758775508959,0.0008367155888205763,0.00010284149362531078
0.01,0.017,0.0009,10,False,3,6,208.68589337753605,4.0200337022835815e-05,-0.14953800263253444,-0.0048193205435082855,-0.004957609723023611
0.01,0.017,0.0009,10,True,4,5,1.2893090031389143,4.054642031804133e-05,0.0030307990799014212,-0.011119827942581418,-0.00014269521502864867
0.01,0.017,0.0009,10,False,6,0,544.5407658336132,4.0200629689437136e-05,-0.15409507218863153,0.005153600428894632,0.011447858281996211
0.01,0.017,0.0009,10,False,6,3,579.4238604565065,4.0200410946402614e-05,-0.15167767272635818,0.00506442686099254,0.011766614499719838
0.01,0.017,0.0009,10,True,6,7,2.091894245606382,4.0437522152642487e-05,-0.023341695970153446,0.009969820875356005,0.00012354611690487834
0.01,0.017,0.0009,10,True,7,8,1.488411728217533,4.0493691939611016e-05,-0.009602017791781384,-0.015723885929225547,4.511173733133527e-05
0.01,0.017,0.0009,10,True,0,1,1.4125202457192254,4.0454953636071e-05,-0.0183799826276179,0.0015759988887428195,0.00022335916935679488
0.01,0.017,0.0009,10,False,0,3,282.6618217881544,4.0200138006652006e-05,-0.14747585595524745,-0.0018831498541657288,-0.002978881890052598
0.01,0.017,0.0009,10,False,0,6,299.31835736184223,4.0200687447628006e-05,-0.15097379393048674,-0.006804857288836368,-0.003128736732632581
0.01,0.017,0.0009,10,True,1,2,1.1788760003646916,4.052276048830477e-05,-0.0023355970966563227,-0.011378072229964576,0.0003004471305059386
0.01,0.017,0.0009,10,False,3,0,218.04773951564138,4.020002370542467e-05,-0.15106632660104027,0.001006377465932476,-0.005126511093741274
0.01,0.017,0.0009,10,True,3,4,1.2345059735969799,4.045311927699705e-05,-0.01884758775508959,0.0008367155888205763,0.00010284149362531078
0.01,0.017,0.0009,10,False,3,6,208.68589337753605,4.0200337022835815e-05,-0.14953800263253444,-0.0048193205435082855,-0.004957609723023611
0.01,0.017,0.0009,10,True,4,5,1.3009444925435223,4.054639579759312e-05,0.0030054901696207562,-0.011389887855560913,-0.00021083145035577424
0.01,0.017,0.0009,10,False,6,0,544.5407658336132,4.0200629689437136e-05,-0.15409507218863153,0.005153600428894632,0.011447858281996211
0.01,0.017,0.0009,10,False,6,3,579.4238604565065,4.0200410946402614e-05,-0.15167767272635818,0.00506442686099254,0.011766614499719838
0.01,0.017,0.0009,10,True,6,7,2.091894245606382,4.0437522152642487e-05,-0.023341695970153446,0.009969820875356005,0.00012354611690487834
0.01,0.017,0.0009,10,True,7,8,1.488411728217533,4.0493691939611016e-05,-0.009602017791781384,-0.015723885929225547,4.511173733133527e-05
0.01,0.017,0.0009,10,True,0,1,1.4125202457192254,4.0454953636071e-05,-0.0183799826276179,0.0015759988887428195,0.00022335916935679488
0.01,0.017,0.0009,10,False,0,3,282.6618217881544,4.0200138006652006e-05,-0.14747585595524745,-0.0018831498541657288,-0.002978881890052598
0.01,0.017,0.0009,10,False,0,6,299.31835736184223,4.0200687447628006e-05,-0.15097379393048674,-0.006804857288836368,-0.003128736732632581
0.01,0.017,0.0009,10,True,1,2,1.1788760003646916,4.052276048830477e-05,-0.0023355970966563227,-0.011378072229964576,0.0003004471305059386
0.01,0.017,0.0009,10,False,3,0,218.04773951564138,4.020002370542467e-05,-0.15106632660104027,0.001006377465932476,-0.005126511093741274
0.01,0.017,0.0009,10,True,3,4,1.2345059735969799,4.045311927699705e-05,-0.01884758775508959,0.0008367155888205763,0.00010284149362531078
0.01,0.017,0.0009,10,False,3,6,208.68589337753605,4.0200337022835815e-05,-0.14953800263253444,-0.0048193205435082855,-0.004957609723023611
0.01,0.017,0.0009,10,True,4,5,1.3009444925435223,4.054639579759312e-05,0.0030054901696207562,-0.011389887855560913,-0.00021083145035577424
0.01,0.017,0.0009,10,False,6,0,544.5407658336132,4.0200629689437136e-05,-0.15409507218863153,0.005153600428894632,0.011447858281996211
0.01,0.017,0.0009,10,False,6,3,579.4238604565065,4.0200410946402614e-05,-0.15167767272635818,0.00506442686099254,0.011766614499719838
0.01,0.017,0.0009,10,True,6,7,2.091894245606382,4.0437522152642487e-05,-0.023341695970153446,0.009969820875356005,0.00012354611690487834
0.01,0.017,0.0009,10,True,7,8,1.488411728217533,4.0493691939611016e-05,-0.009602017791781384,-0.015723885929225547,4.511173733133527e-05
0.01,0.017,0.0009,10,True,0,1,1.4125202457192254,4.0454953636071e-05,-0.0183799826276179,0.0015759988887428195,0.00022335916935679488
0.01,0.017,0.0009,10,False,0,3,282.6618217881544,4.0200138006652006e-05,-0.14747585595524745,-0.0018831498541657288,-0.002978881890052598
0.01,0.017,0.0009,10,False,0,6,299.31835736184223,4.0200687447628006e-05,-0.15097379393048674,-0.006804857288836368,-0.003128736732632581
0.01,0.017,0.0009,10,True,1,2,1.1788760003646916,4.052276048830477e-05,-0.0023355970966563227,-0.011378072229964576,0.0003004471305059386
0.01,0.017,0.0009,10,False,3,0,218.04773951564138,4.020002370542467e-05,-0.15106632660104027,0.001006377465932476,-0.005126511093741274
0.01,0.017,0.0009,10,True,3,4,1.2345059735969799,4.045311927699705e-05,-0.01884758775508959,0.0008367155888205763,0.00010284149362531078
0.01,0.017,0.0009,10,False,3,6,208.68589337753605,4.0200337022835815e-05,-0.14953800263253444,-0.0048193205435082855,-0.004957609723023611
0.01,0.017,0.0009,10,True,4,5,1.3009444925435223,4.054639579759312e-05,0.0030054901696207562,-0.011389887855560913,-0.00021083145035577424
0.01,0.017,0.0009,10,False,6,0,544.5407658336132,4.0200629689437136e-05,-0.15409507218863153,0.005153600428894632,0.011447858281996211
0.01,0.017,0.0009,10,False,6,3,579.4238604565065,4.0200410946402614e-05,-0.15167767272635818,0.00506442686099254,0.011766614499719838
0.01,0.017,0.0009,10,True,6,7,2.091894245606382,4.0437522152642487e-05,-0.023341695970153446,0.009969820875356005,0.00012354611690487834
0.01,0.017,0.0009,10,True,7,8,1.488411728217533,4.0493691939611016e-05,-0.009602017791781384,-0.015723885929225547,4.511173733133527e-05
0.01,0.017,0.0009,10,True,0,1,1.4125202457192254,4.0454953636071e-05,-0.0183799826276179,0.0015759988887428195,0.00022335916935679488
0.01,0.017,0.0009,10,False,0,3,282.6618217881544,4.0200138006652006e-05,-0.14747585595524745,-0.0018831498541657288,-0.002978881890052598
0.01,0.017,0.0009,10,False,0,6,299.31835736184223,4.0200687447628006e-05,-0.15097379393048674,-0.006804857288836368,-0.003128736732632581
0.01,0.017,0.0009,10,True,1,2,1.1788760003646916,4.052276048830477e-05,-0.0023355970966563227,-0.011378072229964576,0.0003004471305059386
0.01,0.017,0.0009,10,False,3,0,218.04773951564138,4.020002370542467e-05,-0.15106632660104027,0.001006377465932476,-0.005126511093741274
0.01,0.017,0.0009,10,True,3,4,1.2345059735969799,4.045311927699705e-05,-0.01884758775508959,0.0008367155888205763,0.00010284149362531078
0.01,0.017,0.0009,10,False,3,6,208.68589337753605,4.0200337022835815e-05,-0.14953800263253444,-0.0048193205435082855,-0.004957609723023611
0.01,0.017,0.0009,10,True,4,5,1.3009444925435223,4.054639579759312e-05,0.0030054901696207562,-0.011389887855560913,-0.00021083145035577424
0.01,0.017,0.0009,10,False,6,0,544.5407658336132,4.0200629689437136e-05,-0.15409507218863153,0.005153600428894632,0.011447858281996211
0.01,0.017,0.0009,10,False,6,3,579.4238604565065,4.0200410946402614e-05,-0.15167767272635818,0.00506442686099254,0.011766614499719838
0.01,0.017,0.0009,10,True,6,7,2.091894245606382,4.0437522152642487e-05,-0.023341695970153446,0.009969820875356005,0.00012354611690487834
0.01,0.017,0.0009,10,True,7,8,1.488411728217533,4.0493691939611016e-05,-0.009602017791781384,-0.015723885929225547,4.511173733133527e-05
0.01,0.017,0.0009,10,True,0,1,1.4125202457192254,4.0454953636071e-05,-0.0183799826276179,0.0015759988887428195,0.00022335916935679488
0.01,0.017,0.0009,10,False,0,3,282.6618217881544,4.0200138006652006e-05,-0.14747585595524745,-0.0018831498541657288,-0.002978881890052598
0.01,0.017,0.0009,10,False,0,6,299.31835736184223,4.0200687447628006e-05,-0.15097379393048674,-0.006804857288836368,-0.003128736732632581
0.01,0.017,0.0009,10,True,1,2,1.1788760003646916,4.052276048830477e-05,-0.0023355970966563227,-0.011378072229964576,0.0003004471305059386
0.01,0.017,0.0009,10,False,3,0,218.04773951564138,4.020002370542467e-05,-0.15106632660104027,0.001006377465932476,-0.005126511093741274
0.01,0.017,0.0009,10,True,3,4,1.2345059735969799,4.045311927699705e-05,-0.01884758775508959,0.0008367155888205763,0.00010284149362531078
0.01,0.017,0.0009,10,False,3,6,208.68589337753605,4.0200337022835815e-05,-0.14953800263253444,-0.0048193205435082855,-0.004957609723023611
0.01,0.017,0.0009,10,True,4,5,1.3009444925435223,4.054639579759312e-05,0.0030054901696207562,-0.011389887855560913,-0.00021083145035577424
0.01,0.017,0.0009,10,False,6,0,544.5407658336132,4.0200629689437136e-05,-0.15409507218863153,0.005153600428894632,0.011447858281996211
0.01,0.017,0.0009,10,False,6,3,579.4238604565065,4.0200410946402614e-05,-0.15167767272635818,0.00506442686099254,0.011766614499719838
0.01,0.017,0.0009,10,True,6,7,2.091894245606382,4.0437522152642487e-05,-0.023341695970153446,0.009969820875356005,0.00012354611690487834
0.01,0.017,0.0009,10,True,7,8,1.488411728217533,4.0493691939611016e-05,-0.009602017791781384,-0.015723885929225547,4.511173733133527e-05
0.01,0.017,0.0009,10,True,0,1,1.4125202457192254,4.0454953636071e-05,-0.0183799826276179,0.0015759988887428195,0.00022335916935679488
0.01,0.017,0.0009,10,False,0,3,282.6618217881544,4.0200138006652006e-05,-0.14747585595524745,-0.0018831498541657288,-0.002978881890052598
0.01,0.017,0.0009,10,False,0,6,299.31835736184223,4.0200687447628006e-05,-0.15097379393048674,-0.006804857288836368,-0.003128736732632581
0.01,0.017,0.0009,10,True,1,2,1.1788760003646916,4.052276048830477e-05,-0.0023355970966563227,-0.011378072229964576,0.0003004471305059386
0.01,0.017,0.0009,10,False,3,0,218.04773951564138,4.020002370542467e-05,-0.15106632660104027,0.001006377465932476,-0.005126511093741274
0.01,0.017,0.0009,10,True,3,4,1.2345059735969799,4.045311927699705e-05,-0.01884758775508959,0.0008367155888205763,0.00010284149362531078
0.01,0.017,0.0009,10,False,3,6,208.68589337753605,4.0200337022835815e-05,-0.14953800263253444,-0.0048193205435082855,-0.004957609723023611
0.01,0.017,0.0009,10,True,4,5,1.3009444925435223,4.054639579759312e-05,0.0030054901696207562,-0.011389887855560913,-0.00021083145035577424
0.01,0.017,0.0009,10,False,6,0,544.5407658336132,4.0200629689437136e-05,-0.15409507218863153,0.005153600428894632,0.011447858281996211
0.01,0.017,0.0009,10,False,6,3,579.4238604565065,4.0200410946402614e-05,-0.15167767272635818,0.00506442686099254,0.011766614499719838
0.01,0.017,0.0009,10,True,6,7,2.091894245606382,4.0437522152642487e-05,-0.023341695970153446,0.009969820875356005,0.00012354611690487834
0.01,0.017,0.0009,10,True,7,8,1.488411728217533,4.0493691939611016e-05,-0.009602017791781384,-0.015723885929225547,4.511173733133527e-05
0.01,0.017,0.0009,10,True,0,1,1.4125202457192254,4.0454953636071e-05,-0.0183799826276179,0.0015759988887428195,0.00022335916935679488
0.01,0.017,0.0009,10,False,0,3,282.6618217881544,4.0200138006652006e-05,-0.14747585595524745,-0.0018831498541657288,-0.002978881890052598
0.01,0.017,0.0009,10,False,0,6,299.31835736184223,4.0200687447628006e-05,-0.15097379393048674,-0.006804857288836368,-0.003128736732632581
0.01,0.017,0.0009,10,True,1,2,1.1788760003646916,4.052276048830477e-05,-0.0023355970966563227,-0.011378072229964576,0.0003004471305059386
0.01,0.017,0.0009,10,False,3,0,218.04773951564138,4.020002370542467e-05,-0.15106632660104027,0.001006377465932476,-0.005126511093741274
0.01,0.017,0.0009,10,True,3,4,1.2345059735969799,4.045311927699705e-05,-0.01884758775508959,0.0008367155888205763,0.00010284149362531078
0.01,0.017,0.0009,10,False,3,6,208.68589337753605,4.0200337022835815e-05,-0.14953800263253444,-0.0048193205435082855,-0.004957609723023611
0.01,0.017,0.0009,10,True,4,5,1.3009444925435223,4.054639579759312e-05,0.0030054901696207562,-0.011389887855560913,-0.00021083145035577424
0.01,0.017,0.0009,10,False,6,0,544.5407658336132,4.0200629689437136e-05,-0.15409507218863153,0.005153600428894632,0.011447858281996211
0.01,0.017,0.0009,10,False,6,3,579.4238604565065,4.0200410946402614e-05,-0.15167767272635818,0.00506442686099254,0.011766614499719838
0.01,0.017,0.0009,10,True,6,7,2.091894245606382,4.0437522152642487e-05,-0.023341695970153446,0.009969820875356005,0.00012354611690487834
0.01,0.017,0.0009,10,True,7,8,1.488411728217533,4.0493691939611016e-05,-0.009602017791781384,-0.015723885929225547,4.511173733133527e-05
0.01,0.017,0.0009,10,True,0,1,1.4125202457192254,4.0454953636071e-05,-0.0183799826276179,0.0015759988887428195,0.00022335916935679488
0.01,0.017,0.0009,10,False,0,3,282.6618217881544,4.0200138006652006e-05,-0.14747585595524745,-0.0018831498541657288,-0.002978881890052598
0.01,0.017,0.0009,10,False,0,6,299.31835736184223,4.0200687447628006e-05,-0.15097379393048674,-0.006804857288836368,-0.003128736732632581
0.01,0.017,0.0009,10,True,1,2,1.1788760003646916,4.052276048830477e-05,-0.0023355970966563227,-0.011378072229964576,0.0003004471305059386
0.01,0.017,0.0009,10,False,3,0,218.04773951564138,4.020002370542467e-05,-0.15106632660104027,0.001006377465932476,-0.005126511093741274
0.01,0.017,0.0009,10,True,3,4,1.2345059735969799,4.045311927699705e-05,-0.01884758775508959,0.0008367155888205763,0.00010284149362531078
0.01,0.017,0.0009,10,False,3,6,208.68589337753605,4.0200337022835815e-05,-0.14953800263253444,-0.0048193205435082855,-0.004957609723023611
0.01,0.017,0.0009,10,True,4,5,1.3009444925435223,4.054639579759312e-05,0.0030054901696207562,-0.011389887855560913,-0.00021083145035577424
0.01,0.017,0.0009,10,False,6,0,544.5407658336132,4.0200629689437136e-05,-0.15409507218863153,0.005153600428894632,0.011447858281996211
0.01,0.017,0.0009,10,False,6,3,579.4238604565065,4.0200410946402614e-05,-0.15167767272635818,0.00506442686099254,0.011766614499719838
0.01,0.017,0.0009,10,True,6,7,2.091894245606382,4.0437522152642487e-05,-0.023341695970153446,0.009969820875356005,0.00012354611690487834
0.01,0.017,0.0009,10,True,7,8,1.488411728217533,4.0493691939611016e-05,-0.009602017791781384,-0.015723885929225547,4.511173733133527e-05
0.01,0.017,0.0009,10,True,0,1,1.4125202457192254,4.0454953636071e-05,-0.0183799826276179,0.0015759988887428195,0.00022335916935679488
0.01,0.017,0.0009,10,False,0,3,282.6618217881544,4.0200138006652006e-05,-0.14747585595524745,-0.0018831498541657288,-0.002978881890052598
0.01,0.017,0.0009,10,False,0,6,299.31835736184223,4.0200687447628006e-05,-0.15097379393048674,-0.006804857288836368,-0.003128736732632581
0.01,0.017,0.0009,10,True,1,2,1.1788760003646916,4.052276048830477e-05,-0.0023355970966563227,-0.011378072229964576,0.0003004471305059386
0.01,0.017,0.0009,10,False,3,0,218.04773951564138,4.020002370542467e-05,-0.15106632660104027,0.001006377465932476,-0.005126511093741274
0.01,0.017,0.0009,10,True,3,4,1.2345059735969799,4.045311927699705e-05,-0.01884758775508959,0.0008367155888205763,0.00010284149362531078
0.01,0.017,0.0009,10,False,3,6,208.68589337753605,4.0200337022835815e-05,-0.14953800263253444,-0.0048193205435082855,-0.004957609723023611
0.01,0.017,0.0009,10,True,4,5,1.3009444925435223,4.054639579759312e-05,0.0030054901696207562,-0.011389887855560913,-0.00021083145035577424
0.01,0.017,0.0009,10,False,6,0,544.5407658336132,4.0200629689437136e-05,-0.15409507218863153,0.005153600428894632,0.011447858281996211
0.01,0.017,0.0009,10,False,6,3,579.4238604565065,4.0200410946402614e-05,-0.15167767272635818,0.00506442686099254,0.011766614499719838
0.01,0.017,0.0009,10,True,6,7,2.091894245606382,4.0437522152642487e-05,-0.023341695970153446,0.009969820875356005,0.00012354611690487834
0.01,0.017,0.0009,10,True,7,8,1.488411728217533,4.0493691939611016e-05,-0.009602017791781384,-0.015723885929225547,4.511173733133527e-05
0.01,0.017,0.0009,10,True,0,1,1.645725788588854,4.04186249713444e-05,-0.02820379169131924,0.004819536557750807,-0.00016595814380045463
0.01,0.017,0.0009,10,False,0,3,693.3644762441065,4.0200056167181666e-05,-0.15207954153759573,-0.00018787738153874732,-0.01090868691142034
0.01,0.017,0.0009,10,False,0,6,720.2197600815341,4.02004936265258e-05,-0.15544217357231843,-0.0021132688615112696,-0.011017812871323755
0.01,0.017,0.0009,10,True,1,2,1.1788760003646916,4.052276048830477e-05,-0.0023355970966563227,-0.011378072229964576,0.0003004471305059386
0.01,0.017,0.0009,10,False,3,0,981.3868854659264,4.0200043851802724e-05,-0.15007031842383395,0.0018756107067187694,0.01657674173612749
0.01,0.017,0.0009,10,True,3,4,1.0835968702209233,4.042411413691512e-05,-0.026587935865988715,0.00017856890151549568,-0.00011855396025947964
0.01,0.017,0.0009,10,False,3,6,956.319533280987,4.020056502301785e-05,-0.15181308493435636,-0.005970856588538255,0.016372391861982444
0.01,0.017,0.0009,10,True,4,5,1.3009444925435223,4.054639579759312e-05,0.0030054901696207562,-0.011389887855560913,-0.00021083145035577424
0.01,0.017,0.0009,10,False,6,0,278.98270847564726,4.020064651459116e-05,-0.14707857015685152,0.0059948652192009086,0.008200995050497532
0.01,0.017,0.0009,10,False,6,3,275.69371243608236,4.0200260194318986e-05,-0.1481489114078807,0.0038465910698493194,0.008105771118747898
0.01,0.017,0.0009,10,True,6,7,1.89391393129101,4.0435250719503727e-05,-0.023564350934553748,0.0011812987017555555,0.00016557880164255149
0.01,0.017,0.0009,10,True,7,8,1.6211706078932235,4.0549051862155725e-05,0.003603206950438495,-0.011267648209693596,-3.459716047978269e-05
0.01,0.017,0.0009,10,True,0,1,1.7491309745680952,4.043031804125039e-05,-0.024966373481372855,0.004330872845128989,-0.0001332012889294329
0.01,0.017,0.0009,10,False,0,3,584.8794412358602,4.020002802292664e-05,-0.15050795441120238,-0.0014796911936384857,-0.0075147216602059275
0.01,0.017,0.0009,10,False,0,6,599.5954244604367,4.0200006029553865e-05,-0.1509380811396112,-0.00026261860328926723,-0.007545588894923388
0.01,0.017,0.0009,10,True,1,2,1.461336206984949,4.056702834429152e-05,0.007470323588314925,-0.012067456819321214,7.255566414504016e-05
0.01,0.017,0.0009,10,False,3,0,940.272475572363,4.020013054508084e-05,-0.15217946471514243,0.00215978233135895,0.015228085208255582
0.01,0.017,0.0009,10,True,3,4,1.071882954773353,4.041958646314277e-05,-0.027868748218540934,0.0026157146471125466,-0.00018915100932924124
0.01,0.017,0.0009,10,False,3,6,920.4258114302769,4.020005145467525e-05,-0.1510690863757245,-0.001701741953466036,0.015129404264166011
0.01,0.017,0.0009,10,True,4,5,1.9872239764228457,4.0547106120152166e-05,0.0032466247986967186,-0.010205428038501925,0.00019022697637174297
0.01,0.017,0.0009,10,False,6,0,280.96626802719607,4.020003453096307e-05,-0.14991015427706664,0.001696407294194055,0.00823865892744762
0.01,0.017,0.0009,10,False,6,3,279.2438616503775,4.0200018716257014e-05,-0.1488059982317466,-0.0006232073347530231,0.008170845224421151
0.01,0.017,0.0009,10,True,6,7,1.6520218288692092,4.043818086130942e-05,-0.022774069711381476,-0.00023569005143442723,9.086747331017488e-05
0.01,0.017,0.0009,10,True,7,8,1.6440405442501784,4.055017958803527e-05,0.0037751764006944853,-0.012277482500994658,-6.915276795715454e-05
0.001,0.0017,0.017,10,True,0,1,1.5933157657335508,6.048393487489348e-07,-0.019981751440070288,-4.417165282033544e-05,0.0002571673728793636
0.001,0.0017,0.017,10,False,0,3,1675.8591193321827,6.000001469581608e-07,-0.14988272304513783,-0.00036780415069401673,0.030755864052170123
0.001,0.0017,0.017,10,False,0,6,1634.1615330504396,6.000001399347308e-07,-0.14989735964061843,-0.0004180537680263056,0.030433726927174935
0.001,0.0017,0.017,10,True,1,2,1.0121149495785042,6.06495712037525e-07,0.0002931900221416159,-0.010161465413447974,2.439919017864531e-05
0.001,0.0017,0.017,10,False,3,0,492.5918466792117,6.000002181641982e-07,-0.14934705319922023,-5.02268229216857e-05,-0.01643398334070949
0.001,0.0017,0.017,10,True,3,4,1.2932765943705855,6.048775182489256e-07,-0.01946882378204002,-7.773305719991788e-05,0.00026529332806439265
0.001,0.0017,0.017,10,False,3,6,518.727586468836,6.000000762022737e-07,-0.15003417130495003,-0.00024045086247451148,-0.016845084445699897
0.001,0.0017,0.017,10,True,4,5,0.9787898579053115,6.064411926012361e-07,-0.00035158882560901904,-0.010308578649722221,-0.00020774308939375364
0.001,0.0017,0.017,10,False,6,0,1504.538935752413,6.000001008454373e-07,-0.14985536830626905,0.00010378580423569822,-0.022448198986900706
0.001,0.0017,0.017,10,False,6,3,1502.419415640376,6.000000725643059e-07,-0.15006204997672062,0.00020208215409082316,-0.022537162930374097
0.001,0.0017,0.017,10,True,6,7,1.2225892373789768,6.048537667990916e-07,-0.0197883745341518,-0.0004887351241582366,-0.00012884758602839307
0.001,0.0017,0.017,10,True,7,8,1.133559286896946,6.065319491204301e-07,0.0007449983490994127,-0.009677789553447886,0.00022657863200888488
0.001,0.0017,0.017,10,True,0,1,1.5123121749131647,6.048205553459878e-07,-0.02023467471886336,-0.00021799185906423496,0.00019446710091351028
0.001,0.0017,0.017,10,False,0,3,1566.5381781656229,6.000001249659513e-07,-0.14981659567573025,-0.0002034508850246819,0.02803626487992152
0.001,0.0017,0.017,10,False,0,6,1526.9787390558527,6.000001003869011e-07,-0.14986843400073765,-0.00018539037404099806,0.027683961121667534
0.001,0.0017,0.017,10,True,1,2,1.0711917767287078,6.065021157352402e-07,0.00037357813081842115,-0.01006931524325335,8.922134187246012e-05
0.001,0.0017,0.017,10,False,3,0,489.28176927862233,6.000001683755803e-07,-0.14954280500687972,-0.00019129809620980597,-0.015560461417737878
0.001,0.0017,0.017,10,True,3,4,1.3331942082422188,6.048728231636392e-07,-0.01953209339204747,-0.00035014993587091143,0.0002233427643285359
0.001,0.0017,0.017,10,False,3,6,516.749822883982,6.000000662180962e-07,-0.1500318400537696,-0.00014225004055955985,-0.015734342734968675
0.001,0.0017,0.017,10,True,4,5,0.8237832714865154,6.064390865703588e-07,-0.00035692172273218904,-0.010024017474595458,-4.585741134622431e-05
0.001,0.0017,0.017,10,False,6,0,1767.328693894117,6.00000087895766e-07,-0.14994925433072126,3.991637876633829e-06,-0.028155246510493608
0.001,0.0017,0.017,10,False,6,3,1735.2940008343837,6.000000682989499e-07,-0.15007256151984735,0.0001554384208519491,-0.027976824069472987
0.001,0.0017,0.017,10,True,6,7,1.2776971705513558,6.048477623674017e-07,-0.019868571491659485,-0.000329118144078313,-0.00010292679605702483
0.001,0.0017,0.017,10,True,7,8,0.9838664855759232,6.065277583625778e-07,0.0006766887719360879,-0.009985566403022806,0.00021885005021122787
0.001,0.0017,0.017,10,True,0,1,1.5123121749131647,6.048205553459878e-07,-0.02023467471886336,-0.00021799185906423496,0.00019446710091351028
0.001,0.0017,0.017,10,False,0,3,1566.5381781656229,6.000001249659513e-07,-0.14981659567573025,-0.0002034508850246819,0.02803626487992152
0.001,0.0017,0.017,10,False,0,6,1526.9787390558527,6.000001003869011e-07,-0.14986843400073765,-0.00018539037404099806,0.027683961121667534
0.001,0.0017,0.017,10,True,1,2,1.0711917767287078,6.065021157352402e-07,0.00037357813081842115,-0.01006931524325335,8.922134187246012e-05
0.001,0.0017,0.017,10,False,3,0,489.28176927862233,6.000001683755803e-07,-0.14954280500687972,-0.00019129809620980597,-0.015560461417737878
0.001,0.0017,0.017,10,True,3,4,1.3331942082422188,6.048728231636392e-07,-0.01953209339204747,-0.00035014993587091143,0.0002233427643285359
0.001,0.0017,0.017,10,False,3,6,516.749822883982,6.000000662180962e-07,-0.1500318400537696,-0.00014225004055955985,-0.015734342734968675
0.001,0.0017,0.017,10,True,4,5,0.8237832714865154,6.064390865703588e-07,-0.00035692172273218904,-0.010024017474595458,-4.585741134622431e-05
0.001,0.0017,0.017,10,False,6,0,1767.328693894117,6.00000087895766e-07,-0.14994925433072126,3.991637876633829e-06,-0.028155246510493608
0.001,0.0017,0.017,10,False,6,3,1735.2940008343837,6.000000682989499e-07,-0.15007256151984735,0.0001554384208519491,-0.027976824069472987
0.001,0.0017,0.017,10,True,6,7,1.2776971705513558,6.048477623674017e-07,-0.019868571491659485,-0.000329118144078313,-0.00010292679605702483
0.001,0.0017,0.017,10,True,7,8,0.9838664855759232,6.065277583625778e-07,0.0006766887719360879,-0.009985566403022806,0.00021885005021122787
0.001,0.0017,0.017,10,True,0,1,1.5123121749131647,6.048205553459878e-07,-0.02023467471886336,-0.00021799185906423496,0.00019446710091351028
0.001,0.0017,0.017,10,False,0,3,1566.5381781656229,6.000001249659513e-07,-0.14981659567573025,-0.0002034508850246819,0.02803626487992152
0.001,0.0017,0.017,10,False,0,6,1526.9787390558527,6.000001003869011e-07,-0.14986843400073765,-0.00018539037404099806,0.027683961121667534
0.001,0.0017,0.017,10,True,1,2,1.0711917767287078,6.065021157352402e-07,0.00037357813081842115,-0.01006931524325335,8.922134187246012e-05
0.001,0.0017,0.017,10,False,3,0,489.28176927862233,6.000001683755803e-07,-0.14954280500687972,-0.00019129809620980597,-0.015560461417737878
0.001,0.0017,0.017,10,True,3,4,1.3331942082422188,6.048728231636392e-07,-0.01953209339204747,-0.00035014993587091143,0.0002233427643285359
0.001,0.0017,0.017,10,False,3,6,516.749822883982,6.000000662180962e-07,-0.1500318400537696,-0.00014225004055955985,-0.015734342734968675
0.001,0.0017,0.017,10,True,4,5,0.8237832714865154,6.064390865703588e-07,-0.00035692172273218904,-0.010024017474595458,-4.585741134622431e-05
0.001,0.0017,0.017,10,False,6,0,1767.328693894117,6.00000087895766e-07,-0.14994925433072126,3.991637876633829e-06,-0.028155246510493608
0.001,0.0017,0.017,10,False,6,3,1735.2940008343837,6.000000682989499e-07,-0.15007256151984735,0.0001554384208519491,-0.027976824069472987
0.001,0.0017,0.017,10,True,6,7,1.2776971705513558,6.048477623674017e-07,-0.019868571491659485,-0.000329118144078313,-0.00010292679605702483
0.001,0.0017,0.017,10,True,7,8,0.9838664855759232,6.065277583625778e-07,0.0006766887719360879,-0.009985566403022806,0.00021885005021122787
0.001,0.0017,0.017,10,True,0,1,1.5123121749131647,6.048205553459878e-07,-0.02023467471886336,-0.00021799185906423496,0.00019446710091351028
0.001,0.0017,0.017,10,False,0,3,1566.5381781656229,6.000001249659513e-07,-0.14981659567573025,-0.0002034508850246819,0.02803626487992152
0.001,0.0017,0.017,10,False,0,6,1526.9787390558527,6.000001003869011e-07,-0.14986843400073765,-0.00018539037404099806,0.027683961121667534
0.001,0.0017,0.017,10,True,1,2,1.0711917767287078,6.065021157352402e-07,0.00037357813081842115,-0.01006931524325335,8.922134187246012e-05
0.001,0.0017,0.017,10,False,3,0,489.28176927862233,6.000001683755803e-07,-0.14954280500687972,-0.00019129809620980597,-0.015560461417737878
0.001,0.0017,0.017,10,True,3,4,1.3331942082422188,6.048728231636392e-07,-0.01953209339204747,-0.00035014993587091143,0.0002233427643285359
0.001,0.0017,0.017,10,False,3,6,516.749822883982,6.000000662180962e-07,-0.1500318400537696,-0.00014225004055955985,-0.015734342734968675
0.001,0.0017,0.017,10,True,4,5,0.8237832714865154,6.064390865703588e-07,-0.00035692172273218904,-0.010024017474595458,-4.585741134622431e-05
0.001,0.0017,0.017,10,False,6,0,1767.328693894117,6.00000087895766e-07,-0.14994925433072126,3.991637876633829e-06,-0.028155246510493608
0.001,0.0017,0.017,10,False,6,3,1735.2940008343837,6.000000682989499e-07,-0.15007256151984735,0.0001554384208519491,-0.027976824069472987
0.001,0.0017,0.017,10,True,6,7,1.2776971705513558,6.048477623674017e-07,-0.019868571491659485,-0.000329118144078313,-0.00010292679605702483
0.001,0.0017,0.017,10,True,7,8,0.9838664855759232,6.065277583625778e-07,0.0006766887719360879,-0.009985566403022806,0.00021885005021122787
0.001,0.0017,0.017,10,True,0,1,1.5123121749131647,6.048205553459878e-07,-0.02023467471886336,-0.00021799185906423496,0.00019446710091351028
0.001,0.0017,0.017,10,False,0,3,1566.5381781656229,6.000001249659513e-07,-0.14981659567573025,-0.0002034508850246819,0.02803626487992152
0.001,0.0017,0.017,10,False,0,6,1526.9787390558527,6.000001003869011e-07,-0.14986843400073765,-0.00018539037404099806,0.027683961121667534
0.001,0.0017,0.017,10,True,1,2,1.0711917767287078,6.065021157352402e-07,0.00037357813081842115,-0.01006931524325335,8.922134187246012e-05
0.001,0.0017,0.017,10,False,3,0,489.28176927862233,6.000001683755803e-07,-0.14954280500687972,-0.00019129809620980597,-0.015560461417737878
0.001,0.0017,0.017,10,True,3,4,1.3331942082422188,6.048728231636392e-07,-0.01953209339204747,-0.00035014993587091143,0.0002233427643285359
0.001,0.0017,0.017,10,False,3,6,516.749822883982,6.000000662180962e-07,-0.1500318400537696,-0.00014225004055955985,-0.015734342734968675
0.001,0.0017,0.017,10,True,4,5,0.8237832714865154,6.064390865703588e-07,-0.00035692172273218904,-0.010024017474595458,-4.585741134622431e-05
0.001,0.0017,0.017,10,False,6,0,1767.328693894117,6.00000087895766e-07,-0.14994925433072126,3.991637876633829e-06,-0.028155246510493608
0.001,0.0017,0.017,10,False,6,3,1735.2940008343837,6.000000682989499e-07,-0.15007256151984735,0.0001554384208519491,-0.027976824069472987
0.001,0.0017,0.017,10,True,6,7,1.2776971705513558,6.048477623674017e-07,-0.019868571491659485,-0.000329118144078313,-0.00010292679605702483
0.001,0.0017,0.017,10,True,7,8,0.9838664855759232,6.065277583625778e-07,0.0006766887719360879,-0.009985566403022806,0.00021885005021122787
0.001,0.0017,0.017,10,True,0,1,1.5123121749131647,6.048205553459878e-07,-0.02023467471886336,-0.00021799185906423496,0.00019446710091351028
0.001,0.0017,0.017,10,False,0,3,1566.5381781656229,6.000001249659513e-07,-0.14981659567573025,-0.0002034508850246819,0.02803626487992152
0.001,0.0017,0.017,10,False,0,6,1526.9787390558527,6.000001003869011e-07,-0.14986843400073765,-0.00018539037404099806,0.027683961121667534
0.001,0.0017,0.017,10,True,1,2,1.0711917767287078,6.065021157352402e-07,0.00037357813081842115,-0.01006931524325335,8.922134187246012e-05
0.001,0.0017,0.017,10,False,3,0,489.28176927862233,6.000001683755803e-07,-0.14954280500687972,-0.00019129809620980597,-0.015560461417737878
0.001,0.0017,0.017,10,True,3,4,1.3331942082422188,6.048728231636392e-07,-0.01953209339204747,-0.00035014993587091143,0.0002233427643285359
0.001,0.0017,0.017,10,False,3,6,516.749822883982,6.000000662180962e-07,-0.1500318400537696,-0.00014225004055955985,-0.015734342734968675
0.001,0.0017,0.017,10,True,4,5,0.8237832714865154,6.064390865703588e-07,-0.00035692172273218904,-0.010024017474595458,-4.585741134622431e-05
0.001,0.0017,0.017,10,False,6,0,1767.328693894117,6.00000087895766e-07,-0.14994925433072126,3.991637876633829e-06,-0.028155246510493608
0.001,0.0017,0.017,10,False,6,3,1735.2940008343837,6.000000682989499e-07,-0.15007256151984735,0.0001554384208519491,-0.027976824069472987
0.001,0.0017,0.017,10,True,6,7,1.2776971705513558,6.048477623674017e-07,-0.019868571491659485,-0.000329118144078313,-0.00010292679605702483
0.001,0.0017,0.017,10,True,7,8,0.9838664855759232,6.065277583625778e-07,0.0006766887719360879,-0.009985566403022806,0.00021885005021122787
0.001,0.0017,0.017,10,True,0,1,1.5123121749131647,6.048205553459878e-07,-0.02023467471886336,-0.00021799185906423496,0.00019446710091351028
0.001,0.0017,0.017,10,False,0,3,1566.5381781656229,6.000001249659513e-07,-0.14981659567573025,-0.0002034508850246819,0.02803626487992152
0.001,0.0017,0.017,10,False,0,6,1526.9787390558527,6.000001003869011e-07,-0.14986843400073765,-0.00018539037404099806,0.027683961121667534
0.001,0.0017,0.017,10,True,1,2,1.0711917767287078,6.065021157352402e-07,0.00037357813081842115,-0.01006931524325335,8.922134187246012e-05
0.001,0.0017,0.017,10,False,3,0,489.28176927862233,6.000001683755803e-07,-0.14954280500687972,-0.00019129809620980597,-0.015560461417737878
0.001,0.0017,0.017,10,True,3,4,1.3331942082422188,6.048728231636392e-07,-0.01953209339204747,-0.00035014993587091143,0.0002233427643285359
0.001,0.0017,0.017,10,False,3,6,516.749822883982,6.000000662180962e-07,-0.1500318400537696,-0.00014225004055955985,-0.015734342734968675
0.001,0.0017,0.017,10,True,4,5,0.8237832714865154,6.064390865703588e-07,-0.00035692172273218904,-0.010024017474595458,-4.585741134622431e-05
0.001,0.0017,0.017,10,False,6,0,1767.328693894117,6.00000087895766e-07,-0.14994925433072126,3.991637876633829e-06,-0.028155246510493608
0.001,0.0017,0.017,10,False,6,3,1735.2940008343837,6.000000682989499e-07,-0.15007256151984735,0.0001554384208519491,-0.027976824069472987
0.001,0.0017,0.017,10,True,6,7,1.2776971705513558,6.048477623674017e-07,-0.019868571491659485,-0.000329118144078313,-0.00010292679605702483
0.001,0.0017,0.017,10,True,7,8,0.9838664855759232,6.065277583625778e-07,0.0006766887719360879,-0.009985566403022806,0.00021885005021122787
0.001,0.0017,0.017,10,True,0,1,1.5123121749131647,6.048205553459878e-07,-0.02023467471886336,-0.00021799185906423496,0.00019446710091351028
0.001,0.0017,0.017,10,False,0,3,1566.5381781656229,6.000001249659513e-07,-0.14981659567573025,-0.0002034508850246819,0.02803626487992152
0.001,0.0017,0.017,10,False,0,6,1526.9787390558527,6.000001003869011e-07,-0.14986843400073765,-0.00018539037404099806,0.027683961121667534
0.001,0.0017,0.017,10,True,1,2,1.0711917767287078,6.065021157352402e-07,0.00037357813081842115,-0.01006931524325335,8.922134187246012e-05
0.001,0.0017,0.017,10,False,3,0,489.28176927862233,6.000001683755803e-07,-0.14954280500687972,-0.00019129809620980597,-0.015560461417737878
0.001,0.0017,0.017,10,True,3,4,1.3331942082422188,6.048728231636392e-07,-0.01953209339204747,-0.00035014993587091143,0.0002233427643285359
0.001,0.0017,0.017,10,False,3,6,516.749822883982,6.000000662180962e-07,-0.1500318400537696,-0.00014225004055955985,-0.015734342734968675
0.001,0.0017,0.017,10,True,4,5,0.8237832714865154,6.064390865703588e-07,-0.00035692172273218904,-0.010024017474595458,-4.585741134622431e-05
0.001,0.0017,0.017,10,False,6,0,1767.328693894117,6.00000087895766e-07,-0.14994925433072126,3.991637876633829e-06,-0.028155246510493608
0.001,0.0017,0.017,10,False,6,3,1735.2940008343837,6.000000682989499e-07,-0.15007256151984735,0.0001554384208519491,-0.027976824069472987
0.001,0.0017,0.017,10,True,6,7,1.2776971705513558,6.048477623674017e-07,-0.019868571491659485,-0.000329118144078313,-0.00010292679605702483
0.001,0.0017,0.017,10,True,7,8,0.9838664855759232,6.065277583625778e-07,0.0006766887719360879,-0.009985566403022806,0.00021885005021122787
0.001,0.0017,0.017,10,True,0,1,1.5123121749131647,6.048205553459878e-07,-0.02023467471886336,-0.00021799185906423496,0.00019446710091351028
0.001,0.0017,0.017,10,False,0,3,1566.5381781656229,6.000001249659513e-07,-0.14981659567573025,-0.0002034508850246819,0.02803626487992152
0.001,0.0017,0.017,10,False,0,6,1526.9787390558527,6.000001003869011e-07,-0.14986843400073765,-0.00018539037404099806,0.027683961121667534
0.001,0.0017,0.017,10,True,1,2,1.0711917767287078,6.065021157352402e-07,0.00037357813081842115,-0.01006931524325335,8.922134187246012e-05
0.001,0.0017,0.017,10,False,3,0,489.28176927862233,6.000001683755803e-07,-0.14954280500687972,-0.00019129809620980597,-0.015560461417737878
0.001,0.0017,0.017,10,True,3,4,1.3331942082422188,6.048728231636392e-07,-0.01953209339204747,-0.00035014993587091143,0.0002233427643285359
0.001,0.0017,0.017,10,False,3,6,516.749822883982,6.000000662180962e-07,-0.1500318400537696,-0.00014225004055955985,-0.015734342734968675
0.001,0.0017,0.017,10,True,4,5,0.8237832714865154,6.064390865703588e-07,-0.00035692172273218904,-0.010024017474595458,-4.585741134622431e-05
0.001,0.0017,0.017,10,False,6,0,1767.328693894117,6.00000087895766e-07,-0.14994925433072126,3.991637876633829e-06,-0.028155246510493608
0.001,0.0017,0.017,10,False,6,3,1735.2940008343837,6.000000682989499e-07,-0.15007256151984735,0.0001554384208519491,-0.027976824069472987
0.001,0.0017,0.017,10,True,6,7,1.2776971705513558,6.048477623674017e-07,-0.019868571491659485,-0.000329118144078313,-0.00010292679605702483
0.001,0.0017,0.017,10,True,7,8,0.9838664855759232,6.065277583625778e-07,0.0006766887719360879,-0.009985566403022806,0.00021885005021122787
0.001,0.0017,0.017,10,True,0,1,1.5123121749131647,6.048205553459878e-07,-0.02023467471886336,-0.00021799185906423496,0.00019446710091351028
0.001,0.0017,0.017,10,False,0,3,1566.5381781656229,6.000001249659513e-07,-0.14981659567573025,-0.0002034508850246819,0.02803626487992152
0.001,0.0017,0.017,10,False,0,6,1526.9787390558527,6.000001003869011e-07,-0.14986843400073765,-0.00018539037404099806,0.027683961121667534
0.001,0.0017,0.017,10,True,1,2,1.0711917767287078,6.065021157352402e-07,0.00037357813081842115,-0.01006931524325335,8.922134187246012e-05
0.001,0.0017,0.017,10,False,3,0,489.28176927862233,6.000001683755803e-07,-0.14954280500687972,-0.00019129809620980597,-0.015560461417737878
0.001,0.0017,0.017,10,True,3,4,1.3331942082422188,6.048728231636392e-07,-0.01953209339204747,-0.00035014993587091143,0.0002233427643285359
0.001,0.0017,0.017,10,False,3,6,516.749822883982,6.000000662180962e-07,-0.1500318400537696,-0.00014225004055955985,-0.015734342734968675
0.001,0.0017,0.017,10,True,4,5,0.8237832714865154,6.064390865703588e-07,-0.00035692172273218904,-0.010024017474595458,-4.585741134622431e-05
0.001,0.0017,0.017,10,False,6,0,1767.328693894117,6.00000087895766e-07,-0.14994925433072126,3.991637876633829e-06,-0.028155246510493608
0.001,0.0017,0.017,10,False,6,3,1735.2940008343837,6.000000682989499e-07,-0.15007256151984735,0.0001554384208519491,-0.027976824069472987
0.001,0.0017,0.017,10,True,6,7,1.2776971705513558,6.048477623674017e-07,-0.019868571491659485,-0.000329118144078313,-0.00010292679605702483
0.001,0.0017,0.017,10,True,7,8,0.9838664855759232,6.065277583625778e-07,0.0006766887719360879,-0.009985566403022806,0.00021885005021122787
0.001,0.0017,0.017,10,True,0,1,1.328325926341909,6.048424428952774e-07,-0.019939486435311737,0.0001102446811725812,-0.0001020973642526438
0.001,0.0017,0.017,10,False,0,3,870.158428563673,6.000001776607388e-07,-0.1498405800443826,-0.00032494429939210814,-0.02206204869442789
0.001,0.0017,0.017,10,False,0,6,908.2003299876578,6.000001214201474e-07,-0.15004441032750762,0.00011751464017930368,-0.02258452896477444
0.001,0.0017,0.017,10,True,1,2,1.2915317287101844,6.064135452113704e-07,-0.000643196151820213,-0.009836512794596445,-0.0002650738074688314
0.001,0.0017,0.017,10,False,3,0,299.70306070287717,6.000001541944632e-07,-0.14990122660066238,0.00017037790098874993,0.0015923477048962822
0.001,0.0017,0.017,10,True,3,4,1.1740946975850073,6.048381716333167e-07,-0.019996287272852246,0.00021752732088878754,0.0002727869052332572
0.001,0.0017,0.017,10,False,3,6,288.379177793897,6.000000888535711e-07,-0.15030457685703827,0.00016385965764084158,0.001495949653543677
0.001,0.0017,0.017,10,True,4,5,1.345388398777126,6.064212363992416e-07,-0.0005838802682171853,-0.01029151340439341,0.0003297537204609789
0.001,0.0017,0.017,10,False,6,0,517.3512945524521,6.000001337887907e-07,-0.14992045036821774,0.00024095767772878979,-0.01454790097930913
0.001,0.0017,0.017,10,False,6,3,503.8546308867437,6.000000897737241e-07,-0.14997578779091844,-0.0003502096962926737,-0.014121818760319356
0.001,0.0017,0.017,10,True,6,7,0.9955380611382039,6.048322623383746e-07,-0.020075761119680312,0.00017000677268443848,-8.13813069965393e-06
0.001,0.0017,0.017,10,True,7,8,0.8119377706001737,6.064949492618158e-07,0.00023457588257216744,-0.010875240108909123,-0.00014317295018556633
0.001,0.0017,0.017,10,True,0,1,1.1185045236552966,6.048063032183329e-07,-0.020425562412819974,0.0003233549107198889,-0.0001085692264434719
0.001,0.0017,0.017,10,False,0,3,862.8893202324844,6.00000190659901e-07,-0.15005941748254775,6.94724687458741e-05,-0.0212347130593808
0.001,0.0017,0.017,10,False,0,6,901.8730685254153,6.000002676116285e-07,-0.1504439510384817,0.0003824279860829438,-0.021889854400582984
0.001,0.0017,0.017,10,True,1,2,1.1031692526024122,6.06462409072587e-07,-7.630822735280897e-05,-0.009895389029020067,-0.00025280986393643454
0.001,0.0017,0.017,10,False,3,0,324.62613258018615,6.000002411903623e-07,-0.1495636433986571,-0.00012855444369562803,0.0026750832215773294
0.001,0.0017,0.017,10,True,3,4,1.426478754562393,6.048287114742976e-07,-0.020123879032019454,-0.0002735662086263882,0.00020219323702742523
0.001,0.0017,0.017,10,False,3,6,307.1483463965021,6.00000127296292e-07,-0.1504288958469501,-2.1319858627260238e-05,0.002359134349722807
0.001,0.0017,0.017,10,True,4,5,1.6090292467057281,6.0645420022071e-07,-0.0001855609174323624,-0.010094996795570384,0.0002011461277318425
0.001,0.0017,0.017,10,False,6,0,448.6521503593418,6.000001992709868e-07,-0.1498692144093728,-0.00024014809258298393,-0.013843934933226647
0.001,0.0017,0.017,10,False,6,3,442.95573731288613,6.000001375399002e-07,-0.14976266700322804,-0.00041028633768985687,-0.01350474246387319
0.001,0.0017,0.017,10,True,6,7,1.0233957592258323,6.048286785216609e-07,-0.020124040279842787,-0.0001726689080248278,-2.8309420606357118e-06
0.001,0.0017,0.017,10,True,7,8,0.8692022984566407,6.064970382309618e-07,0.0002426271163116023,-0.011095157549186708,-0.00020909103706168598
0.001,0.0017,0.009,10,True,0,1,1.132433012106643,6.047131910763869e-07,-0.020346846569987722,-0.0006363906663926141,0.0003713360386722075
0.001,0.0017,0.009,10,False,0,3,5510.390787562517,6.000003346416289e-07,-0.1507447736666169,-0.0005897252536379744,0.10119569261588009
0.001,0.0017,0.009,10,False,0,6,5639.939184533831,6.000000920014331e-07,-0.15010670525588604,-4.2629106219155306e-05,0.10220255525691829
0.001,0.0017,0.009,10,True,1,2,1.9763804459879943,6.064059897302789e-07,0.0008851016693858801,-0.009047336796601066,0.0008968476070265257
0.001,0.0017,0.009,10,False,3,0,3385.5624511472697,6.000003400804702e-07,-0.1495879462089201,-0.0008686152445424263,-0.07058273585624446
0.001,0.0017,0.009,10,True,3,4,0.7813486787136119,6.04755512378104e-07,-0.019766392982562574,-0.0006655322651295531,-0.00010830092878233384
0.001,0.0017,0.009,10,False,3,6,3325.985906810165,6.000003591973314e-07,-0.14987217894599256,-0.0009202551328144471,-0.07008113272475992
0.001,0.0017,0.009,10,True,4,5,1.1431297092136652,6.063475026891571e-07,0.0001607891940316392,-0.009548792637269658,9.885139309795977e-05
0.001,0.0017,0.009,10,False,6,0,3536.5288088588777,6.00000097270039e-07,-0.15005332194754334,-0.00017745901473590573,-0.04725410886769283
0.001,0.0017,0.009,10,False,6,3,3576.4610468472915,6.00000295027203e-07,-0.150740846358293,0.00023870388992734787,-0.04775936769740804
0.001,0.0017,0.009,10,True,6,7,0.8558607947763033,6.047393705584124e-07,-0.01998573465006783,-0.00027782895119252306,0.0007442975199195973
0.001,0.0017,0.009,10,True,7,8,0.6307798347756881,6.063113219944945e-07,-0.0002836302540053739,-0.009772500955029996,0.0003619859624850657
0.001,0.0017,0.009,10,True,0,1,1.413274801897883,6.047314576940804e-07,-0.02009561922658821,-0.00043055834144789984,0.00022272325426168538
0.001,0.0017,0.009,10,False,0,3,6494.115741163347,6.000003455538352e-07,-0.15063481631715855,-0.000747857514963522,0.11277532293713464
0.001,0.0017,0.009,10,False,0,6,6671.814602496697,6.000001226785092e-07,-0.15005896818381176,0.00024079738967483234,0.11429251732568822
0.001,0.0017,0.009,10,True,1,2,2.117816987228769,6.063827872270291e-07,0.0006051114662773343,-0.009133393958022944,0.000869280821749102
0.001,0.0017,0.009,10,False,3,0,3748.6109376466497,6.000003075426247e-07,-0.14962164631334443,-0.0008165026232805913,-0.08092139633541694
0.001,0.0017,0.009,10,True,3,4,0.9777884217704456,6.047641394701504e-07,-0.019648018410740632,-0.0005830754671787226,4.131058860385917e-05
0.001,0.0017,0.009,10,False,3,6,3684.6550141569073,6.000004406933527e-07,-0.14980397832327497,-0.0010328822142697104,-0.08012326565450395
0.001,0.0017,0.009,10,True,4,5,1.1358558272490509,6.063543014400715e-07,0.00023991919702261622,-0.00957464639499824,4.643173068669353e-05
0.001,0.0017,0.009,10,False,6,0,3366.635532236778,6.000001648218315e-07,-0.15027743710102975,-0.0003918121012514478,-0.025271894929242984
0.001,0.0017,0.009,10,False,6,3,3386.8483458406845,6.000004551800994e-07,-0.15106604755355935,-0.00016406084998113544,-0.02599095863696423
0.001,0.0017,0.009,10,True,6,7,0.8044784703668547,6.047237925043645e-07,-0.020199525240112252,-0.000307341978509445,0.0007562920581339207
0.001,0.0017,0.009,10,True,7,8,0.6921855166345233,6.063254038038263e-07,-0.00011578576780621133,-0.009769221185691825,0.00021471881321732237
0.001,0.0017,0.009,10,True,0,1,1.413274801897883,6.047314576940804e-07,-0.02009561922658821,-0.00043055834144789984,0.00022272325426168538
0.001,0.0017,0.009,10,False,0,3,6494.115741163347,6.000003455538352e-07,-0.15063481631715855,-0.000747857514963522,0.11277532293713464
0.001,0.0017,0.009,10,False,0,6,6671.814602496697,6.000001226785092e-07,-0.15005896818381176,0.00024079738967483234,0.11429251732568822
0.001,0.0017,0.009,10,True,1,2,2.117816987228769,6.063827872270291e-07,0.0006051114662773343,-0.009133393958022944,0.000869280821749102
0.001,0.0017,0.009,10,False,3,0,3748.6109376466497,6.000003075426247e-07,-0.14962164631334443,-0.0008165026232805913,-0.08092139633541694
0.001,0.0017,0.009,10,True,3,4,0.9777884217704456,6.047641394701504e-07,-0.019648018410740632,-0.0005830754671787226,4.131058860385917e-05
0.001,0.0017,0.009,10,False,3,6,3684.6550141569073,6.000004406933527e-07,-0.14980397832327497,-0.0010328822142697104,-0.08012326565450395
0.001,0.0017,0.009,10,True,4,5,1.1358558272490509,6.063543014400715e-07,0.00023991919702261622,-0.00957464639499824,4.643173068669353e-05
0.001,0.0017,0.009,10,False,6,0,3366.635532236778,6.000001648218315e-07,-0.15027743710102975,-0.0003918121012514478,-0.025271894929242984
0.001,0.0017,0.009,10,False,6,3,3386.8483458406845,6.000004551800994e-07,-0.15106604755355935,-0.00016406084998113544,-0.02599095863696423
0.001,0.0017,0.009,10,True,6,7,0.8044784703668547,6.047237925043645e-07,-0.020199525240112252,-0.000307341978509445,0.0007562920581339207
0.001,0.0017,0.009,10,True,7,8,0.6921855166345233,6.063254038038263e-07,-0.00011578576780621133,-0.009769221185691825,0.00021471881321732237
0.001,0.0017,0.009,10,True,0,1,1.413274801897883,6.047314576940804e-07,-0.02009561922658821,-0.00043055834144789984,0.00022272325426168538
0.001,0.0017,0.009,10,False,0,3,6494.115741163347,6.000003455538352e-07,-0.15063481631715855,-0.000747857514963522,0.11277532293713464
0.001,0.0017,0.009,10,False,0,6,6671.814602496697,6.000001226785092e-07,-0.15005896818381176,0.00024079738967483234,0.11429251732568822
0.001,0.0017,0.009,10,True,1,2,2.117816987228769,6.063827872270291e-07,0.0006051114662773343,-0.009133393958022944,0.000869280821749102
0.001,0.0017,0.009,10,False,3,0,3748.6109376466497,6.000003075426247e-07,-0.14962164631334443,-0.0008165026232805913,-0.08092139633541694
0.001,0.0017,0.009,10,True,3,4,0.9777884217704456,6.047641394701504e-07,-0.019648018410740632,-0.0005830754671787226,4.131058860385917e-05
0.001,0.0017,0.009,10,False,3,6,3684.6550141569073,6.000004406933527e-07,-0.14980397832327497,-0.0010328822142697104,-0.08012326565450395
0.001,0.0017,0.009,10,True,4,5,1.1358558272490509,6.063543014400715e-07,0.00023991919702261622,-0.00957464639499824,4.643173068669353e-05
0.001,0.0017,0.009,10,False,6,0,3366.635532236778,6.000001648218315e-07,-0.15027743710102975,-0.0003918121012514478,-0.025271894929242984
0.001,0.0017,0.009,10,False,6,3,3386.8483458406845,6.000004551800994e-07,-0.15106604755355935,-0.00016406084998113544,-0.02599095863696423
0.001,0.0017,0.009,10,True,6,7,0.8044784703668547,6.047237925043645e-07,-0.020199525240112252,-0.000307341978509445,0.0007562920581339207
0.001,0.0017,0.009,10,True,7,8,0.6921855166345233,6.063254038038263e-07,-0.00011578576780621133,-0.009769221185691825,0.00021471881321732237
0.001,0.0017,0.009,10,True,0,1,1.413274801897883,6.047314576940804e-07,-0.02009561922658821,-0.00043055834144789984,0.00022272325426168538
0.001,0.0017,0.009,10,False,0,3,6494.115741163347,6.000003455538352e-07,-0.15063481631715855,-0.000747857514963522,0.11277532293713464
0.001,0.0017,0.009,10,False,0,6,6671.814602496697,6.000001226785092e-07,-0.15005896818381176,0.00024079738967483234,0.11429251732568822
0.001,0.0017,0.009,10,True,1,2,2.117816987228769,6.063827872270291e-07,0.0006051114662773343,-0.009133393958022944,0.000869280821749102
0.001,0.0017,0.009,10,False,3,0,3748.6109376466497,6.000003075426247e-07,-0.14962164631334443,-0.0008165026232805913,-0.08092139633541694
0.001,0.0017,0.009,10,True,3,4,0.9777884217704456,6.047641394701504e-07,-0.019648018410740632,-0.0005830754671787226,4.131058860385917e-05
0.001,0.0017,0.009,10,False,3,6,3684.6550141569073,6.000004406933527e-07,-0.14980397832327497,-0.0010328822142697104,-0.08012326565450395
0.001,0.0017,0.009,10,True,4,5,1.1358558272490509,6.063543014400715e-07,0.00023991919702261622,-0.00957464639499824,4.643173068669353e-05
0.001,0.0017,0.009,10,False,6,0,3366.635532236778,6.000001648218315e-07,-0.15027743710102975,-0.0003918121012514478,-0.025271894929242984
0.001,0.0017,0.009,10,False,6,3,3386.8483458406845,6.000004551800994e-07,-0.15106604755355935,-0.00016406084998113544,-0.02599095863696423
0.001,0.0017,0.009,10,True,6,7,0.8044784703668547,6.047237925043645e-07,-0.020199525240112252,-0.000307341978509445,0.0007562920581339207
0.001,0.0017,0.009,10,True,7,8,0.6921855166345233,6.063254038038263e-07,-0.00011578576780621133,-0.009769221185691825,0.00021471881321732237
0.001,0.0017,0.009,10,True,0,1,1.413274801897883,6.047314576940804e-07,-0.02009561922658821,-0.00043055834144789984,0.00022272325426168538
0.001,0.0017,0.009,10,False,0,3,6494.115741163347,6.000003455538352e-07,-0.15063481631715855,-0.000747857514963522,0.11277532293713464
0.001,0.0017,0.009,10,False,0,6,6671.814602496697,6.000001226785092e-07,-0.15005896818381176,0.00024079738967483234,0.11429251732568822
0.001,0.0017,0.009,10,True,1,2,2.117816987228769,6.063827872270291e-07,0.0006051114662773343,-0.009133393958022944,0.000869280821749102
0.001,0.0017,0.009,10,False,3,0,3748.6109376466497,6.000003075426247e-07,-0.14962164631334443,-0.0008165026232805913,-0.08092139633541694
0.001,0.0017,0.009,10,True,3,4,0.9777884217704456,6.047641394701504e-07,-0.019648018410740632,-0.0005830754671787226,4.131058860385917e-05
0.001,0.0017,0.009,10,False,3,6,3684.6550141569073,6.000004406933527e-07,-0.14980397832327497,-0.0010328822142697104,-0.08012326565450395
0.001,0.0017,0.009,10,True,4,5,1.1358558272490509,6.063543014400715e-07,0.00023991919702261622,-0.00957464639499824,4.643173068669353e-05
0.001,0.0017,0.009,10,False,6,0,3366.635532236778,6.000001648218315e-07,-0.15027743710102975,-0.0003918121012514478,-0.025271894929242984
0.001,0.0017,0.009,10,False,6,3,3386.8483458406845,6.000004551800994e-07,-0.15106604755355935,-0.00016406084998113544,-0.02599095863696423
0.001,0.0017,0.009,10,True,6,7,0.8044784703668547,6.047237925043645e-07,-0.020199525240112252,-0.000307341978509445,0.0007562920581339207
0.001,0.0017,0.009,10,True,7,8,0.6921855166345233,6.063254038038263e-07,-0.00011578576780621133,-0.009769221185691825,0.00021471881321732237
0.001,0.0017,0.009,10,True,0,1,1.413274801897883,6.047314576940804e-07,-0.02009561922658821,-0.00043055834144789984,0.00022272325426168538
0.001,0.0017,0.009,10,False,0,3,6494.115741163347,6.000003455538352e-07,-0.15063481631715855,-0.000747857514963522,0.11277532293713464
0.001,0.0017,0.009,10,False,0,6,6671.814602496697,6.000001226785092e-07,-0.15005896818381176,0.00024079738967483234,0.11429251732568822
0.001,0.0017,0.009,10,True,1,2,2.117816987228769,6.063827872270291e-07,0.0006051114662773343,-0.009133393958022944,0.000869280821749102
0.001,0.0017,0.009,10,False,3,0,3748.6109376466497,6.000003075426247e-07,-0.14962164631334443,-0.0008165026232805913,-0.08092139633541694
0.001,0.0017,0.009,10,True,3,4,0.9777884217704456,6.047641394701504e-07,-0.019648018410740632,-0.0005830754671787226,4.131058860385917e-05
0.001,0.0017,0.009,10,False,3,6,3684.6550141569073,6.000004406933527e-07,-0.14980397832327497,-0.0010328822142697104,-0.08012326565450395
0.001,0.0017,0.009,10,True,4,5,1.1358558272490509,6.063543014400715e-07,0.00023991919702261622,-0.00957464639499824,4.643173068669353e-05
0.001,0.0017,0.009,10,False,6,0,3366.635532236778,6.000001648218315e-07,-0.15027743710102975,-0.0003918121012514478,-0.025271894929242984
0.001,0.0017,0.009,10,False,6,3,3386.8483458406845,6.000004551800994e-07,-0.15106604755355935,-0.00016406084998113544,-0.02599095863696423
0.001,0.0017,0.009,10,True,6,7,0.8044784703668547,6.047237925043645e-07,-0.020199525240112252,-0.000307341978509445,0.0007562920581339207
0.001,0.0017,0.009,10,True,7,8,0.6921855166345233,6.063254038038263e-07,-0.00011578576780621133,-0.009769221185691825,0.00021471881321732237
0.001,0.0017,0.009,10,True,0,1,1.413274801897883,6.047314576940804e-07,-0.02009561922658821,-0.00043055834144789984,0.00022272325426168538
0.001,0.0017,0.009,10,False,0,3,6494.115741163347,6.000003455538352e-07,-0.15063481631715855,-0.000747857514963522,0.11277532293713464
0.001,0.0017,0.009,10,False,0,6,6671.814602496697,6.000001226785092e-07,-0.15005896818381176,0.00024079738967483234,0.11429251732568822
0.001,0.0017,0.009,10,True,1,2,2.117816987228769,6.063827872270291e-07,0.0006051114662773343,-0.009133393958022944,0.000869280821749102
0.001,0.0017,0.009,10,False,3,0,3748.6109376466497,6.000003075426247e-07,-0.14962164631334443,-0.0008165026232805913,-0.08092139633541694
0.001,0.0017,0.009,10,True,3,4,0.9777884217704456,6.047641394701504e-07,-0.019648018410740632,-0.0005830754671787226,4.131058860385917e-05
0.001,0.0017,0.009,10,False,3,6,3684.6550141569073,6.000004406933527e-07,-0.14980397832327497,-0.0010328822142697104,-0.08012326565450395
0.001,0.0017,0.009,10,True,4,5,1.1358558272490509,6.063543014400715e-07,0.00023991919702261622,-0.00957464639499824,4.643173068669353e-05
0.001,0.0017,0.009,10,False,6,0,3366.635532236778,6.000001648218315e-07,-0.15027743710102975,-0.0003918121012514478,-0.025271894929242984
0.001,0.0017,0.009,10,False,6,3,3386.8483458406845,6.000004551800994e-07,-0.15106604755355935,-0.00016406084998113544,-0.02599095863696423
0.001,0.0017,0.009,10,True,6,7,0.8044784703668547,6.047237925043645e-07,-0.020199525240112252,-0.000307341978509445,0.0007562920581339207
0.001,0.0017,0.009,10,True,7,8,0.6921855166345233,6.063254038038263e-07,-0.00011578576780621133,-0.009769221185691825,0.00021471881321732237
0.001,0.0017,0.009,10,True,0,1,1.413274801897883,6.047314576940804e-07,-0.02009561922658821,-0.00043055834144789984,0.00022272325426168538
0.001,0.0017,0.009,10,False,0,3,6494.115741163347,6.000003455538352e-07,-0.15063481631715855,-0.000747857514963522,0.11277532293713464
0.001,0.0017,0.009,10,False,0,6,6671.814602496697,6.000001226785092e-07,-0.15005896818381176,0.00024079738967483234,0.11429251732568822
0.001,0.0017,0.009,10,True,1,2,2.117816987228769,6.063827872270291e-07,0.0006051114662773343,-0.009133393958022944,0.000869280821749102
0.001,0.0017,0.009,10,False,3,0,3748.6109376466497,6.000003075426247e-07,-0.14962164631334443,-0.0008165026232805913,-0.08092139633541694
0.001,0.0017,0.009,10,True,3,4,0.9777884217704456,6.047641394701504e-07,-0.019648018410740632,-0.0005830754671787226,4.131058860385917e-05
0.001,0.0017,0.009,10,False,3,6,3684.6550141569073,6.000004406933527e-07,-0.14980397832327497,-0.0010328822142697104,-0.08012326565450395
0.001,0.0017,0.009,10,True,4,5,1.1358558272490509,6.063543014400715e-07,0.00023991919702261622,-0.00957464639499824,4.643173068669353e-05
0.001,0.0017,0.009,10,False,6,0,3366.635532236778,6.000001648218315e-07,-0.15027743710102975,-0.0003918121012514478,-0.025271894929242984
0.001,0.0017,0.009,10,False,6,3,3386.8483458406845,6.000004551800994e-07,-0.15106604755355935,-0.00016406084998113544,-0.02599095863696423
0.001,0.0017,0.009,10,True,6,7,0.8044784703668547,6.047237925043645e-07,-0.020199525240112252,-0.000307341978509445,0.0007562920581339207
0.001,0.0017,0.009,10,True,7,8,0.6921855166345233,6.063254038038263e-07,-0.00011578576780621133,-0.009769221185691825,0.00021471881321732237
0.001,0.0017,0.009,10,True,0,1,1.413274801897883,6.047314576940804e-07,-0.02009561922658821,-0.00043055834144789984,0.00022272325426168538
0.001,0.0017,0.009,10,False,0,3,6494.115741163347,6.000003455538352e-07,-0.15063481631715855,-0.000747857514963522,0.11277532293713464
0.001,0.0017,0.009,10,False,0,6,6671.814602496697,6.000001226785092e-07,-0.15005896818381176,0.00024079738967483234,0.11429251732568822
0.001,0.0017,0.009,10,True,1,2,2.117816987228769,6.063827872270291e-07,0.0006051114662773343,-0.009133393958022944,0.000869280821749102
0.001,0.0017,0.009,10,False,3,0,3748.6109376466497,6.000003075426247e-07,-0.14962164631334443,-0.0008165026232805913,-0.08092139633541694
0.001,0.0017,0.009,10,True,3,4,0.9777884217704456,6.047641394701504e-07,-0.019648018410740632,-0.0005830754671787226,4.131058860385917e-05
0.001,0.0017,0.009,10,False,3,6,3684.6550141569073,6.000004406933527e-07,-0.14980397832327497,-0.0010328822142697104,-0.08012326565450395
0.001,0.0017,0.009,10,True,4,5,1.1358558272490509,6.063543014400715e-07,0.00023991919702261622,-0.00957464639499824,4.643173068669353e-05
0.001,0.0017,0.009,10,False,6,0,3366.635532236778,6.000001648218315e-07,-0.15027743710102975,-0.0003918121012514478,-0.025271894929242984
0.001,0.0017,0.009,10,False,6,3,3386.8483458406845,6.000004551800994e-07,-0.15106604755355935,-0.00016406084998113544,-0.02599095863696423
0.001,0.0017,0.009,10,True,6,7,0.8044784703668547,6.047237925043645e-07,-0.020199525240112252,-0.000307341978509445,0.0007562920581339207
0.001,0.0017,0.009,10,True,7,8,0.6921855166345233,6.063254038038263e-07,-0.00011578576780621133,-0.009769221185691825,0.00021471881321732237
0.001,0.0017,0.009,10,True,0,1,1.413274801897883,6.047314576940804e-07,-0.02009561922658821,-0.00043055834144789984,0.00022272325426168538
0.001,0.0017,0.009,10,False,0,3,6494.115741163347,6.000003455538352e-07,-0.15063481631715855,-0.000747857514963522,0.11277532293713464
0.001,0.0017,0.009,10,False,0,6,6671.814602496697,6.000001226785092e-07,-0.15005896818381176,0.00024079738967483234,0.11429251732568822
0.001,0.0017,0.009,10,True,1,2,2.117816987228769,6.063827872270291e-07,0.0006051114662773343,-0.009133393958022944,0.000869280821749102
0.001,0.0017,0.009,10,False,3,0,3748.6109376466497,6.000003075426247e-07,-0.14962164631334443,-0.0008165026232805913,-0.08092139633541694
0.001,0.0017,0.009,10,True,3,4,0.9777884217704456,6.047641394701504e-07,-0.019648018410740632,-0.0005830754671787226,4.131058860385917e-05
0.001,0.0017,0.009,10,False,3,6,3684.6550141569073,6.000004406933527e-07,-0.14980397832327497,-0.0010328822142697104,-0.08012326565450395
0.001,0.0017,0.009,10,True,4,5,1.1358558272490509,6.063543014400715e-07,0.00023991919702261622,-0.00957464639499824,4.643173068669353e-05
0.001,0.0017,0.009,10,False,6,0,3366.635532236778,6.000001648218315e-07,-0.15027743710102975,-0.0003918121012514478,-0.025271894929242984
0.001,0.0017,0.009,10,False,6,3,3386.8483458406845,6.000004551800994e-07,-0.15106604755355935,-0.00016406084998113544,-0.02599095863696423
0.001,0.0017,0.009,10,True,6,7,0.8044784703668547,6.047237925043645e-07,-0.020199525240112252,-0.000307341978509445,0.0007562920581339207
0.001,0.0017,0.009,10,True,7,8,0.6921855166345233,6.063254038038263e-07,-0.00011578576780621133,-0.009769221185691825,0.00021471881321732237
0.001,0.0017,0.009,10,True,0,1,1.1782568348949396,6.04701439340031e-07,-0.020508016323380365,-0.0001353456610348036,-1.0827395538073142e-05
0.001,0.0017,0.009,10,False,0,3,3832.9505128765804,6.000001937660572e-07,-0.14944931073723886,-0.00017519466434168053,0.0853437958179101
0.001,0.0017,0.009,10,False,0,6,3852.113832482916,6.000002792839039e-07,-0.15081110871935768,-0.0004200376563180278,0.0853397206830027
0.001,0.0017,0.009,10,True,1,2,1.8597847241605394,6.063470745714659e-07,0.00012025376566320363,-0.01008051614435792,-0.00046478842221893434
0.001,0.0017,0.009,10,False,3,0,2218.199589515679,6.000001525995465e-07,-0.15041090411906485,-1.4314211114378403e-07,0.031338312999206724
0.001,0.0017,0.009,10,True,3,4,0.7579453449245188,6.04688660517029e-07,-0.020684362814728765,0.00038695302031744683,0.00024204686290853162
0.001,0.0017,0.009,10,False,3,6,2180.598896334218,6.000006592286025e-07,-0.15138390615400008,0.0002720673742560812,0.031604963490907356
0.001,0.0017,0.009,10,True,4,5,1.2288797184992502,6.063038731518244e-07,-0.0003898989439553996,-0.010027714581769506,0.00027617110161187703
0.001,0.0017,0.009,10,False,6,0,5055.359375369722,6.000001860948721e-07,-0.1494640853896734,0.00041637006885730744,0.07542532477662353
0.001,0.0017,0.009,10,False,6,3,5097.396260958012,6.000006382869451e-07,-0.1486414000332359,0.00024378373583727527,0.0756960504032445
0.001,0.0017,0.009,10,True,6,7,1.5951648730036043,6.047804769063433e-07,-0.01942417347808432,0.0002993617999999531,-0.00018775272706482148
0.001,0.0017,0.009,10,True,7,8,1.348150005193161,6.062906784191992e-07,-0.0006010291507323382,-0.010791489280374046,-0.00034365210312420726
0.001,0.0017,0.009,10,True,0,1,1.0993471459993054,6.047092480990482e-07,-0.02040084394242051,0.0003908220978888189,-3.64888526353261e-05
0.001,0.0017,0.009,10,False,0,3,3038.6165721169486,6.000003136309665e-07,-0.14907349689391206,-5.452540303469807e-05,0.07452117799928869
0.001,0.0017,0.009,10,False,0,6,3030.3986208161523,6.000001524246852e-07,-0.15046124135976774,-0.00026596596829054345,0.07413714847975471
0.001,0.0017,0.009,10,True,1,2,1.8706044812950982,6.063557580463781e-07,0.00020651079486022438,-0.010328619325293048,-0.0004092962055335717
0.001,0.0017,0.009,10,False,3,0,2240.8646934939434,6.000001578611519e-07,-0.15047252306778874,0.00011552165056268363,0.04586276550785255
0.001,0.0017,0.009,10,True,3,4,0.6557635224968525,6.046873811868856e-07,-0.020702504167470076,0.0005978677023495061,0.00016787305094217978
0.001,0.0017,0.009,10,False,3,6,2216.888103567132,6.000004412580509e-07,-0.15100229118625932,0.00036310383884845726,0.04596557164413491
0.001,0.0017,0.009,10,True,4,5,1.4336493664724343,6.063204418874016e-07,-0.00018994719773331043,-0.009982285508561778,0.0002764598256951612
0.001,0.0017,0.009,10,False,6,0,4490.266525395493,6.000001486099843e-07,-0.14971913055239616,0.00043507908125617876,0.0571255982471131
0.001,0.0017,0.009,10,False,6,3,4521.224716750454,6.000007325906553e-07,-0.14850591684531997,0.0002694756574815132,0.05761243390293194
0.001,0.0017,0.009,10,True,6,7,1.5032873056574911,6.047895303510821e-07,-0.019301923817421834,0.0007074781489024083,-0.00018924819419085325
0.001,0.0017,0.009,10,True,7,8,0.8485040803678,6.063131892591933e-07,-0.0003463291260777206,-0.010987303750691338,4.1417673722919345e-05
0.001,0.0017,0.0009,10,True,0,1,2.2813339990483614,6.040238183986203e-07,-0.020155027754318253,-0.0005630898645970986,0.00011052364817955874
0.001,0.0017,0.0009,10,False,0,3,18746.29182382873,6.000002486644226e-07,-0.15080523275290195,-0.0004269394743845078,0.1041067106725278
0.001,0.0017,0.0009,10,False,0,6,18919.084801354555,6.000002015817471e-07,-0.15007057988038353,-0.0007147155105409386,0.10577698736223384
0.001,0.0017,0.0009,10,True,1,2,2.3946869810644213,6.054016820437859e-07,0.00012929945598932866,-0.009728317206499817,0.00251297325691669
0.001,0.0017,0.0009,10,False,3,0,26617.22174699625,6.00000119050118e-07,-0.14954216307815638,0.00018324209422969348,-0.18649221946071237
0.001,0.0017,0.0009,10,True,3,4,2.1150308067387127,6.040315965664771e-07,-0.020027963687009924,-0.0002266683819109265,-0.002637673737477865
0.001,0.0017,0.0009,10,False,3,6,26439.631990051217,6.00000190258249e-07,-0.1494926617439726,-0.0006297957333266752,-0.1870044708003813
0.001,0.0017,0.0009,10,True,4,5,2.813307491197354,6.053879060687576e-07,-5.0707026251931273e-05,-0.009545086557108291,-0.0011125298446372717
0.001,0.0017,0.0009,10,False,6,0,40585.71683211404,6.000002507375071e-07,-0.1493738792312443,0.0005887037381371075,-0.6248973739415342
0.001,0.0017,0.0009,10,False,6,3,41121.0384941033,6.000002255279735e-07,-0.1501326884150695,0.0008923520003301973,-0.6270799028944942
0.001,0.0017,0.0009,10,True,6,7,1.9471584790665584,6.040382587244115e-07,-0.01992253034738994,0.0007081210630948946,-1.684422724999906e-05
0.001,0.0017,0.0009,10,True,7,8,3.2128098481269847,6.054309960138998e-07,0.0005151270408364399,-0.010077819554183144,-0.0009413384898748733
0.001,0.0017,0.0009,10,True,0,1,2.344986774062141,6.040178139598268e-07,-0.02025176890672056,-0.000520088860321057,-0.00018401551355294642
0.001,0.0017,0.0009,10,False,0,3,19310.886090972046,6.000002659540397e-07,-0.1509747551139948,-0.00010490426664269939,0.13548934130249646
0.001,0.0017,0.0009,10,False,0,6,19478.535023517856,6.000001377463607e-07,-0.15025283408271953,-0.0005146870520296161,0.13756556679309964
0.001,0.0017,0.0009,10,True,1,2,3.0129700732761946,6.05394862076307e-07,4.8350602547327696e-05,-0.009507414076023806,0.0017545626424639105
0.001,0.0017,0.0009,10,False,3,0,21738.111763589714,6.000001719925373e-07,-0.1493363275016633,-0.0003079073274058908,-0.2530099778804232
0.001,0.0017,0.0009,10,True,3,4,2.1892089261890653,6.040346662195673e-07,-0.01997840567176274,-0.00018081713954055923,-0.002454900900247516
0.001,0.0017,0.0009,10,False,3,6,21501.36414788212,6.000002190635243e-07,-0.1497171634886472,-0.0008195515913526802,-0.2526200661263044
0.001,0.0017,0.0009,10,True,4,5,2.8319061334235505,6.053892714881441e-07,-3.553664564535313e-05,-0.00960625816027654,-0.00041948547410024136
0.001,0.0017,0.0009,10,False,6,0,42004.602466422104,6.000001767418297e-07,-0.14937304612589664,0.00033541802798127656,-0.588270068259463
0.001,0.0017,0.0009,10,False,6,3,42644.86462644906,6.00000267783019e-07,-0.15006318224169504,0.0009841201192005964,-0.5899563819958742
0.001,0.0017,0.0009,10,True,6,7,1.8468726357802914,6.040549701039642e-07,-0.019653703706235405,0.0006998250599332639,0.0005123465565199859
0.001,0.0017,0.0009,10,True,7,8,3.4548345310044946,6.054020581062641e-07,8.269123470474518e-05,-0.010500062322163078,-0.0008083599635874582
0.001,0.0017,0.0009,10,True,0,1,2.344986774062141,6.040178139598268e-07,-0.02025176890672056,-0.000520088860321057,-0.00018401551355294642
0.001,0.0017,0.0009,10,False,0,3,19310.886090972046,6.000002659540397e-07,-0.1509747551139948,-0.00010490426664269939,0.13548934130249646
0.001,0.0017,0.0009,10,False,0,6,19478.535023517856,6.000001377463607e-07,-0.15025283408271953,-0.0005146870520296161,0.13756556679309964
0.001,0.0017,0.0009,10,True,1,2,3.0129700732761946,6.05394862076307e-07,4.8350602547327696e-05,-0.009507414076023806,0.0017545626424639105
0.001,0.0017,0.0009,10,False,3,0,21738.111763589714,6.000001719925373e-07,-0.1493363275016633,-0.0003079073274058908,-0.2530099778804232
0.001,0.0017,0.0009,10,True,3,4,2.1892089261890653,6.040346662195673e-07,-0.01997840567176274,-0.00018081713954055923,-0.002454900900247516
0.001,0.0017,0.0009,10,False,3,6,21501.36414788212,6.000002190635243e-07,-0.1497171634886472,-0.0008195515913526802,-0.2526200661263044
0.001,0.0017,0.0009,10,True,4,5,2.8319061334235505,6.053892714881441e-07,-3.553664564535313e-05,-0.00960625816027654,-0.00041948547410024136
0.001,0.0017,0.0009,10,False,6,0,42004.602466422104,6.000001767418297e-07,-0.14937304612589664,0.00033541802798127656,-0.588270068259463
0.001,0.0017,0.0009,10,False,6,3,42644.86462644906,6.00000267783019e-07,-0.15006318224169504,0.0009841201192005964,-0.5899563819958742
0.001,0.0017,0.0009,10,True,6,7,1.8468726357802914,6.040549701039642e-07,-0.019653703706235405,0.0006998250599332639,0.0005123465565199859
0.001,0.0017,0.0009,10,True,7,8,3.4548345310044946,6.054020581062641e-07,8.269123470474518e-05,-0.010500062322163078,-0.0008083599635874582
0.001,0.0017,0.0009,10,True,0,1,2.344986774062141,6.040178139598268e-07,-0.02025176890672056,-0.000520088860321057,-0.00018401551355294642
0.001,0.0017,0.0009,10,False,0,3,19310.886090972046,6.000002659540397e-07,-0.1509747551139948,-0.00010490426664269939,0.13548934130249646
0.001,0.0017,0.0009,10,False,0,6,19478.535023517856,6.000001377463607e-07,-0.15025283408271953,-0.0005146870520296161,0.13756556679309964
0.001,0.0017,0.0009,10,True,1,2,3.0129700732761946,6.05394862076307e-07,4.8350602547327696e-05,-0.009507414076023806,0.0017545626424639105
0.001,0.0017,0.0009,10,False,3,0,21738.111763589714,6.000001719925373e-07,-0.1493363275016633,-0.0003079073274058908,-0.2530099778804232
0.001,0.0017,0.0009,10,True,3,4,2.1892089261890653,6.040346662195673e-07,-0.01997840567176274,-0.00018081713954055923,-0.002454900900247516
0.001,0.0017,0.0009,10,False,3,6,21501.36414788212,6.000002190635243e-07,-0.1497171634886472,-0.0008195515913526802,-0.2526200661263044
0.001,0.0017,0.0009,10,True,4,5,2.8319061334235505,6.053892714881441e-07,-3.553664564535313e-05,-0.00960625816027654,-0.00041948547410024136
0.001,0.0017,0.0009,10,False,6,0,42004.602466422104,6.000001767418297e-07,-0.14937304612589664,0.00033541802798127656,-0.588270068259463
0.001,0.0017,0.0009,10,False,6,3,42644.86462644906,6.00000267783019e-07,-0.15006318224169504,0.0009841201192005964,-0.5899563819958742
0.001,0.0017,0.0009,10,True,6,7,1.8468726357802914,6.040549701039642e-07,-0.019653703706235405,0.0006998250599332639,0.0005123465565199859
0.001,0.0017,0.0009,10,True,7,8,3.4548345310044946,6.054020581062641e-07,8.269123470474518e-05,-0.010500062322163078,-0.0008083599635874582
0.001,0.0017,0.0009,10,True,0,1,2.344986774062141,6.040178139598268e-07,-0.02025176890672056,-0.000520088860321057,-0.00018401551355294642
0.001,0.0017,0.0009,10,False,0,3,19310.886090972046,6.000002659540397e-07,-0.1509747551139948,-0.00010490426664269939,0.13548934130249646
0.001,0.0017,0.0009,10,False,0,6,19478.535023517856,6.000001377463607e-07,-0.15025283408271953,-0.0005146870520296161,0.13756556679309964
0.001,0.0017,0.0009,10,True,1,2,3.0129700732761946,6.05394862076307e-07,4.8350602547327696e-05,-0.009507414076023806,0.0017545626424639105
0.001,0.0017,0.0009,10,False,3,0,21738.111763589714,6.000001719925373e-07,-0.1493363275016633,-0.0003079073274058908,-0.2530099778804232
0.001,0.0017,0.0009,10,True,3,4,2.1892089261890653,6.040346662195673e-07,-0.01997840567176274,-0.00018081713954055923,-0.002454900900247516
0.001,0.0017,0.0009,10,False,3,6,21501.36414788212,6.000002190635243e-07,-0.1497171634886472,-0.0008195515913526802,-0.2526200661263044
0.001,0.0017,0.0009,10,True,4,5,2.8319061334235505,6.053892714881441e-07,-3.553664564535313e-05,-0.00960625816027654,-0.00041948547410024136
0.001,0.0017,0.0009,10,False,6,0,42004.602466422104,6.000001767418297e-07,-0.14937304612589664,0.00033541802798127656,-0.588270068259463
0.001,0.0017,0.0009,10,False,6,3,42644.86462644906,6.00000267783019e-07,-0.15006318224169504,0.0009841201192005964,-0.5899563819958742
0.001,0.0017,0.0009,10,True,6,7,1.8468726357802914,6.040549701039642e-07,-0.019653703706235405,0.0006998250599332639,0.0005123465565199859
0.001,0.0017,0.0009,10,True,7,8,3.4548345310044946,6.054020581062641e-07,8.269123470474518e-05,-0.010500062322163078,-0.0008083599635874582
0.001,0.0017,0.0009,10,True,0,1,2.344986774062141,6.040178139598268e-07,-0.02025176890672056,-0.000520088860321057,-0.00018401551355294642
0.001,0.0017,0.0009,10,False,0,3,19310.886090972046,6.000002659540397e-07,-0.1509747551139948,-0.00010490426664269939,0.13548934130249646
0.001,0.0017,0.0009,10,False,0,6,19478.535023517856,6.000001377463607e-07,-0.15025283408271953,-0.0005146870520296161,0.13756556679309964
0.001,0.0017,0.0009,10,True,1,2,3.0129700732761946,6.05394862076307e-07,4.8350602547327696e-05,-0.009507414076023806,0.0017545626424639105
0.001,0.0017,0.0009,10,False,3,0,21738.111763589714,6.000001719925373e-07,-0.1493363275016633,-0.0003079073274058908,-0.2530099778804232
0.001,0.0017,0.0009,10,True,3,4,2.1892089261890653,6.040346662195673e-07,-0.01997840567176274,-0.00018081713954055923,-0.002454900900247516
0.001,0.0017,0.0009,10,False,3,6,21501.36414788212,6.000002190635243e-07,-0.1497171634886472,-0.0008195515913526802,-0.2526200661263044
0.001,0.0017,0.0009,10,True,4,5,2.8319061334235505,6.053892714881441e-07,-3.553664564535313e-05,-0.00960625816027654,-0.00041948547410024136
0.001,0.0017,0.0009,10,False,6,0,42004.602466422104,6.000001767418297e-07,-0.14937304612589664,0.00033541802798127656,-0.588270068259463
0.001,0.0017,0.0009,10,False,6,3,42644.86462644906,6.00000267783019e-07,-0.15006318224169504,0.0009841201192005964,-0.5899563819958742
0.001,0.0017,0.0009,10,True,6,7,1.8468726357802914,6.040549701039642e-07,-0.019653703706235405,0.0006998250599332639,0.0005123465565199859
0.001,0.0017,0.0009,10,True,7,8,3.4548345310044946,6.054020581062641e-07,8.269123470474518e-05,-0.010500062322163078,-0.0008083599635874582
0.001,0.0017,0.0009,10,True,0,1,2.344986774062141,6.040178139598268e-07,-0.02025176890672056,-0.000520088860321057,-0.00018401551355294642
0.001,0.0017,0.0009,10,False,0,3,19310.886090972046,6.000002659540397e-07,-0.1509747551139948,-0.00010490426664269939,0.13548934130249646
0.001,0.0017,0.0009,10,False,0,6,19478.535023517856,6.000001377463607e-07,-0.15025283408271953,-0.0005146870520296161,0.13756556679309964
0.001,0.0017,0.0009,10,True,1,2,3.0129700732761946,6.05394862076307e-07,4.8350602547327696e-05,-0.009507414076023806,0.0017545626424639105
0.001,0.0017,0.0009,10,False,3,0,21738.111763589714,6.000001719925373e-07,-0.1493363275016633,-0.0003079073274058908,-0.2530099778804232
0.001,0.0017,0.0009,10,True,3,4,2.1892089261890653,6.040346662195673e-07,-0.01997840567176274,-0.00018081713954055923,-0.002454900900247516
0.001,0.0017,0.0009,10,False,3,6,21501.36414788212,6.000002190635243e-07,-0.1497171634886472,-0.0008195515913526802,-0.2526200661263044
0.001,0.0017,0.0009,10,True,4,5,2.8319061334235505,6.053892714881441e-07,-3.553664564535313e-05,-0.00960625816027654,-0.00041948547410024136
0.001,0.0017,0.0009,10,False,6,0,42004.602466422104,6.000001767418297e-07,-0.14937304612589664,0.00033541802798127656,-0.588270068259463
0.001,0.0017,0.0009,10,False,6,3,42644.86462644906,6.00000267783019e-07,-0.15006318224169504,0.0009841201192005964,-0.5899563819958742
0.001,0.0017,0.0009,10,True,6,7,1.8468726357802914,6.040549701039642e-07,-0.019653703706235405,0.0006998250599332639,0.0005123465565199859
0.001,0.0017,0.0009,10,True,7,8,3.4548345310044946,6.054020581062641e-07,8.269123470474518e-05,-0.010500062322163078,-0.0008083599635874582
0.001,0.0017,0.0009,10,True,0,1,2.344986774062141,6.040178139598268e-07,-0.02025176890672056,-0.000520088860321057,-0.00018401551355294642
0.001,0.0017,0.0009,10,False,0,3,19310.886090972046,6.000002659540397e-07,-0.1509747551139948,-0.00010490426664269939,0.13548934130249646
0.001,0.0017,0.0009,10,False,0,6,19478.535023517856,6.000001377463607e-07,-0.15025283408271953,-0.0005146870520296161,0.13756556679309964
0.001,0.0017,0.0009,10,True,1,2,3.0129700732761946,6.05394862076307e-07,4.8350602547327696e-05,-0.009507414076023806,0.0017545626424639105
0.001,0.0017,0.0009,10,False,3,0,21738.111763589714,6.000001719925373e-07,-0.1493363275016633,-0.0003079073274058908,-0.2530099778804232
0.001,0.0017,0.0009,10,True,3,4,2.1892089261890653,6.040346662195673e-07,-0.01997840567176274,-0.00018081713954055923,-0.002454900900247516
0.001,0.0017,0.0009,10,False,3,6,21501.36414788212,6.000002190635243e-07,-0.1497171634886472,-0.0008195515913526802,-0.2526200661263044
0.001,0.0017,0.0009,10,True,4,5,2.8319061334235505,6.053892714881441e-07,-3.553664564535313e-05,-0.00960625816027654,-0.00041948547410024136
0.001,0.0017,0.0009,10,False,6,0,42004.602466422104,6.000001767418297e-07,-0.14937304612589664,0.00033541802798127656,-0.588270068259463
0.001,0.0017,0.0009,10,False,6,3,42644.86462644906,6.00000267783019e-07,-0.15006318224169504,0.0009841201192005964,-0.5899563819958742
0.001,0.0017,0.0009,10,True,6,7,1.8468726357802914,6.040549701039642e-07,-0.019653703706235405,0.0006998250599332639,0.0005123465565199859
0.001,0.0017,0.0009,10,True,7,8,3.4548345310044946,6.054020581062641e-07,8.269123470474518e-05,-0.010500062322163078,-0.0008083599635874582
0.001,0.0017,0.0009,10,True,0,1,2.344986774062141,6.040178139598268e-07,-0.02025176890672056,-0.000520088860321057,-0.00018401551355294642
0.001,0.0017,0.0009,10,False,0,3,19310.886090972046,6.000002659540397e-07,-0.1509747551139948,-0.00010490426664269939,0.13548934130249646
0.001,0.0017,0.0009,10,False,0,6,19478.535023517856,6.000001377463607e-07,-0.15025283408271953,-0.0005146870520296161,0.13756556679309964
0.001,0.0017,0.0009,10,True,1,2,3.0129700732761946,6.05394862076307e-07,4.8350602547327696e-05,-0.009507414076023806,0.0017545626424639105
0.001,0.0017,0.0009,10,False,3,0,21738.111763589714,6.000001719925373e-07,-0.1493363275016633,-0.0003079073274058908,-0.2530099778804232
0.001,0.0017,0.0009,10,True,3,4,2.1892089261890653,6.040346662195673e-07,-0.01997840567176274,-0.00018081713954055923,-0.002454900900247516
0.001,0.0017,0.0009,10,False,3,6,21501.36414788212,6.000002190635243e-07,-0.1497171634886472,-0.0008195515913526802,-0.2526200661263044
0.001,0.0017,0.0009,10,True,4,5,2.8319061334235505,6.053892714881441e-07,-3.553664564535313e-05,-0.00960625816027654,-0.00041948547410024136
0.001,0.0017,0.0009,10,False,6,0,42004.602466422104,6.000001767418297e-07,-0.14937304612589664,0.00033541802798127656,-0.588270068259463
0.001,0.0017,0.0009,10,False,6,3,42644.86462644906,6.00000267783019e-07,-0.15006318224169504,0.0009841201192005964,-0.5899563819958742
0.001,0.0017,0.0009,10,True,6,7,1.8468726357802914,6.040549701039642e-07,-0.019653703706235405,0.0006998250599332639,0.0005123465565199859
0.001,0.0017,0.0009,10,True,7,8,3.4548345310044946,6.054020581062641e-07,8.269123470474518e-05,-0.010500062322163078,-0.0008083599635874582
0.001,0.0017,0.0009,10,True,0,1,2.344986774062141,6.040178139598268e-07,-0.02025176890672056,-0.000520088860321057,-0.00018401551355294642
0.001,0.0017,0.0009,10,False,0,3,19310.886090972046,6.000002659540397e-07,-0.1509747551139948,-0.00010490426664269939,0.13548934130249646
0.001,0.0017,0.0009,10,False,0,6,19478.535023517856,6.000001377463607e-07,-0.15025283408271953,-0.0005146870520296161,0.13756556679309964
0.001,0.0017,0.0009,10,True,1,2,3.0129700732761946,6.05394862076307e-07,4.8350602547327696e-05,-0.009507414076023806,0.0017545626424639105
0.001,0.0017,0.0009,10,False,3,0,21738.111763589714,6.000001719925373e-07,-0.1493363275016633,-0.0003079073274058908,-0.2530099778804232
0.001,0.0017,0.0009,10,True,3,4,2.1892089261890653,6.040346662195673e-07,-0.01997840567176274,-0.00018081713954055923,-0.002454900900247516
0.001,0.0017,0.0009,10,False,3,6,21501.36414788212,6.000002190635243e-07,-0.1497171634886472,-0.0008195515913526802,-0.2526200661263044
0.001,0.0017,0.0009,10,True,4,5,2.8319061334235505,6.053892714881441e-07,-3.553664564535313e-05,-0.00960625816027654,-0.00041948547410024136
0.001,0.0017,0.0009,10,False,6,0,42004.602466422104,6.000001767418297e-07,-0.14937304612589664,0.00033541802798127656,-0.588270068259463
0.001,0.0017,0.0009,10,False,6,3,42644.86462644906,6.00000267783019e-07,-0.15006318224169504,0.0009841201192005964,-0.5899563819958742
0.001,0.0017,0.0009,10,True,6,7,1.8468726357802914,6.040549701039642e-07,-0.019653703706235405,0.0006998250599332639,0.0005123465565199859
0.001,0.0017,0.0009,10,True,7,8,3.4548345310044946,6.054020581062641e-07,8.269123470474518e-05,-0.010500062322163078,-0.0008083599635874582
0.001,0.0017,0.0009,10,True,0,1,2.344986774062141,6.040178139598268e-07,-0.02025176890672056,-0.000520088860321057,-0.00018401551355294642
0.001,0.0017,0.0009,10,False,0,3,19310.886090972046,6.000002659540397e-07,-0.1509747551139948,-0.00010490426664269939,0.13548934130249646
0.001,0.0017,0.0009,10,False,0,6,19478.535023517856,6.000001377463607e-07,-0.15025283408271953,-0.0005146870520296161,0.13756556679309964
0.001,0.0017,0.0009,10,True,1,2,3.0129700732761946,6.05394862076307e-07,4.8350602547327696e-05,-0.009507414076023806,0.0017545626424639105
0.001,0.0017,0.0009,10,False,3,0,21738.111763589714,6.000001719925373e-07,-0.1493363275016633,-0.0003079073274058908,-0.2530099778804232
0.001,0.0017,0.0009,10,True,3,4,2.1892089261890653,6.040346662195673e-07,-0.01997840567176274,-0.00018081713954055923,-0.002454900900247516
0.001,0.0017,0.0009,10,False,3,6,21501.36414788212,6.000002190635243e-07,-0.1497171634886472,-0.0008195515913526802,-0.2526200661263044
0.001,0.0017,0.0009,10,True,4,5,2.8319061334235505,6.053892714881441e-07,-3.553664564535313e-05,-0.00960625816027654,-0.00041948547410024136
0.001,0.0017,0.0009,10,False,6,0,42004.602466422104,6.000001767418297e-07,-0.14937304612589664,0.00033541802798127656,-0.588270068259463
0.001,0.0017,0.0009,10,False,6,3,42644.86462644906,6.00000267783019e-07,-0.15006318224169504,0.0009841201192005964,-0.5899563819958742
0.001,0.0017,0.0009,10,True,6,7,1.8468726357802914,6.040549701039642e-07,-0.019653703706235405,0.0006998250599332639,0.0005123465565199859
0.001,0.0017,0.0009,10,True,7,8,3.4548345310044946,6.054020581062641e-07,8.269123470474518e-05,-0.010500062322163078,-0.0008083599635874582
0.001,0.0017,0.0009,10,True,0,1,2.5651576581903663,6.04044746544989e-07,-0.019816277515836887,-8.280484494553646e-05,0.0012028161837720768
0.001,0.0017,0.0009,10,False,0,3,10669.900044822589,6.000001443546818e-07,-0.1502034438406524,-0.0005457939266516834,-0.18754168870098298
0.001,0.0017,0.0009,10,False,0,6,10943.027832240889,6.000000580301321e-07,-0.14998941685489123,-0.0001351625855888624,-0.19187979581439257
0.001,0.0017,0.0009,10,True,1,2,1.7978954580418907,6.054105390043736e-07,0.00024673214527412,-0.009825207678094373,-0.0016210426064159314
0.001,0.0017,0.0009,10,False,3,0,31493.62809428866,6.000001212947845e-07,-0.15039284648102674,0.0002836055500605481,0.3425555474686601
0.001,0.0017,0.0009,10,True,3,4,1.4219980394547984,6.039701774751092e-07,-0.02102256781521185,-0.00033037948036493235,0.0022583965979288754
0.001,0.0017,0.0009,10,False,3,6,30886.111136538715,6.000001011248214e-07,-0.15022504066400366,0.00043909419512173117,0.340243790009602
0.001,0.0017,0.0009,10,True,4,5,2.143027199065031,6.054464454830307e-07,0.0007316787195377275,-0.010052951073541238,0.0035196277279870244
0.001,0.0017,0.0009,10,False,6,0,29236.169808200746,6.000000567237216e-07,-0.14992477223060358,-8.246426615488226e-05,-0.1584015729253165
0.001,0.0017,0.0009,10,False,6,3,29613.113369518374,6.000000857841973e-07,-0.15013740985753812,-0.000393742982456605,-0.15637522327041103
0.001,0.0017,0.0009,10,True,6,7,1.3801288359194657,6.040317479963629e-07,-0.020025368832838116,0.00019895180696512423,-0.00094998946592558
0.001,0.0017,0.0009,10,True,7,8,2.4188090059923835,6.054233395733303e-07,0.0003994052526231816,-0.010213517221901574,-0.001005852169290054
0.001,0.0017,0.0009,10,True,0,1,2.4896756532173514,6.040333796049824e-07,-0.020000116198793147,-0.0003645306456976394,0.001961123597395733
0.001,0.0017,0.0009,10,False,0,3,9426.412073376125,6.000002344721642e-07,-0.15031123909891186,-0.0007951593370239111,-0.21618816966426113
0.001,0.0017,0.0009,10,False,0,6,9644.737756160464,6.000000997043755e-07,-0.150235047167277,-0.00014851103008478545,-0.2203586628381647
0.001,0.0017,0.0009,10,True,1,2,2.151439348615981,6.053867398455053e-07,-7.788247319604589e-05,-0.00970386724372415,-0.0012416428272551381
0.001,0.0017,0.0009,10,False,3,0,30665.313769427834,6.000002123490853e-07,-0.15048232044186113,0.0006294770518945608,0.4221081452629112
0.001,0.0017,0.0009,10,True,3,4,1.9552024042448557,6.039806789636884e-07,-0.020851952932764175,-0.00021834905355587805,0.001315872838237881
0.001,0.0017,0.0009,10,False,3,6,30228.319904965098,6.000001259338251e-07,-0.15039260586608882,0.00037948914775774554,0.4197966046324454
0.001,0.0017,0.0009,10,True,4,5,2.3092487369941668,6.054468763413184e-07,0.000749816434709033,-0.009872149812713544,0.003261505138610012
0.001,0.0017,0.0009,10,False,6,0,35754.87881493174,6.000001140821924e-07,-0.1497694675817966,-0.0002988738684978402,-0.24510958412545775
0.001,0.0017,0.0009,10,False,6,3,36148.37459642816,6.000001840205374e-07,-0.15012740977008365,-0.0007383756114631801,-0.24325063158142618
0.001,0.0017,0.0009,10,True,6,7,1.341921929468826,6.04025508082203e-07,-0.020125985452939935,4.921331037156051e-05,-0.0008473317707537038
0.001,0.0017,0.0009,10,True,7,8,2.4405934102706324,6.054314225219004e-07,0.0005151200774782088,-0.010165091893480995,-0.0019750666298511475
0.05,0.09,0.017,5,False,1,8,85.60844501524343,0.0020017876715344284,-0.10871019333031048,0.0016307210007369746,0.00048092591259701054
0.05,0.09,0.017,5,False,7,1,14.906301822811542,0.0020079060672340316,-0.056383605721685895,0.019101555885622783,-0.00017380516385514803
0.05,0.09,0.017,5,True,0,1,0.6908974779715418,0.0020165985099304465,-0.010505153497755592,0.014621723573222854,7.468113927685034e-06
0.05,0.09,0.017,5,False,1,8,85.60844501524343,0.0020017876715344284,-0.10871019333031048,0.0016307210007369746,0.00048092591259701054
0.05,0.09,0.017,5,True,1,2,0.6184482160527851,0.0020207146906462657,-0.00455488243683904,-0.05925485654215216,1.595376541002828e-05
0.05,0.09,0.017,5,False,3,6,10.083872061674647,0.002000852036621749,-0.12623040639627411,0.002752628384918159,9.82967145784798e-05
0.05,0.09,0.017,5,True,6,7,1.7751096489874627,0.002006537928813071,-0.06395832633968668,0.008138253381209428,-1.1550212819625922e-05
0.05,0.09,0.017,5,False,7,1,14.906301822811542,0.0020079060672340316,-0.056383605721685895,0.019101555885622783,-0.00017380516385514803
0.05,0.09,0.017,5,True,7,8,0.9500646682549835,0.0020222971716587867,0.01264844928156227,-0.011419568039314706,1.329240398890921e-05
0.05,0.09,0.017,5,True,0,1,0.9003503270123134,0.002018505733043717,-0.0019408677401920905,0.008031739110405152,2.021024904129518e-05
0.05,0.09,0.017,5,False,0,3,41.19351333927196,0.002000451663865528,-0.15003152073184642,-0.009323872472406501,-0.00034344169975400034
0.05,0.09,0.017,5,False,1,8,85.60844501524343,0.0020017876715344284,-0.10871019333031048,0.0016307210007369746,0.00048092591259701054
0.05,0.09,0.017,5,True,1,2,0.8554284893634787,0.0020171780307321236,-0.013696619009266423,-0.042390299040995186,7.624121001386859e-06
0.05,0.09,0.017,5,True,3,4,0.8074859881858873,0.0020135362546162628,-0.025380893114477318,-0.020694321001526166,-6.888569637870281e-06
0.05,0.09,0.017,5,False,3,6,9.481425555036598,0.002001732086590653,-0.10955696113901392,0.002101483894052645,-6.279517309622256e-06
0.05,0.09,0.017,5,False,3,7,39.15687098761114,0.0020066669894068176,-0.07384709363710999,-0.042734080439124834,0.00014439535648608516
0.05,0.09,0.017,5,False,3,0,6.747829736379165,0.0020005110347131603,-0.1561885930928144,0.010984101576582826,-4.031242320708027e-05
0.05,0.09,0.017,5,True,4,5,0.7124494656305556,0.0020146333502169145,-0.019599697791989463,-0.016872599908622752,-1.0079938128809417e-05
0.05,0.09,0.017,5,False,6,3,10.824406128367373,0.002000647526793146,-0.1404482733294141,-0.015273406632960465,-8.515505848529592e-05
0.05,0.09,0.017,5,True,6,7,1.7026192051295657,0.0020044502411358067,-0.0817079340925489,0.016531490100422763,-1.1426716429629597e-06
0.05,0.09,0.017,5,False,6,0,4.721952130061803,0.0020009699845651516,-0.14132107869238306,0.025304545843382344,-6.184437436383334e-05
0.05,0.09,0.017,5,False,6,4,16.289805771387492,0.002009814029460165,-0.04712903313030923,0.029333670552380352,-1.4295641063456293e-05
0.05,0.09,0.017,5,False,7,1,14.906301822811542,0.0020079060672340316,-0.056383605721685895,0.019101555885622783,-0.00017380516385514803
0.05,0.09,0.017,5,True,7,8,0.9500646682549835,0.0020222971716587867,0.01264844928156227,-0.011419568039314706,1.329240398890921e-05
0.05,0.09,0.017,5,True,0,1,0.9003503270123134,0.002018505733043717,-0.0019408677401920905,0.008031739110405152,2.021024904129518e-05
0.05,0.09,0.017,5,False,0,3,48.77399786710212,0.0020004602420081686,-0.14504917304889786,0.008534083945167347,-0.00037985443015278264
0.05,0.09,0.017,5,False,0,6,54.281023331635524,0.002000902446996573,-0.1470878466474429,-0.025004914019530373,-0.00040230413822589414
0.05,0.09,0.017,5,False,1,8,85.60844501524343,0.0020017876715344284,-0.10871019333031048,0.0016307210007369746,0.00048092591259701054
0.05,0.09,0.017,5,True,1,2,0.8554284893634787,0.0020171780307321236,-0.013696619009266423,-0.042390299040995186,7.624121001386859e-06
0.05,0.09,0.017,5,True,3,4,0.8074859881858873,0.0020135362546162628,-0.025380893114477318,-0.020694321001526166,-6.888569637870281e-06
0.05,0.09,0.017,5,False,3,6,9.481425555036598,0.002001732086590653,-0.10955696113901392,0.002101483894052645,-6.279517309622256e-06
0.05,0.09,0.017,5,False,3,7,39.15687098761114,0.0020066669894068176,-0.07384709363710999,-0.042734080439124834,0.00014439535648608516
0.05,0.09,0.017,5,False,3,0,6.747829736379165,0.0020005110347131603,-0.1561885930928144,0.010984101576582826,-4.031242320708027e-05
0.05,0.09,0.017,5,True,4,5,0.8051609743790851,0.0020112947503031966,-0.035287718382076366,0.008965903705418454,-1.2563324981162084e-05
0.05,0.09,0.017,5,False,6,3,10.824406128367373,0.002000647526793146,-0.1404482733294141,-0.015273406632960465,-8.515505848529592e-05
0.05,0.09,0.017,5,True,6,7,1.7026192051295657,0.0020044502411358067,-0.0817079340925489,0.016531490100422763,-1.1426716429629597e-06
0.05,0.09,0.017,5,False,6,0,3.299051091826582,0.002000772568907066,-0.16337770712159486,0.017240103409077518,3.982227640760665e-06
0.05,0.09,0.017,5,False,6,4,16.289805771387492,0.002009814029460165,-0.04712903313030923,0.029333670552380352,-1.4295641063456293e-05
0.05,0.09,0.017,5,False,7,1,14.906301822811542,0.0020079060672340316,-0.056383605721685895,0.019101555885622783,-0.00017380516385514803
0.05,0.09,0.017,5,True,7,8,1.032265949944884,0.002017891493654095,-0.005967657575661776,-0.02226307407444875,1.0878428346188141e-05
0.05,0.09,0.017,5,True,0,1,0.9003503270123134,0.002018505733043717,-0.0019408677401920905,0.008031739110405152,2.021024904129518e-05
0.05,0.09,0.017,5,False,0,3,48.77399786710212,0.0020004602420081686,-0.14504917304889786,0.008534083945167347,-0.00037985443015278264
0.05,0.09,0.017,5,False,0,7,30.530006416165634,0.00200360279932961,-0.10513570782454819,-0.043550374383750944,-0.00023267119297164338
0.05,0.09,0.017,5,False,0,6,53.89288785523196,0.002000475486844124,-0.14254398757679318,0.007761476483905799,-0.00040027936937546806
0.05,0.09,0.017,5,False,1,8,85.60844501524343,0.0020017876715344284,-0.10871019333031048,0.0016307210007369746,0.00048092591259701054
0.05,0.09,0.017,5,True,1,2,0.8554284893634787,0.0020171780307321236,-0.013696619009266423,-0.042390299040995186,7.624121001386859e-06
0.05,0.09,0.017,5,True,3,4,0.6881508247306791,0.002010607562955526,-0.04020201097953454,-0.01871249370187014,-1.2431703927778269e-05
0.05,0.09,0.017,5,False,3,6,9.481425555036598,0.002001732086590653,-0.10955696113901392,0.002101483894052645,-6.279517309622256e-06
0.05,0.09,0.017,5,False,3,7,39.15687098761114,0.0020066669894068176,-0.07384709363710999,-0.042734080439124834,0.00014439535648608516
0.05,0.09,0.017,5,False,3,0,6.478762557894932,0.002000433921500209,-0.14234129348203828,0.002599764948046171,-0.00010597139614633826
0.05,0.09,0.017,5,True,4,5,0.8051609743790851,0.0020112947503031966,-0.035287718382076366,0.008965903705418454,-1.2563324981162084e-05
0.05,0.09,0.017,5,False,6,3,10.824406128367373,0.002000647526793146,-0.1404482733294141,-0.015273406632960465,-8.515505848529592e-05
0.05,0.09,0.017,5,True,6,7,1.7026192051295657,0.0020044502411358067,-0.0817079340925489,0.016531490100422763,-1.1426716429629597e-06
0.05,0.09,0.017,5,False,6,0,3.299051091826582,0.002000772568907066,-0.16337770712159486,0.017240103409077518,3.982227640760665e-06
0.05,0.09,0.017,5,False,6,4,17.967207805968577,0.0020109959549215167,-0.04053062231318946,0.029888636324449123,0.00011443968476065223
0.05,0.09,0.017,5,False,7,1,14.906301822811542,0.0020079060672340316,-0.056383605721685895,0.019101555885622783,-0.00017380516385514803
0.05,0.09,0.017,5,True,7,8,1.032265949944884,0.002017891493654095,-0.005967657575661776,-0.02226307407444875,1.0878428346188141e-05
0.05,0.09,0.017,5,True,0,1,0.9003503270123134,0.002018505733043717,-0.0019408677401920905,0.008031739110405152,2.021024904129518e-05
0.05,0.09,0.017,5,False,0,3,48.77399786710212,0.0020004602420081686,-0.14504917304889786,0.008534083945167347,-0.00037985443015278264
0.05,0.09,0.017,5,False,0,7,30.530006416165634,0.00200360279932961,-0.10513570782454819,-0.043550374383750944,-0.00023267119297164338
0.05,0.09,0.017,5,False,0,4,17.122665936135412,0.0020086011590300813,-0.058611482202000825,-0.04025167090209985,-0.00021169226064697056
0.05,0.09,0.017,5,False,0,6,53.89288785523196,0.002000475486844124,-0.14254398757679318,0.007761476483905799,-0.00040027936937546806
0.05,0.09,0.017,5,False,1,8,85.60844501524343,0.0020017876715344284,-0.10871019333031048,0.0016307210007369746,0.00048092591259701054
0.05,0.09,0.017,5,True,1,2,0.8554284893634787,0.0020171780307321236,-0.013696619009266423,-0.042390299040995186,7.624121001386859e-06
0.05,0.09,0.017,5,True,3,4,0.6881508247306791,0.002010607562955526,-0.04020201097953454,-0.01871249370187014,-1.2431703927778269e-05
0.05,0.09,0.017,5,False,3,6,9.481425555036598,0.002001732086590653,-0.10955696113901392,0.002101483894052645,-6.279517309622256e-06
0.05,0.09,0.017,5,False,3,7,39.15687098761114,0.0020066669894068176,-0.07384709363710999,-0.042734080439124834,0.00014439535648608516
0.05,0.09,0.017,5,False,3,0,6.478762557894932,0.002000433921500209,-0.14234129348203828,0.002599764948046171,-0.00010597139614633826
0.05,0.09,0.017,5,False,3,1,18.78016247339255,0.002015974662989849,-0.014316025900036316,-0.02249187880277403,0.00022247356708635243
0.05,0.09,0.017,5,True,4,5,0.8051609743790851,0.0020112947503031966,-0.035287718382076366,0.008965903705418454,-1.2563324981162084e-05
0.05,0.09,0.017,5,False,6,3,5.4008158856151285,0.0020004430288380836,-0.15613325677885678,0.006232552533625912,1.2029912233738875e-05
0.05,0.09,0.017,5,True,6,7,1.7026192051295657,0.0020044502411358067,-0.0817079340925489,0.016531490100422763,-1.1426716429629597e-06
0.05,0.09,0.017,5,False,6,0,3.299051091826582,0.002000772568907066,-0.16337770712159486,0.017240103409077518,3.982227640760665e-06
0.05,0.09,0.017,5,False,6,4,17.967207805968577,0.0020109959549215167,-0.04053062231318946,0.029888636324449123,0.00011443968476065223
0.05,0.09,0.017,5,False,7,1,14.906301822811542,0.0020079060672340316,-0.056383605721685895,0.019101555885622783,-0.00017380516385514803
0.05,0.09,0.017,5,True,7,8,1.032265949944884,0.002017891493654095,-0.005967657575661776,-0.02226307407444875,1.0878428346188141e-05
0.05,0.09,0.017,5,True,0,1,0.9003503270123134,0.002018505733043717,-0.0019408677401920905,0.008031739110405152,2.021024904129518e-05
0.05,0.09,0.017,5,False,0,3,48.77399786710212,0.0020004602420081686,-0.14504917304889786,0.008534083945167347,-0.00037985443015278264
0.05,0.09,0.017,5,False,0,7,36.28061929503179,0.00200388520429845,-0.09027010165667343,-0.02615450816858744,-0.0002920788481045029
0.05,0.09,0.017,5,False,0,4,17.122665936135412,0.0020086011590300813,-0.058611482202000825,-0.04025167090209985,-0.00021169226064697056
0.05,0.09,0.017,5,False,0,6,53.89288785523196,0.002000475486844124,-0.14254398757679318,0.007761476483905799,-0.00040027936937546806
0.05,0.09,0.017,5,False,1,8,85.60844501524343,0.0020017876715344284,-0.10871019333031048,0.0016307210007369746,0.00048092591259701054
0.05,0.09,0.017,5,True,1,2,0.8554284893634787,0.0020171780307321236,-0.013696619009266423,-0.042390299040995186,7.624121001386859e-06
0.05,0.09,0.017,5,True,3,4,0.6881508247306791,0.002010607562955526,-0.04020201097953454,-0.01871249370187014,-1.2431703927778269e-05
0.05,0.09,0.017,5,False,3,6,9.481425555036598,0.002001732086590653,-0.10955696113901392,0.002101483894052645,-6.279517309622256e-06
0.05,0.09,0.017,5,False,3,7,21.818907127538765,0.0020066221872768984,-0.09096787117387409,-0.06392810496014965,-4.729326638386249e-06
0.05,0.09,0.017,5,False,3,0,6.478762557894932,0.002000433921500209,-0.14234129348203828,0.002599764948046171,-0.00010597139614633826
0.05,0.09,0.017,5,False,3,1,12.987183633054368,0.0020182074757656033,-0.004720589906233653,-0.022763789926868522,0.0001849738684309536
0.05,0.09,0.017,5,True,4,5,0.8051609743790851,0.0020112947503031966,-0.035287718382076366,0.008965903705418454,-1.2563324981162084e-05
0.05,0.09,0.017,5,False,6,3,5.4008158856151285,0.0020004430288380836,-0.15613325677885678,0.006232552533625912,1.2029912233738875e-05
0.05,0.09,0.017,5,True,6,7,1.7026192051295657,0.0020044502411358067,-0.0817079340925489,0.016531490100422763,-1.1426716429629597e-06
0.05,0.09,0.017,5,False,6,0,3.299051091826582,0.002000772568907066,-0.16337770712159486,0.017240103409077518,3.982227640760665e-06
0.05,0.09,0.017,5,False,6,4,17.967207805968577,0.0020109959549215167,-0.04053062231318946,0.029888636324449123,0.00011443968476065223
0.05,0.09,0.017,5,False,7,1,14.906301822811542,0.0020079060672340316,-0.056383605721685895,0.019101555885622783,-0.00017380516385514803
0.05,0.09,0.017,5,False,7,0,51.22474138878143,0.002002338546469103,-0.1852276136056124,0.03368328003707404,-0.00017494178359264527
0.05,0.09,0.017,5,True,7,8,1.032265949944884,0.002017891493654095,-0.005967657575661776,-0.02226307407444875,1.0878428346188141e-05
0.05,0.09,0.017,5,True,0,1,0.9519339011674288,0.0020180356626608767,-0.003903306763389179,-0.008461050829727167,2.3736872391337065e-06
0.05,0.09,0.017,5,False,0,3,48.77399786710212,0.0020004602420081686,-0.14504917304889786,0.008534083945167347,-0.00037985443015278264
0.05,0.09,0.017,5,False,0,7,36.28061929503179,0.00200388520429845,-0.09027010165667343,-0.02615450816858744,-0.0002920788481045029
0.05,0.09,0.017,5,False,0,4,9.828737373249552,0.0020062127594624264,-0.07588095514785806,-0.03976624628203835,-0.0001685575218342866
0.05,0.09,0.017,5,False,0,6,53.89288785523196,0.002000475486844124,-0.14254398757679318,0.007761476483905799,-0.00040027936937546806
0.05,0.09,0.017,5,False,1,8,85.60844501524343,0.0020017876715344284,-0.10871019333031048,0.0016307210007369746,0.00048092591259701054
0.05,0.09,0.017,5,True,1,2,0.8554284893634787,0.0020171780307321236,-0.013696619009266423,-0.042390299040995186,7.624121001386859e-06
0.05,0.09,0.017,5,True,3,4,0.6881508247306791,0.002010607562955526,-0.04020201097953454,-0.01871249370187014,-1.2431703927778269e-05
0.05,0.09,0.017,5,False,3,6,9.481425555036598,0.002001732086590653,-0.10955696113901392,0.002101483894052645,-6.279517309622256e-06
0.05,0.09,0.017,5,False,3,7,21.818907127538765,0.0020066221872768984,-0.09096787117387409,-0.06392810496014965,-4.729326638386249e-06
0.05,0.09,0.017,5,False,3,0,6.478762557894932,0.002000433921500209,-0.14234129348203828,0.002599764948046171,-0.00010597139614633826
0.05,0.09,0.017,5,False,3,1,12.987183633054368,0.0020182074757656033,-0.004720589906233653,-0.022763789926868522,0.0001849738684309536
0.05,0.09,0.017,5,True,4,5,0.8051609743790851,0.0020112947503031966,-0.035287718382076366,0.008965903705418454,-1.2563324981162084e-05
0.05,0.09,0.017,5,False,4,1,2.7202778774503087,0.002003931181661788,-0.08549367527916182,0.012100776405664012,3.058483311435689e-05
0.05,0.09,0.017,5,False,6,3,5.4008158856151285,0.0020004430288380836,-0.15613325677885678,0.006232552533625912,1.2029912233738875e-05
0.05,0.09,0.017,5,True,6,7,1.0842616406185561,0.002015291967696075,-0.015522020340918426,-0.0018659522945435286,-1.0951185715372482e-05
0.05,0.09,0.017,5,False,6,0,3.299051091826582,0.002000772568907066,-0.16337770712159486,0.017240103409077518,3.982227640760665e-06
0.05,0.09,0.017,5,False,6,4,17.967207805968577,0.0020109959549215167,-0.04053062231318946,0.029888636324449123,0.00011443968476065223
0.05,0.09,0.017,5,False,7,1,14.906301822811542,0.0020079060672340316,-0.056383605721685895,0.019101555885622783,-0.00017380516385514803
0.05,0.09,0.017,5,False,7,0,51.22474138878143,0.002002338546469103,-0.1852276136056124,0.03368328003707404,-0.00017494178359264527
0.05,0.09,0.017,5,True,7,8,1.032265949944884,0.002017891493654095,-0.005967657575661776,-0.02226307407444875,1.0878428346188141e-05
0.05,0.09,0.017,5,True,0,1,0.754664004080064,0.002024164807281792,0.016101389873282374,-0.03550556987797565,8.878600866722999e-06
0.05,0.09,0.017,5,False,0,3,48.77399786710212,0.0020004602420081686,-0.14504917304889786,0.008534083945167347,-0.00037985443015278264
0.05,0.09,0.017,5,False,0,7,36.28061929503179,0.00200388520429845,-0.09027010165667343,-0.02615450816858744,-0.0002920788481045029
0.05,0.09,0.017,5,False,0,4,9.828737373249552,0.0020062127594624264,-0.07588095514785806,-0.03976624628203835,-0.0001685575218342866
0.05,0.09,0.017,5,False,0,6,53.89288785523196,0.002000475486844124,-0.14254398757679318,0.007761476483905799,-0.00040027936937546806
0.05,0.09,0.017,5,False,1,8,85.60844501524343,0.0020017876715344284,-0.10871019333031048,0.0016307210007369746,0.00048092591259701054
0.05,0.09,0.017,5,True,1,2,0.8554284893634787,0.0020171780307321236,-0.013696619009266423,-0.042390299040995186,7.624121001386859e-06
0.05,0.09,0.017,5,False,1,4,51.98032689019495,0.0020021509398329036,-0.19599799266075088,-0.005682815151448677,-0.0003771423362900692
0.05,0.09,0.017,5,True,3,4,0.6881508247306791,0.002010607562955526,-0.04020201097953454,-0.01871249370187014,-1.2431703927778269e-05
0.05,0.09,0.017,5,False,3,6,9.481425555036598,0.002001732086590653,-0.10955696113901392,0.002101483894052645,-6.279517309622256e-06
0.05,0.09,0.017,5,False,3,7,21.818907127538765,0.0020066221872768984,-0.09096787117387409,-0.06392810496014965,-4.729326638386249e-06
0.05,0.09,0.017,5,False,3,0,6.478762557894932,0.002000433921500209,-0.14234129348203828,0.002599764948046171,-0.00010597139614633826
0.05,0.09,0.017,5,False,3,1,12.987183633054368,0.0020182074757656033,-0.004720589906233653,-0.022763789926868522,0.0001849738684309536
0.05,0.09,0.017,5,True,4,5,0.8051609743790851,0.0020112947503031966,-0.035287718382076366,0.008965903705418454,-1.2563324981162084e-05
0.05,0.09,0.017,5,False,4,7,10.789088223772248,0.002000694625689607,-0.15681290788909502,-0.018309281074313007,-6.609909883505726e-05
0.05,0.09,0.017,5,False,4,1,6.812129289838543,0.0020033035901395007,-0.09289236102903976,0.016880776003623355,9.62967904661724e-05
0.05,0.09,0.017,5,False,6,3,5.4008158856151285,0.0020004430288380836,-0.15613325677885678,0.006232552533625912,1.2029912233738875e-05
0.05,0.09,0.017,5,True,6,7,1.138460100200978,0.0020125609953211407,-0.02914198028928933,-0.012982819932634806,-7.256649839892226e-06
0.05,0.09,0.017,5,False,6,0,3.299051091826582,0.002000772568907066,-0.16337770712159486,0.017240103409077518,3.982227640760665e-06
0.05,0.09,0.017,5,False,6,4,17.967207805968577,0.0020109959549215167,-0.04053062231318946,0.029888636324449123,0.00011443968476065223
0.05,0.09,0.017,5,False,7,1,14.906301822811542,0.0020079060672340316,-0.056383605721685895,0.019101555885622783,-0.00017380516385514803
0.05,0.09,0.017,5,False,7,0,51.22474138878143,0.002002338546469103,-0.1852276136056124,0.03368328003707404,-0.00017494178359264527
0.05,0.09,0.017,5,True,7,8,1.032265949944884,0.002017891493654095,-0.005967657575661776,-0.02226307407444875,1.0878428346188141e-05
0.05,0.09,0.017,5,False,7,4,44.47492292351458,0.002000450384602569,-0.15420827166210352,0.00822708106832618,-9.90236636905531e-05
0.05,0.09,0.017,5,True,0,1,0.754664004080064,0.002024164807281792,0.016101389873282374,-0.03550556987797565,8.878600866722999e-06
0.05,0.09,0.017,5,False,0,3,48.77399786710212,0.0020004602420081686,-0.14504917304889786,0.008534083945167347,-0.00037985443015278264
0.05,0.09,0.017,5,False,0,7,36.28061929503179,0.00200388520429845,-0.09027010165667343,-0.02615450816858744,-0.0002920788481045029
0.05,0.09,0.017,5,False,0,4,9.828737373249552,0.0020062127594624264,-0.07588095514785806,-0.03976624628203835,-0.0001685575218342866
0.05,0.09,0.017,5,False,0,6,53.89288785523196,0.002000475486844124,-0.14254398757679318,0.007761476483905799,-0.00040027936937546806
0.05,0.09,0.017,5,False,1,8,85.60844501524343,0.0020017876715344284,-0.10871019333031048,0.0016307210007369746,0.00048092591259701054
0.05,0.09,0.017,5,True,1,2,1.07282121297775,0.0020150488794778276,-0.0179616776741718,0.01894273596299725,-1.958931064525547e-05
0.05,0.09,0.017,5,False,1,4,51.98032689019495,0.0020021509398329036,-0.19599799266075088,-0.005682815151448677,-0.0003771423362900692
0.05,0.09,0.017,5,True,3,4,0.6881508247306791,0.002010607562955526,-0.04020201097953454,-0.01871249370187014,-1.2431703927778269e-05
0.05,0.09,0.017,5,False,3,6,9.481425555036598,0.002001732086590653,-0.10955696113901392,0.002101483894052645,-6.279517309622256e-06
0.05,0.09,0.017,5,False,3,7,21.818907127538765,0.0020066221872768984,-0.09096787117387409,-0.06392810496014965,-4.729326638386249e-06
0.05,0.09,0.017,5,False,3,0,6.478762557894932,0.002000433921500209,-0.14234129348203828,0.002599764948046171,-0.00010597139614633826
0.05,0.09,0.017,5,False,3,1,12.987183633054368,0.0020182074757656033,-0.004720589906233653,-0.022763789926868522,0.0001849738684309536
0.05,0.09,0.017,5,True,4,5,0.8322338113579788,0.002014778547214065,-0.020247248362727503,-0.025085194084505998,1.0917232980106865e-05
0.05,0.09,0.017,5,False,4,7,19.76862139436768,0.002000528856770529,-0.1552701206018646,-0.012360978752602442,-1.1665851920285358e-05
0.05,0.09,0.017,5,False,4,1,6.812129289838543,0.0020033035901395007,-0.09289236102903976,0.016880776003623355,9.62967904661724e-05
0.05,0.09,0.017,5,False,6,3,5.4008158856151285,0.0020004430288380836,-0.15613325677885678,0.006232552533625912,1.2029912233738875e-05
0.05,0.09,0.017,5,True,6,7,1.138460100200978,0.0020125609953211407,-0.02914198028928933,-0.012982819932634806,-7.256649839892226e-06
0.05,0.09,0.017,5,False,6,0,3.299051091826582,0.002000772568907066,-0.16337770712159486,0.017240103409077518,3.982227640760665e-06
0.05,0.09,0.017,5,False,6,4,17.967207805968577,0.0020109959549215167,-0.04053062231318946,0.029888636324449123,0.00011443968476065223
0.05,0.09,0.017,5,False,7,1,14.955437316846432,0.0020058963800959895,-0.0769097105472674,0.03672905210496462,-3.819377332203223e-05
0.05,0.09,0.017,5,False,7,0,51.22474138878143,0.002002338546469103,-0.1852276136056124,0.03368328003707404,-0.00017494178359264527
0.05,0.09,0.017,5,True,7,8,1.032265949944884,0.002017891493654095,-0.005967657575661776,-0.02226307407444875,1.0878428346188141e-05
0.05,0.09,0.017,5,False,7,4,27.40979388627345,0.0020004210297893156,-0.14906467273799487,0.006993001344657939,2.353303876753386e-05
0.05,0.09,0.017,5,True,0,1,0.754664004080064,0.002024164807281792,0.016101389873282374,-0.03550556987797565,8.878600866722999e-06
0.05,0.09,0.017,5,False,0,3,8.455381462232266,0.0020016677565627503,-0.15828484769965795,0.03864432837762844,-7.590926448763517e-05
0.05,0.09,0.017,5,False,0,7,36.28061929503179,0.00200388520429845,-0.09027010165667343,-0.02615450816858744,-0.0002920788481045029
0.05,0.09,0.017,5,False,0,4,9.828737373249552,0.0020062127594624264,-0.07588095514785806,-0.03976624628203835,-0.0001685575218342866
0.05,0.09,0.017,5,False,0,6,53.89288785523196,0.002000475486844124,-0.14254398757679318,0.007761476483905799,-0.00040027936937546806
0.05,0.09,0.017,5,False,1,8,75.84979737726917,0.0020017397552970387,-0.11161583706719926,-0.01326853783914174,0.0002504045755274645
0.05,0.09,0.017,5,True,1,2,1.07282121297775,0.0020150488794778276,-0.0179616776741718,0.01894273596299725,-1.958931064525547e-05
0.05,0.09,0.017,5,False,1,7,30.14884488757981,0.0020011277739679354,-0.15754111556333925,-0.029158590006467252,5.319431435625497e-05
0.05,0.09,0.017,5,False,1,4,51.98032689019495,0.0020021509398329036,-0.19599799266075088,-0.005682815151448677,-0.0003771423362900692
0.05,0.09,0.017,5,True,3,4,0.6881508247306791,0.002010607562955526,-0.04020201097953454,-0.01871249370187014,-1.2431703927778269e-05
0.05,0.09,0.017,5,False,3,6,9.691883998566519,0.0020015731983408468,-0.18126659380502633,0.02167306017432926,4.0049018080450246e-05
0.05,0.09,0.017,5,False,3,7,21.818907127538765,0.0020066221872768984,-0.09096787117387409,-0.06392810496014965,-4.729326638386249e-06
0.05,0.09,0.017,5,False,3,0,6.478762557894932,0.002000433921500209,-0.14234129348203828,0.002599764948046171,-0.00010597139614633826
0.05,0.09,0.017,5,False,3,1,12.987183633054368,0.0020182074757656033,-0.004720589906233653,-0.022763789926868522,0.0001849738684309536
0.05,0.09,0.017,5,True,4,5,0.8152714475069855,0.002011781547716025,-0.03348933537360295,-0.01596970533138319,1.0629554895639575e-05
0.05,0.09,0.017,5,False,4,7,19.76862139436768,0.002000528856770529,-0.1552701206018646,-0.012360978752602442,-1.1665851920285358e-05
0.05,0.09,0.017,5,False,4,1,6.812129289838543,0.0020033035901395007,-0.09289236102903976,0.016880776003623355,9.62967904661724e-05
0.05,0.09,0.017,5,False,6,3,5.4008158856151285,0.0020004430288380836,-0.15613325677885678,0.006232552533625912,1.2029912233738875e-05
0.05,0.09,0.017,5,True,6,7,1.138460100200978,0.0020125609953211407,-0.02914198028928933,-0.012982819932634806,-7.256649839892226e-06
0.05,0.09,0.017,5,False,6,1,15.172074794504066,0.002014563674348185,-0.019609787208226724,0.014238205786863758,9.058850677092997e-05
0.05,0.09,0.017,5,False,6,0,11.625111986137501,0.002002238652040763,-0.11578127519350812,-0.032917769731261814,0.00014492874696984061
0.05,0.09,0.017,5,False,6,4,17.967207805968577,0.0020109959549215167,-0.04053062231318946,0.029888636324449123,0.00011443968476065223
0.05,0.09,0.017,5,False,7,1,14.955437316846432,0.0020058963800959895,-0.0769097105472674,0.03672905210496462,-3.819377332203223e-05
0.05,0.09,0.017,5,False,7,0,51.22474138878143,0.002002338546469103,-0.1852276136056124,0.03368328003707404,-0.00017494178359264527
0.05,0.09,0.017,5,True,7,8,1.032265949944884,0.002017891493654095,-0.005967657575661776,-0.02226307407444875,1.0878428346188141e-05
0.05,0.09,0.017,5,False,7,4,27.40979388627345,0.0020004210297893156,-0.14906467273799487,0.006993001344657939,2.353303876753386e-05
0.05,0.09,0.017,5,False,0,8,12.671077052470219,0.002017040754174356,-0.007851451228653116,0.0016770513965249877,-2.3666721308488744e-05
0.05,0.09,0.017,5,True,0,1,0.754664004080064,0.002024164807281792,0.016101389873282374,-0.03550556987797565,8.878600866722999e-06
0.05,0.09,0.017,5,False,0,3,8.455381462232266,0.0020016677565627503,-0.15828484769965795,0.03864432837762844,-7.590926448763517e-05
0.05,0.09,0.017,5,False,0,7,36.28061929503179,0.00200388520429845,-0.09027010165667343,-0.02615450816858744,-0.0002920788481045029
0.05,0.09,0.017,5,False,0,4,9.828737373249552,0.0020062127594624264,-0.07588095514785806,-0.03976624628203835,-0.0001685575218342866
0.05,0.09,0.017,5,False,0,6,53.89288785523196,0.002000475486844124,-0.14254398757679318,0.007761476483905799,-0.00040027936937546806
0.05,0.09,0.017,5,False,1,8,75.84979737726917,0.0020017397552970387,-0.11161583706719926,-0.01326853783914174,0.0002504045755274645
0.05,0.09,0.017,5,True,1,2,1.9120355375182008,0.0020146753935767403,-0.01964776099409757,0.018660457027644423,-3.8972190078361144e-05
0.05,0.09,0.017,5,False,1,7,30.14884488757981,0.0020011277739679354,-0.15754111556333925,-0.029158590006467252,5.319431435625497e-05
0.05,0.09,0.017,5,False,1,4,60.964359456647784,0.002000511896922063,-0.16215341158804847,0.0035060313712609137,-0.00042027117086462063
0.05,0.09,0.017,5,True,3,4,0.6881508247306791,0.002010607562955526,-0.04020201097953454,-0.01871249370187014,-1.2431703927778269e-05
0.05,0.09,0.017,5,False,3,6,13.685920537106227,0.0020024967733641118,-0.19968173712484644,0.009965981396228714,0.00014208102547553462
0.05,0.09,0.017,5,False,3,7,21.818907127538765,0.0020066221872768984,-0.09096787117387409,-0.06392810496014965,-4.729326638386249e-06
0.05,0.09,0.017,5,False,3,0,6.478762557894932,0.002000433921500209,-0.14234129348203828,0.002599764948046171,-0.00010597139614633826
0.05,0.09,0.017,5,False,3,1,12.987183633054368,0.0020182074757656033,-0.004720589906233653,-0.022763789926868522,0.0001849738684309536
0.05,0.09,0.017,5,False,3,5,13.818004187702831,0.002028795631245429,0.034136495862531716,0.023688031553194523,6.999762012742059e-06
0.05,0.09,0.017,5,True,4,5,0.8152714475069855,0.002011781547716025,-0.03348933537360295,-0.01596970533138319,1.0629554895639575e-05
0.05,0.09,0.017,5,False,4,7,19.76862139436768,0.002000528856770529,-0.1552701206018646,-0.012360978752602442,-1.1665851920285358e-05
0.05,0.09,0.017,5,False,4,1,6.812129289838543,0.0020033035901395007,-0.09289236102903976,0.016880776003623355,9.62967904661724e-05
0.05,0.09,0.017,5,False,6,3,5.4008158856151285,0.0020004430288380836,-0.15613325677885678,0.006232552533625912,1.2029912233738875e-05
0.05,0.09,0.017,5,True,6,7,1.138460100200978,0.0020125609953211407,-0.02914198028928933,-0.012982819932634806,-7.256649839892226e-06
0.05,0.09,0.017,5,False,6,1,16.993241725838253,0.002018403880228532,-0.0021633942353912867,-0.002607853783021431,7.026504146923471e-05
0.05,0.09,0.017,5,False,6,0,8.427364592476428,0.002003193353575857,-0.09844417777080607,-0.027468616351584606,8.875593908556032e-05
0.05,0.09,0.017,5,False,6,4,17.967207805968577,0.0020109959549215167,-0.04053062231318946,0.029888636324449123,0.00011443968476065223
0.05,0.09,0.017,5,False,7,1,14.955437316846432,0.0020058963800959895,-0.0769097105472674,0.03672905210496462,-3.819377332203223e-05
0.05,0.09,0.017,5,False,7,0,39.19827923495708,0.002001389132262013,-0.18387123220580762,-0.008763409980177952,-4.7792539143048164e-05
0.05,0.09,0.017,5,True,7,8,1.032265949944884,0.002017891493654095,-0.005967657575661776,-0.02226307407444875,1.0878428346188141e-05
0.05,0.09,0.017,5,False,7,4,27.40979388627345,0.0020004210297893156,-0.14906467273799487,0.006993001344657939,2.353303876753386e-05
0.05,0.09,0.017,5,False,8,1,28.05933483197672,0.002002675115743551,-0.19503984698210103,-0.02748150637303704,-0.00014277097327266823
0.05,0.09,0.017,5,False,0,8,8.244948241358882,0.002021040362565811,0.007429235172161665,0.016627861163745764,-6.738224893768566e-05
0.05,0.09,0.017,5,True,0,1,0.754664004080064,0.002024164807281792,0.016101389873282374,-0.03550556987797565,8.878600866722999e-06
0.05,0.09,0.017,5,False,0,3,8.455381462232266,0.0020016677565627503,-0.15828484769965795,0.03864432837762844,-7.590926448763517e-05
0.05,0.09,0.017,5,False,0,7,36.28061929503179,0.00200388520429845,-0.09027010165667343,-0.02615450816858744,-0.0002920788481045029
0.05,0.09,0.017,5,False,0,4,9.994652651408623,0.0020089491627630716,-0.049019594753917435,0.014040545577509696,-0.00016709859476420476
0.05,0.09,0.017,5,False,0,6,6.435497395426525,0.0020006565200470826,-0.1616265292113376,0.014150747934769094,-2.2773780955985803e-05
0.05,0.09,0.017,5,False,1,8,75.84979737726917,0.0020017397552970387,-0.11161583706719926,-0.01326853783914174,0.0002504045755274645
0.05,0.09,0.017,5,True,1,2,1.9120355375182008,0.0020146753935767403,-0.01964776099409757,0.018660457027644423,-3.8972190078361144e-05
0.05,0.09,0.017,5,False,1,7,30.14884488757981,0.0020011277739679354,-0.15754111556333925,-0.029158590006467252,5.319431435625497e-05
0.05,0.09,0.017,5,False,1,4,60.964359456647784,0.002000511896922063,-0.16215341158804847,0.0035060313712609137,-0.00042027117086462063
0.05,0.09,0.017,5,True,3,4,0.946200754914187,0.0020140608856063875,-0.02699181074437856,-0.03825604902600346,2.2230613712479662e-05
0.05,0.09,0.017,5,False,3,6,13.685920537106227,0.0020024967733641118,-0.19968173712484644,0.009965981396228714,0.00014208102547553462
0.05,0.09,0.017,5,False,3,7,21.818907127538765,0.0020066221872768984,-0.09096787117387409,-0.06392810496014965,-4.729326638386249e-06
0.05,0.09,0.017,5,False,3,0,15.885495361197545,0.0020040546061890754,-0.09270561516877374,-0.03427178843643388,0.00017577000203438395
0.05,0.09,0.017,5,False,3,1,12.987183633054368,0.0020182074757656033,-0.004720589906233653,-0.022763789926868522,0.0001849738684309536
0.05,0.09,0.017,5,False,3,5,13.818004187702831,0.002028795631245429,0.034136495862531716,0.023688031553194523,6.999762012742059e-06
0.05,0.09,0.017,5,True,4,5,0.8152714475069855,0.002011781547716025,-0.03348933537360295,-0.01596970533138319,1.0629554895639575e-05
0.05,0.09,0.017,5,False,4,6,54.17891950779758,0.002001627276474023,-0.1859621878231924,-0.014816791209751878,-3.1050397922270644e-05
0.05,0.09,0.017,5,False,4,7,19.76862139436768,0.002000528856770529,-0.1552701206018646,-0.012360978752602442,-1.1665851920285358e-05
0.05,0.09,0.017,5,False,4,1,6.812129289838543,0.0020033035901395007,-0.09289236102903976,0.016880776003623355,9.62967904661724e-05
0.05,0.09,0.017,5,False,6,3,5.4008158856151285,0.0020004430288380836,-0.15613325677885678,0.006232552533625912,1.2029912233738875e-05
0.05,0.09,0.017,5,True,6,7,1.138460100200978,0.0020125609953211407,-0.02914198028928933,-0.012982819932634806,-7.256649839892226e-06
0.05,0.09,0.017,5,False,6,1,16.993241725838253,0.002018403880228532,-0.0021633942353912867,-0.002607853783021431,7.026504146923471e-05
0.05,0.09,0.017,5,False,6,0,8.427364592476428,0.002003193353575857,-0.09844417777080607,-0.027468616351584606,8.875593908556032e-05
0.05,0.09,0.017,5,False,6,4,17.967207805968577,0.0020109959549215167,-0.04053062231318946,0.029888636324449123,0.00011443968476065223
0.05,0.09,0.017,5,False,7,1,14.955437316846432,0.0020058963800959895,-0.0769097105472674,0.03672905210496462,-3.819377332203223e-05
0.05,0.09,0.017,5,False,7,0,39.19827923495708,0.002001389132262013,-0.18387123220580762,-0.008763409980177952,-4.7792539143048164e-05
0.05,0.09,0.017,5,True,7,8,1.2236081868156847,0.0020164994530295893,-0.02022649097837415,-0.05207005756555006,4.25689458072733e-06
0.05,0.09,0.017,5,False,7,4,27.40979388627345,0.0020004210297893156,-0.14906467273799487,0.006993001344657939,2.353303876753386e-05
0.05,0.09,0.017,5,False,8,1,14.210268651006729,0.002003030108647017,-0.1850278418300895,-0.04458212385310231,-2.9547952031134005e-05
0.05,0.09,0.017,5,False,0,8,8.244948241358882,0.002021040362565811,0.007429235172161665,0.016627861163745764,-6.738224893768566e-05
0.05,0.09,0.017,5,True,0,1,0.754664004080064,0.002024164807281792,0.016101389873282374,-0.03550556987797565,8.878600866722999e-06
0.05,0.09,0.017,5,False,0,3,3.478765998074425,0.002001165608533185,-0.16145565178317844,0.028665275273084448,-7.1315692373825e-06
0.05,0.09,0.017,5,False,0,7,36.28061929503179,0.00200388520429845,-0.09027010165667343,-0.02615450816858744,-0.0002920788481045029
0.05,0.09,0.017,5,False,0,2,16.543078380689884,0.002018885164834631,-0.00032167783964250405,-0.006530396881970471,-7.353994914254046e-05
0.05,0.09,0.017,5,False,0,4,10.167417682936989,0.0020052613087922226,-0.07305261751116618,8.058451636242133e-05,-0.00016908268066184918
0.05,0.09,0.017,5,False,0,6,4.963419802571268,0.002000592108992145,-0.16139835154157986,0.011285797852947338,3.675323565431876e-05
0.05,0.09,0.017,5,False,1,8,75.84979737726917,0.0020017397552970387,-0.11161583706719926,-0.01326853783914174,0.0002504045755274645
0.05,0.09,0.017,5,True,1,2,1.9120355375182008,0.0020146753935767403,-0.01964776099409757,0.018660457027644423,-3.8972190078361144e-05
0.05,0.09,0.017,5,False,1,7,30.14884488757981,0.0020011277739679354,-0.15754111556333925,-0.029158590006467252,5.319431435625497e-05
0.05,0.09,0.017,5,False,1,4,60.964359456647784,0.002000511896922063,-0.16215341158804847,0.0035060313712609137,-0.00042027117086462063
0.05,0.09,0.017,5,True,3,4,1.0835435749345472,0.0020115955361728185,-0.03705642682014212,-0.029118529571671093,2.7613040137493848e-05
0.05,0.09,0.017,5,False,3,6,13.685920537106227,0.0020024967733641118,-0.19968173712484644,0.009965981396228714,0.00014208102547553462
0.05,0.09,0.017,5,False,3,7,21.818907127538765,0.0020066221872768984,-0.09096787117387409,-0.06392810496014965,-4.729326638386249e-06
0.05,0.09,0.017,5,False,3,0,20.588092429023213,0.0020036159881230034,-0.0914584366612503,-0.02231724548772553,0.0002339956186636514
0.05,0.09,0.017,5,False,3,1,12.987183633054368,0.0020182074757656033,-0.004720589906233653,-0.022763789926868522,0.0001849738684309536
0.05,0.09,0.017,5,False,3,5,13.818004187702831,0.002028795631245429,0.034136495862531716,0.023688031553194523,6.999762012742059e-06
0.05,0.09,0.017,5,True,4,5,0.8152714475069855,0.002011781547716025,-0.03348933537360295,-0.01596970533138319,1.0629554895639575e-05
0.05,0.09,0.017,5,False,4,6,54.17891950779758,0.002001627276474023,-0.1859621878231924,-0.014816791209751878,-3.1050397922270644e-05
0.05,0.09,0.017,5,False,4,7,19.76862139436768,0.002000528856770529,-0.1552701206018646,-0.012360978752602442,-1.1665851920285358e-05
0.05,0.09,0.017,5,False,4,1,6.812129289838543,0.0020033035901395007,-0.09289236102903976,0.016880776003623355,9.62967904661724e-05
0.05,0.09,0.017,5,False,4,0,58.4203692063535,0.002002150226634393,-0.18705094854131019,0.027826821315582836,0.0002655062771574833
0.05,0.09,0.017,5,False,6,3,11.411479810195983,0.002002126286527004,-0.11215469206244112,-0.0261904256085545,-3.4934561951149975e-05
0.05,0.09,0.017,5,True,6,7,1.137344040032279,0.0020271555087004517,0.029420555890864755,0.01691796753146312,2.403488655041438e-05
0.05,0.09,0.017,5,False,6,1,16.993241725838253,0.002018403880228532,-0.0021633942353912867,-0.002607853783021431,7.026504146923471e-05
0.05,0.09,0.017,5,False,6,0,8.427364592476428,0.002003193353575857,-0.09844417777080607,-0.027468616351584606,8.875593908556032e-05
0.05,0.09,0.017,5,False,6,4,17.967207805968577,0.0020109959549215167,-0.04053062231318946,0.029888636324449123,0.00011443968476065223
0.05,0.09,0.017,5,False,7,1,14.955437316846432,0.0020058963800959895,-0.0769097105472674,0.03672905210496462,-3.819377332203223e-05
0.05,0.09,0.017,5,False,7,0,39.19827923495708,0.002001389132262013,-0.18387123220580762,-0.008763409980177952,-4.7792539143048164e-05
0.05,0.09,0.017,5,True,7,8,1.226778967177869,0.0020106170272514347,-0.04683529041179799,-0.04212217641439246,1.441826761261672e-06
0.05,0.09,0.017,5,False,7,4,27.40979388627345,0.0020004210297893156,-0.14906467273799487,0.006993001344657939,2.353303876753386e-05
0.05,0.09,0.017,5,False,8,1,14.210268651006729,0.002003030108647017,-0.1850278418300895,-0.04458212385310231,-2.9547952031134005e-05
0.05,0.09,0.017,5,False,0,8,8.244948241358882,0.002021040362565811,0.007429235172161665,0.016627861163745764,-6.738224893768566e-05
0.05,0.09,0.017,5,True,0,1,0.9496435935288078,0.0020088183974886196,-0.05010504263985528,0.016017055909345677,4.028287576039151e-05
0.05,0.09,0.017,5,False,0,3,3.478765998074425,0.002001165608533185,-0.16145565178317844,0.028665275273084448,-7.1315692373825e-06
0.05,0.09,0.017,5,False,0,7,36.28061929503179,0.00200388520429845,-0.09027010165667343,-0.02615450816858744,-0.0002920788481045029
0.05,0.09,0.017,5,False,0,2,16.543078380689884,0.002018885164834631,-0.00032167783964250405,-0.006530396881970471,-7.353994914254046e-05
0.05,0.09,0.017,5,False,0,4,10.167417682936989,0.0020052613087922226,-0.07305261751116618,8.058451636242133e-05,-0.00016908268066184918
0.05,0.09,0.017,5,False,0,6,4.963419802571268,0.002000592108992145,-0.16139835154157986,0.011285797852947338,3.675323565431876e-05
0.05,0.09,0.017,5,False,1,8,75.84979737726917,0.0020017397552970387,-0.11161583706719926,-0.01326853783914174,0.0002504045755274645
0.05,0.09,0.017,5,True,1,2,1.9120355375182008,0.0020146753935767403,-0.01964776099409757,0.018660457027644423,-3.8972190078361144e-05
0.05,0.09,0.017,5,False,1,7,30.14884488757981,0.0020011277739679354,-0.15754111556333925,-0.029158590006467252,5.319431435625497e-05
0.05,0.09,0.017,5,False,1,4,60.964359456647784,0.002000511896922063,-0.16215341158804847,0.0035060313712609137,-0.00042027117086462063
0.05,0.09,0.017,5,True,3,4,1.0835435749345472,0.0020115955361728185,-0.03705642682014212,-0.029118529571671093,2.7613040137493848e-05
0.05,0.09,0.017,5,False,3,6,13.685920537106227,0.0020024967733641118,-0.19968173712484644,0.009965981396228714,0.00014208102547553462
0.05,0.09,0.017,5,False,3,7,21.818907127538765,0.0020066221872768984,-0.09096787117387409,-0.06392810496014965,-4.729326638386249e-06
0.05,0.09,0.017,5,False,3,0,20.588092429023213,0.0020036159881230034,-0.0914584366612503,-0.02231724548772553,0.0002339956186636514
0.05,0.09,0.017,5,False,3,1,12.987183633054368,0.0020182074757656033,-0.004720589906233653,-0.022763789926868522,0.0001849738684309536
0.05,0.09,0.017,5,False,3,5,13.818004187702831,0.002028795631245429,0.034136495862531716,0.023688031553194523,6.999762012742059e-06
0.05,0.09,0.017,5,True,4,5,0.8152714475069855,0.002011781547716025,-0.03348933537360295,-0.01596970533138319,1.0629554895639575e-05
0.05,0.09,0.017,5,False,4,6,54.17891950779758,0.002001627276474023,-0.1859621878231924,-0.014816791209751878,-3.1050397922270644e-05
0.05,0.09,0.017,5,False,4,7,19.76862139436768,0.002000528856770529,-0.1552701206018646,-0.012360978752602442,-1.1665851920285358e-05
0.05,0.09,0.017,5,False,4,1,6.812129289838543,0.0020033035901395007,-0.09289236102903976,0.016880776003623355,9.62967904661724e-05
0.05,0.09,0.017,5,False,4,0,58.4203692063535,0.002002150226634393,-0.18705094854131019,0.027826821315582836,0.0002655062771574833
0.05,0.09,0.017,5,False,6,3,12.090667001179055,0.0020008213555245723,-0.14815688603364227,-0.02306435291571081,-0.00013377254866974738
0.05,0.09,0.017,5,True,6,7,1.1197556540349525,0.0020232925602627254,0.01304137166008271,0.03478239342206148,2.350088815482019e-05
0.05,0.09,0.017,5,False,6,1,16.993241725838253,0.002018403880228532,-0.0021633942353912867,-0.002607853783021431,7.026504146923471e-05
0.05,0.09,0.017,5,False,6,0,8.427364592476428,0.002003193353575857,-0.09844417777080607,-0.027468616351584606,8.875593908556032e-05
0.05,0.09,0.017,5,False,6,4,17.967207805968577,0.0020109959549215167,-0.04053062231318946,0.029888636324449123,0.00011443968476065223
0.05,0.09,0.017,5,False,7,1,14.955437316846432,0.0020058963800959895,-0.0769097105472674,0.03672905210496462,-3.819377332203223e-05
0.05,0.09,0.017,5,False,7,0,39.19827923495708,0.002001389132262013,-0.18387123220580762,-0.008763409980177952,-4.7792539143048164e-05
0.05,0.09,0.017,5,True,7,8,1.226778967177869,0.0020106170272514347,-0.04683529041179799,-0.04212217641439246,1.441826761261672e-06
0.05,0.09,0.017,5,False,7,4,27.40979388627345,0.0020004210297893156,-0.14906467273799487,0.006993001344657939,2.353303876753386e-05
0.05,0.09,0.017,5,False,8,1,14.210268651006729,0.002003030108647017,-0.1850278418300895,-0.04458212385310231,-2.9547952031134005e-05
0.05,0.09,0.017,5,False,0,8,8.244948241358882,0.002021040362565811,0.007429235172161665,0.016627861163745764,-6.738224893768566e-05
0.05,0.09,0.017,5,True,0,1,0.9263860142829357,0.0020096845136425307,-0.04382695591971559,-0.0036616357635710028,2.532274908782526e-05
0.05,0.09,0.017,5,False,0,3,3.478765998074425,0.002001165608533185,-0.16145565178317844,0.028665275273084448,-7.1315692373825e-06
0.05,0.09,0.017,5,False,0,7,36.28061929503179,0.00200388520429845,-0.09027010165667343,-0.02615450816858744,-0.0002920788481045029
0.05,0.09,0.017,5,False,0,2,16.543078380689884,0.002018885164834631,-0.00032167783964250405,-0.006530396881970471,-7.353994914254046e-05
0.05,0.09,0.017,5,False,0,4,10.167417682936989,0.0020052613087922226,-0.07305261751116618,8.058451636242133e-05,-0.00016908268066184918
0.05,0.09,0.017,5,False,0,6,4.963419802571268,0.002000592108992145,-0.16139835154157986,0.011285797852947338,3.675323565431876e-05
0.05,0.09,0.017,5,False,1,8,75.84979737726917,0.0020017397552970387,-0.11161583706719926,-0.01326853783914174,0.0002504045755274645
0.05,0.09,0.017,5,True,1,2,1.9120355375182008,0.0020146753935767403,-0.01964776099409757,0.018660457027644423,-3.8972190078361144e-05
0.05,0.09,0.017,5,False,1,7,30.14884488757981,0.0020011277739679354,-0.15754111556333925,-0.029158590006467252,5.319431435625497e-05
0.05,0.09,0.017,5,False,1,4,60.964359456647784,0.002000511896922063,-0.16215341158804847,0.0035060313712609137,-0.00042027117086462063
0.05,0.09,0.017,5,True,3,4,1.0835435749345472,0.0020115955361728185,-0.03705642682014212,-0.029118529571671093,2.7613040137493848e-05
0.05,0.09,0.017,5,False,3,6,13.685920537106227,0.0020024967733641118,-0.19968173712484644,0.009965981396228714,0.00014208102547553462
0.05,0.09,0.017,5,False,3,7,21.818907127538765,0.0020066221872768984,-0.09096787117387409,-0.06392810496014965,-4.729326638386249e-06
0.05,0.09,0.017,5,False,3,0,20.588092429023213,0.0020036159881230034,-0.0914584366612503,-0.02231724548772553,0.0002339956186636514
0.05,0.09,0.017,5,False,3,1,12.987183633054368,0.0020182074757656033,-0.004720589906233653,-0.022763789926868522,0.0001849738684309536
0.05,0.09,0.017,5,False,3,5,13.818004187702831,0.002028795631245429,0.034136495862531716,0.023688031553194523,6.999762012742059e-06
0.05,0.09,0.017,5,True,4,5,0.8152714475069855,0.002011781547716025,-0.03348933537360295,-0.01596970533138319,1.0629554895639575e-05
0.05,0.09,0.017,5,False,4,6,54.17891950779758,0.002001627276474023,-0.1859621878231924,-0.014816791209751878,-3.1050397922270644e-05
0.05,0.09,0.017,5,False,4,7,19.76862139436768,0.002000528856770529,-0.1552701206018646,-0.012360978752602442,-1.1665851920285358e-05
0.05,0.09,0.017,5,False,4,1,6.812129289838543,0.0020033035901395007,-0.09289236102903976,0.016880776003623355,9.62967904661724e-05
0.05,0.09,0.017,5,False,4,0,58.4203692063535,0.002002150226634393,-0.18705094854131019,0.027826821315582836,0.0002655062771574833
0.05,0.09,0.017,5,False,5,4,22.28081510291548,0.0020054162927400938,-0.22806126903755466,0.0039521910002493586,-5.0287771998935e-05
0.05,0.09,0.017,5,False,6,3,12.090667001179055,0.0020008213555245723,-0.14815688603364227,-0.02306435291571081,-0.00013377254866974738
0.05,0.09,0.017,5,True,6,7,1.1197556540349525,0.0020232925602627254,0.01304137166008271,0.03478239342206148,2.350088815482019e-05
0.05,0.09,0.017,5,False,6,1,16.993241725838253,0.002018403880228532,-0.0021633942353912867,-0.002607853783021431,7.026504146923471e-05
0.05,0.09,0.017,5,False,6,0,8.427364592476428,0.002003193353575857,-0.09844417777080607,-0.027468616351584606,8.875593908556032e-05
0.05,0.09,0.017,5,False,6,4,17.967207805968577,0.0020109959549215167,-0.04053062231318946,0.029888636324449123,0.00011443968476065223
0.05,0.09,0.017,5,False,7,1,14.955437316846432,0.0020058963800959895,-0.0769097105472674,0.03672905210496462,-3.819377332203223e-05
0.05,0.09,0.017,5,False,7,3,46.568297089137815,0.002002371755494411,-0.1801369284250876,0.03882924953570728,-0.00022045377522002916
0.05,0.09,0.017,5,False,7,0,39.19827923495708,0.002001389132262013,-0.18387123220580762,-0.008763409980177952,-4.7792539143048164e-05
0.05,0.09,0.017,5,False,7,6,46.73583312378009,0.002001727293615835,-0.18925112888130316,-0.009637582949753616,-0.00024179803291130564
0.05,0.09,0.017,5,True,7,8,1.226778967177869,0.0020106170272514347,-0.04683529041179799,-0.04212217641439246,1.441826761261672e-06
0.05,0.09,0.017,5,False,7,4,27.40979388627345,0.0020004210297893156,-0.14906467273799487,0.006993001344657939,2.353303876753386e-05
0.05,0.09,0.017,5,False,8,1,14.210268651006729,0.002003030108647017,-0.1850278418300895,-0.04458212385310231,-2.9547952031134005e-05
0.05,0.09,0.017,5,False,0,8,8.244948241358882,0.002021040362565811,0.007429235172161665,0.016627861163745764,-6.738224893768566e-05
0.05,0.09,0.017,5,True,0,1,0.9263860142829357,0.0020096845136425307,-0.04382695591971559,-0.0036616357635710028,2.532274908782526e-05
0.05,0.09,0.017,5,False,0,3,3.478765998074425,0.002001165608533185,-0.16145565178317844,0.028665275273084448,-7.1315692373825e-06
0.05,0.09,0.017,5,False,0,7,36.28061929503179,0.00200388520429845,-0.09027010165667343,-0.02615450816858744,-0.0002920788481045029
0.05,0.09,0.017,5,False,0,2,16.543078380689884,0.002018885164834631,-0.00032167783964250405,-0.006530396881970471,-7.353994914254046e-05
0.05,0.09,0.017,5,False,0,4,10.167417682936989,0.0020052613087922226,-0.07305261751116618,8.058451636242133e-05,-0.00016908268066184918
0.05,0.09,0.017,5,False,0,6,4.963419802571268,0.002000592108992145,-0.16139835154157986,0.011285797852947338,3.675323565431876e-05
0.05,0.09,0.017,5,False,1,8,75.84979737726917,0.0020017397552970387,-0.11161583706719926,-0.01326853783914174,0.0002504045755274645
0.05,0.09,0.017,5,True,1,2,1.9120355375182008,0.0020146753935767403,-0.01964776099409757,0.018660457027644423,-3.8972190078361144e-05
0.05,0.09,0.017,5,False,1,7,30.14884488757981,0.0020011277739679354,-0.15754111556333925,-0.029158590006467252,5.319431435625497e-05
0.05,0.09,0.017,5,False,1,4,60.964359456647784,0.002000511896922063,-0.16215341158804847,0.0035060313712609137,-0.00042027117086462063
0.05,0.09,0.017,5,True,3,4,1.0835435749345472,0.0020115955361728185,-0.03705642682014212,-0.029118529571671093,2.7613040137493848e-05
0.05,0.09,0.017,5,False,3,6,17.984993718448443,0.002007556901559045,-0.06468110180898089,-0.03776154131194259,0.00019969948950656084
0.05,0.09,0.017,5,False,3,7,21.818907127538765,0.0020066221872768984,-0.09096787117387409,-0.06392810496014965,-4.729326638386249e-06
0.05,0.09,0.017,5,False,3,0,20.588092429023213,0.0020036159881230034,-0.0914584366612503,-0.02231724548772553,0.0002339956186636514
0.05,0.09,0.017,5,False,3,1,15.351167219930739,0.002017338891786743,-0.006841633026415355,-0.008743183342882276,0.00020638796942158884
0.05,0.09,0.017,5,False,3,5,13.818004187702831,0.002028795631245429,0.034136495862531716,0.023688031553194523,6.999762012742059e-06
0.05,0.09,0.017,5,True,4,5,0.8058594639212832,0.002015974445962842,-0.012469586543911752,0.0010102681142138887,1.0649028523501253e-05
0.05,0.09,0.017,5,False,4,6,54.39921693250007,0.0020010976493602707,-0.17875805496458683,-0.006592290656244534,-2.8915560945552432e-05
0.05,0.09,0.017,5,False,4,7,19.76862139436768,0.002000528856770529,-0.1552701206018646,-0.012360978752602442,-1.1665851920285358e-05
0.05,0.09,0.017,5,False,4,1,6.812129289838543,0.0020033035901395007,-0.09289236102903976,0.016880776003623355,9.62967904661724e-05
0.05,0.09,0.017,5,False,4,0,58.4203692063535,0.002002150226634393,-0.18705094854131019,0.027826821315582836,0.0002655062771574833
0.05,0.09,0.017,5,False,5,4,22.28081510291548,0.0020054162927400938,-0.22806126903755466,0.0039521910002493586,-5.0287771998935e-05
0.05,0.09,0.017,5,False,6,3,12.090667001179055,0.0020008213555245723,-0.14815688603364227,-0.02306435291571081,-0.00013377254866974738
0.05,0.09,0.017,5,True,6,7,1.1197556540349525,0.0020232925602627254,0.01304137166008271,0.03478239342206148,2.350088815482019e-05
0.05,0.09,0.017,5,False,6,1,16.993241725838253,0.002018403880228532,-0.0021633942353912867,-0.002607853783021431,7.026504146923471e-05
0.05,0.09,0.017,5,False,6,0,8.427364592476428,0.002003193353575857,-0.09844417777080607,-0.027468616351584606,8.875593908556032e-05
0.05,0.09,0.017,5,False,6,4,34.903647553124785,0.0020054416677498825,-0.074289137200604,0.020186306183796292,-0.00019857101830026214
0.05,0.09,0.017,5,False,7,1,14.955437316846432,0.0020058963800959895,-0.0769097105472674,0.03672905210496462,-3.819377332203223e-05
0.05,0.09,0.017,5,False,7,3,46.568297089137815,0.002002371755494411,-0.1801369284250876,0.03882924953570728,-0.00022045377522002916
0.05,0.09,0.017,5,False,7,0,39.19827923495708,0.002001389132262013,-0.18387123220580762,-0.008763409980177952,-4.7792539143048164e-05
0.05,0.09,0.017,5,False,7,6,46.73583312378009,0.002001727293615835,-0.18925112888130316,-0.009637582949753616,-0.00024179803291130564
0.05,0.09,0.017,5,True,7,8,1.226778967177869,0.0020106170272514347,-0.04683529041179799,-0.04212217641439246,1.441826761261672e-06
0.05,0.09,0.017,5,False,7,4,27.40979388627345,0.0020004210297893156,-0.14906467273799487,0.006993001344657939,2.353303876753386e-05
0.05,0.09,0.017,5,False,8,1,14.210268651006729,0.002003030108647017,-0.1850278418300895,-0.04458212385310231,-2.9547952031134005e-05
0.05,0.09,0.017,5,False,0,8,8.244948241358882,0.002021040362565811,0.007429235172161665,0.016627861163745764,-6.738224893768566e-05
0.05,0.09,0.017,5,True,0,1,0.9263860142829357,0.0020096845136425307,-0.04382695591971559,-0.0036616357635710028,2.532274908782526e-05
0.05,0.09,0.017,5,False,0,3,3.478765998074425,0.002001165608533185,-0.16145565178317844,0.028665275273084448,-7.1315692373825e-06
0.05,0.09,0.017,5,False,0,7,36.28061929503179,0.00200388520429845,-0.09027010165667343,-0.02615450816858744,-0.0002920788481045029
0.05,0.09,0.017,5,False,0,2,16.543078380689884,0.002018885164834631,-0.00032167783964250405,-0.006530396881970471,-7.353994914254046e-05
0.05,0.09,0.017,5,False,0,4,10.167417682936989,0.0020052613087922226,-0.07305261751116618,8.058451636242133e-05,-0.00016908268066184918
0.05,0.09,0.017,5,False,0,6,4.963419802571268,0.002000592108992145,-0.16139835154157986,0.011285797852947338,3.675323565431876e-05
0.05,0.09,0.017,5,False,1,8,75.84979737726917,0.0020017397552970387,-0.11161583706719926,-0.01326853783914174,0.0002504045755274645
0.05,0.09,0.017,5,True,1,2,0.4605467039909235,0.002010560217811669,-0.03896958113460528,0.00453582354666852,-2.260338071352298e-06
0.05,0.09,0.017,5,False,1,7,30.14884488757981,0.0020011277739679354,-0.15754111556333925,-0.029158590006467252,5.319431435625497e-05
0.05,0.09,0.017,5,False,1,4,60.964359456647784,0.002000511896922063,-0.16215341158804847,0.0035060313712609137,-0.00042027117086462063
0.05,0.09,0.017,5,True,3,4,1.0835435749345472,0.0020115955361728185,-0.03705642682014212,-0.029118529571671093,2.7613040137493848e-05
0.05,0.09,0.017,5,False,3,6,10.50862306577638,0.0020013779064137066,-0.1172986699143465,-0.011876913872922048,0.00013002220158178418
0.05,0.09,0.017,5,False,3,7,21.818907127538765,0.0020066221872768984,-0.09096787117387409,-0.06392810496014965,-4.729326638386249e-06
0.05,0.09,0.017,5,False,3,0,20.588092429023213,0.0020036159881230034,-0.0914584366612503,-0.02231724548772553,0.0002339956186636514
0.05,0.09,0.017,5,False,3,1,18.028039409551184,0.0020115997250294113,-0.03356991700651358,-0.007299712102434645,0.00023001655989758109
0.05,0.09,0.017,5,False,3,5,10.753752739149787,0.002031179533179033,0.0431407680718267,-0.007454861136523777,-2.2486738586673346e-05
0.05,0.09,0.017,5,True,4,5,0.8058594639212832,0.002015974445962842,-0.012469586543911752,0.0010102681142138887,1.0649028523501253e-05
0.05,0.09,0.017,5,False,4,6,54.39921693250007,0.0020010976493602707,-0.17875805496458683,-0.006592290656244534,-2.8915560945552432e-05
0.05,0.09,0.017,5,False,4,7,19.76862139436768,0.002000528856770529,-0.1552701206018646,-0.012360978752602442,-1.1665851920285358e-05
0.05,0.09,0.017,5,False,4,1,6.812129289838543,0.0020033035901395007,-0.09289236102903976,0.016880776003623355,9.62967904661724e-05
0.05,0.09,0.017,5,False,4,0,53.1645184203433,0.002002125357616113,-0.19170780331065426,0.019430337887993594,0.00030792980704138985
0.05,0.09,0.017,5,False,5,4,22.28081510291548,0.0020054162927400938,-0.22806126903755466,0.0039521910002493586,-5.0287771998935e-05
0.05,0.09,0.017,5,False,6,3,12.090667001179055,0.0020008213555245723,-0.14815688603364227,-0.02306435291571081,-0.00013377254866974738
0.05,0.09,0.017,5,True,6,7,1.1197556540349525,0.0020232925602627254,0.01304137166008271,0.03478239342206148,2.350088815482019e-05
0.05,0.09,0.017,5,False,6,1,16.993241725838253,0.002018403880228532,-0.0021633942353912867,-0.002607853783021431,7.026504146923471e-05
0.05,0.09,0.017,5,False,6,0,8.427364592476428,0.002003193353575857,-0.09844417777080607,-0.027468616351584606,8.875593908556032e-05
0.05,0.09,0.017,5,False,6,4,34.903647553124785,0.0020054416677498825,-0.074289137200604,0.020186306183796292,-0.00019857101830026214
0.05,0.09,0.017,5,False,7,1,14.955437316846432,0.0020058963800959895,-0.0769097105472674,0.03672905210496462,-3.819377332203223e-05
0.05,0.09,0.017,5,False,7,3,37.09015911197564,0.0020011605214292003,-0.15550113642839355,0.03027379153322993,-0.0001802787333539482
0.05,0.09,0.017,5,False,7,0,39.19827923495708,0.002001389132262013,-0.18387123220580762,-0.008763409980177952,-4.7792539143048164e-05
0.05,0.09,0.017,5,False,7,6,40.950506950715216,0.0020027538422586386,-0.20362964170493927,0.0018089939550001881,-0.00021755407643978965
0.05,0.09,0.017,5,True,7,8,1.226778967177869,0.0020106170272514347,-0.04683529041179799,-0.04212217641439246,1.441826761261672e-06
0.05,0.09,0.017,5,False,7,4,27.40979388627345,0.0020004210297893156,-0.14906467273799487,0.006993001344657939,2.353303876753386e-05
0.05,0.09,0.017,5,False,8,1,14.210268651006729,0.002003030108647017,-0.1850278418300895,-0.04458212385310231,-2.9547952031134005e-05
0.05,0.09,0.017,5,False,8,2,7.432500997657533,0.0020033677063455357,-0.095587851454428,-0.025754846648030443,5.152082700837406e-05
0.05,0.09,0.017,5,False,0,8,8.244948241358882,0.002021040362565811,0.007429235172161665,0.016627861163745764,-6.738224893768566e-05
0.05,0.09,0.017,5,True,0,1,0.9263860142829357,0.0020096845136425307,-0.04382695591971559,-0.0036616357635710028,2.532274908782526e-05
0.05,0.09,0.017,5,False,0,3,9.506596210750953,0.002001096954288406,-0.1488026092077449,0.029465589940294037,-0.00013540084545032817
0.05,0.09,0.017,5,False,0,7,15.426115544082865,0.0020092301880299387,-0.04647511230275597,0.004209873963083631,0.000137367740642394
0.05,0.09,0.017,5,False,0,2,16.543078380689884,0.002018885164834631,-0.00032167783964250405,-0.006530396881970471,-7.353994914254046e-05
0.05,0.09,0.017,5,False,0,4,10.167417682936989,0.0020052613087922226,-0.07305261751116618,8.058451636242133e-05,-0.00016908268066184918
0.05,0.09,0.017,5,False,0,6,4.963419802571268,0.002000592108992145,-0.16139835154157986,0.011285797852947338,3.675323565431876e-05
0.05,0.09,0.017,5,False,1,8,17.03487170127502,0.002010720221608085,-0.03860252173955053,0.011535714353560479,7.33043973535352e-05
0.05,0.09,0.017,5,True,1,2,0.535103346204473,0.0020120972724222306,-0.03389278853048952,-0.027052679862826487,-1.3791522970666354e-05
0.05,0.09,0.017,5,False,1,7,16.683743257413788,0.0020023304158117297,-0.1361446905320232,-0.04662444368077826,-3.9647741571188835e-06
0.05,0.09,0.017,5,False,1,4,60.964359456647784,0.002000511896922063,-0.16215341158804847,0.0035060313712609137,-0.00042027117086462063
0.05,0.09,0.017,5,True,3,4,1.0835435749345472,0.0020115955361728185,-0.03705642682014212,-0.029118529571671093,2.7613040137493848e-05
0.05,0.09,0.017,5,False,3,6,10.50862306577638,0.0020013779064137066,-0.1172986699143465,-0.011876913872922048,0.00013002220158178418
0.05,0.09,0.017,5,False,3,7,52.14009684601659,0.002007242719475069,-0.07058211381800458,0.04490944824978002,0.0003400880284245333
0.05,0.09,0.017,5,False,3,0,4.773979559313047,0.002001115371501192,-0.14008792438631726,-0.02817348069803813,6.90513272158062e-05
0.05,0.09,0.017,5,False,3,1,18.028039409551184,0.0020115997250294113,-0.03356991700651358,-0.007299712102434645,0.00023001655989758109
0.05,0.09,0.017,5,False,3,5,10.753752739149787,0.002031179533179033,0.0431407680718267,-0.007454861136523777,-2.2486738586673346e-05
0.05,0.09,0.017,5,True,4,5,0.8058594639212832,0.002015974445962842,-0.012469586543911752,0.0010102681142138887,1.0649028523501253e-05
0.05,0.09,0.017,5,False,4,6,54.39921693250007,0.0020010976493602707,-0.17875805496458683,-0.006592290656244534,-2.8915560945552432e-05
0.05,0.09,0.017,5,False,4,2,31.807439481928355,0.0020108027531762253,-0.041064343453308,0.027844867422374877,9.64379825165065e-05
0.05,0.09,0.017,5,False,4,7,19.76862139436768,0.002000528856770529,-0.1552701206018646,-0.012360978752602442,-1.1665851920285358e-05
0.05,0.09,0.017,5,False,4,8,21.749135911229224,0.0020083039143280424,-0.05242181614039294,-0.009487925404466304,0.00014626732191469312
0.05,0.09,0.017,5,False,4,1,6.812129289838543,0.0020033035901395007,-0.09289236102903976,0.016880776003623355,9.62967904661724e-05
0.05,0.09,0.017,5,False,4,0,53.1645184203433,0.002002125357616113,-0.19170780331065426,0.019430337887993594,0.00030792980704138985
0.05,0.09,0.017,5,False,5,4,22.28081510291548,0.0020054162927400938,-0.22806126903755466,0.0039521910002493586,-5.0287771998935e-05
0.05,0.09,0.017,5,False,6,3,12.090667001179055,0.0020008213555245723,-0.14815688603364227,-0.02306435291571081,-0.00013377254866974738
0.05,0.09,0.017,5,True,6,7,1.1197556540349525,0.0020232925602627254,0.01304137166008271,0.03478239342206148,2.350088815482019e-05
0.05,0.09,0.017,5,False,6,1,16.993241725838253,0.002018403880228532,-0.0021633942353912867,-0.002607853783021431,7.026504146923471e-05
0.05,0.09,0.017,5,False,6,0,29.201043476521885,0.0020006401385354875,-0.13707498952334843,0.012185948330694987,-0.0002878002219701054
0.05,0.09,0.017,5,False,6,4,37.40304567285485,0.0020114502881190097,-0.03413172012454785,0.0016525991348442946,-0.0002675847885491373
0.05,0.09,0.017,5,False,7,1,14.955437316846432,0.0020058963800959895,-0.0769097105472674,0.03672905210496462,-3.819377332203223e-05
0.05,0.09,0.017,5,False,7,3,37.09015911197564,0.0020011605214292003,-0.15550113642839355,0.03027379153322993,-0.0001802787333539482
0.05,0.09,0.017,5,False,7,0,39.19827923495708,0.002001389132262013,-0.18387123220580762,-0.008763409980177952,-4.7792539143048164e-05
0.05,0.09,0.017,5,False,7,6,40.950506950715216,0.0020027538422586386,-0.20362964170493927,0.0018089939550001881,-0.00021755407643978965
0.05,0.09,0.017,5,True,7,8,1.226778967177869,0.0020106170272514347,-0.04683529041179799,-0.04212217641439246,1.441826761261672e-06
0.05,0.09,0.017,5,False,7,2,33.57038076848736,0.002008848586018862,-0.0532988639372967,-0.030350343270020348,-0.0002401733963700751
0.05,0.09,0.017,5,False,7,4,27.40979388627345,0.0020004210297893156,-0.14906467273799487,0.006993001344657939,2.353303876753386e-05
0.05,0.09,0.017,5,False,8,1,14.210268651006729,0.002003030108647017,-0.1850278418300895,-0.04458212385310231,-2.9547952031134005e-05
0.05,0.09,0.017,5,False,8,2,10.17891704354446,0.002005465217778166,-0.08180605747253536,-0.03895921718646074,0.0001307399340035284
0.05,0.09,0.009,5,False,0,3,22.19868784272078,0.0020015253587894115,-0.15854702119149147,0.036518280141346025,-0.00024061343136874314
0.05,0.09,0.009,5,False,0,6,21.14696583955208,0.002001626872320434,-0.17746737094563775,-0.02787214636951544,-0.00024307113987054636
0.05,0.09,0.009,5,True,1,2,1.1647827296127315,0.002007905134361129,-0.058213429922013844,-0.028581631954416695,-2.8407505895341183e-05
0.05,0.09,0.009,5,False,3,1,4.531106337437793,0.0020224308948734795,0.010230560451865458,-0.03751064258504042,6.786811457520639e-05
0.05,0.09,0.009,5,True,3,4,1.5008015408610145,0.0020147614954981958,-0.019782437759895577,-0.026559679797588,4.6615159854778563e-07
0.05,0.09,0.009,5,False,4,2,7.400608886518877,0.002011395159372642,-0.03414253833398951,-0.010239202171009671,9.791096070259078e-06
0.05,0.09,0.009,5,False,5,2,5.8011193266102214,0.0020010986236839324,-0.1321384306857702,0.023738631241293776,-0.00010813393480337958
0.05,0.09,0.009,5,False,6,0,9.108089682046533,0.0020017174938992154,-0.1321253392462945,0.03637439642070227,-8.00311471495412e-05
0.05,0.09,0.009,5,True,7,8,1.1387208493559364,0.002014832042166276,-0.02147442116578369,-0.03506922229972191,-2.256513158205212e-05
0.05,0.09,0.009,5,False,0,3,16.128384183545275,0.002001851360740053,-0.18892498670031796,0.0170834613445419,-0.00018963678123315293
0.05,0.09,0.009,5,False,0,6,21.14696583955208,0.002001626872320434,-0.17746737094563775,-0.02787214636951544,-0.00024307113987054636
0.05,0.09,0.009,5,True,1,2,1.1647827296127315,0.002007905134361129,-0.058213429922013844,-0.028581631954416695,-2.8407505895341183e-05
0.05,0.09,0.009,5,False,1,4,10.177726483988968,0.0020007798158662043,-0.164552630613109,0.016710706390216264,-0.00013068019298703945
0.05,0.09,0.009,5,False,1,7,38.96662883502306,0.002002197638259667,-0.14245388163087058,-0.04664062721543895,-0.00031425482807216116
0.05,0.09,0.009,5,False,3,1,1.6184544101888938,0.0020164376076260574,-0.01679926104969448,-0.04447524232718521,3.3378388991200577e-05
0.05,0.09,0.009,5,True,3,4,1.3689902068089104,0.002010497680064678,-0.040142279377040235,-0.018891538281902456,1.0021616179636751e-05
0.05,0.09,0.009,5,False,3,0,11.617441853203239,0.0020019289474658675,-0.10910376378213929,-0.015158520971624099,-0.0001729357616777015
0.05,0.09,0.009,5,False,4,1,3.8498014031301198,0.0020025366937861835,-0.10061918981437022,0.014498438545885702,4.052808834690518e-05
0.05,0.09,0.009,5,False,4,2,7.400608886518877,0.002011395159372642,-0.03414253833398951,-0.010239202171009671,9.791096070259078e-06
0.05,0.09,0.009,5,False,4,7,9.646657969350933,0.002002247922430392,-0.10994819673326824,-0.026265244654113812,-0.00012866664593312425
0.05,0.09,0.009,5,False,5,2,6.079888519719136,0.002002946452713387,-0.1062260649283211,0.035153005871100505,-8.001836779030896e-05
0.05,0.09,0.009,5,False,6,0,9.108089682046533,0.0020017174938992154,-0.1321253392462945,0.03637439642070227,-8.00311471495412e-05
0.05,0.09,0.009,5,True,7,8,0.9445345687045446,0.0020184818486406924,-0.006430019234532638,-0.04023293744669461,-1.8407139283410785e-05
0.05,0.09,0.009,5,False,7,1,43.3269358265628,0.0020022017259934497,-0.17616706315844471,0.03940251146977557,0.00035440419641730224
0.05,0.09,0.009,5,False,0,3,16.128384183545275,0.002001851360740053,-0.18892498670031796,0.0170834613445419,-0.00018963678123315293
0.05,0.09,0.009,5,False,0,6,15.200727281670556,0.0020025625124864372,-0.19235961630148823,-0.02976633377945888,-0.0001810662075421002
0.05,0.09,0.009,5,False,0,4,0.755491277125476,0.002006948698195024,-0.061444665130248446,-0.015000995447373825,2.480954186635942e-06
0.05,0.09,0.009,5,True,1,2,0.6923992819552216,0.002016644711310707,-0.009522314976754034,-0.015519178684756108,-1.4995823907860929e-05
0.05,0.09,0.009,5,False,1,4,13.16131974045542,0.0020011135592012527,-0.1464449929071408,0.029803732167010565,-0.00017681205735755714
0.05,0.09,0.009,5,False,1,7,52.088966299470904,0.0020028108864365915,-0.14599795708012098,-0.05449206181314964,-0.0003849348893123677
0.05,0.09,0.009,5,False,3,1,1.6184544101888938,0.0020164376076260574,-0.01679926104969448,-0.04447524232718521,3.3378388991200577e-05
0.05,0.09,0.009,5,True,3,4,1.3689902068089104,0.002010497680064678,-0.040142279377040235,-0.018891538281902456,1.0021616179636751e-05
0.05,0.09,0.009,5,False,3,7,11.83441188971631,0.0020119474726207143,-0.03158302640032857,-0.013547158824286474,-0.00011362658022110657
0.05,0.09,0.009,5,False,3,0,8.185189347594992,0.0020010087056442933,-0.12283173193625577,0.0058320513771842235,-0.0001298637199498917
0.05,0.09,0.009,5,False,4,1,6.779584482262176,0.0020017293641796134,-0.11083320126601419,-0.011096675524405788,6.792030917767032e-05
0.05,0.09,0.009,5,False,4,2,7.400608886518877,0.002011395159372642,-0.03414253833398951,-0.010239202171009671,9.791096070259078e-06
0.05,0.09,0.009,5,True,4,5,0.9081611655556641,0.002019468027704082,0.0021398079344887716,0.017194219254151485,1.502589434676637e-05
0.05,0.09,0.009,5,False,4,7,9.411572208457793,0.0020040469523267264,-0.09119761702515182,-0.03233737772608363,-0.0001379038170901548
0.05,0.09,0.009,5,False,5,2,6.079888519719136,0.002002946452713387,-0.1062260649283211,0.035153005871100505,-8.001836779030896e-05
0.05,0.09,0.009,5,False,6,0,7.138005245101462,0.00200255816855439,-0.11960010720306423,0.04184352998911851,2.6683772761976162e-05
0.05,0.09,0.009,5,False,6,3,11.667158308263875,0.0020018566154413665,-0.12911976312993217,0.037113803274281154,2.212574858774989e-05
0.05,0.09,0.009,5,True,6,7,1.304112278498124,0.0020179937278779984,-0.004111921270975481,0.018660958551676373,7.679598782301434e-06
0.05,0.09,0.009,5,True,7,8,0.9445345687045446,0.0020184818486406924,-0.006430019234532638,-0.04023293744669461,-1.8407139283410785e-05
0.05,0.09,0.009,5,False,7,1,32.29207878329235,0.0020028044382570985,-0.17490487524692303,0.04855130397353877,0.0003015590566714612
0.05,0.09,0.009,5,False,0,3,16.128384183545275,0.002001851360740053,-0.18892498670031796,0.0170834613445419,-0.00018963678123315293
0.05,0.09,0.009,5,False,0,6,15.200727281670556,0.0020025625124864372,-0.19235961630148823,-0.02976633377945888,-0.0001810662075421002
0.05,0.09,0.009,5,True,0,1,0.5664524751905653,0.002006495879345402,-0.0640097534404861,-0.010800218292928692,1.5528941988328304e-05
0.05,0.09,0.009,5,False,0,4,0.4747290844446829,0.0020120263804410676,-0.030456353067911657,-0.0035119861973335904,6.565626366659132e-06
0.05,0.09,0.009,5,False,0,7,15.553948849480708,0.002010672940154668,-0.041837914353920445,0.030688865283278154,-0.00021360620187469635
0.05,0.09,0.009,5,True,1,2,0.6923992819552216,0.002016644711310707,-0.009522314976754034,-0.015519178684756108,-1.4995823907860929e-05
0.05,0.09,0.009,5,False,1,4,13.16131974045542,0.0020011135592012527,-0.1464449929071408,0.029803732167010565,-0.00017681205735755714
0.05,0.09,0.009,5,False,1,7,52.088966299470904,0.0020028108864365915,-0.14599795708012098,-0.05449206181314964,-0.0003849348893123677
0.05,0.09,0.009,5,False,3,1,1.6184544101888938,0.0020164376076260574,-0.01679926104969448,-0.04447524232718521,3.3378388991200577e-05
0.05,0.09,0.009,5,True,3,4,1.3689902068089104,0.002010497680064678,-0.040142279377040235,-0.018891538281902456,1.0021616179636751e-05
0.05,0.09,0.009,5,False,3,7,11.83441188971631,0.0020119474726207143,-0.03158302640032857,-0.013547158824286474,-0.00011362658022110657
0.05,0.09,0.009,5,False,3,0,8.185189347594992,0.0020010087056442933,-0.12283173193625577,0.0058320513771842235,-0.0001298637199498917
0.05,0.09,0.009,5,False,3,6,9.350464739172672,0.002001414135735849,-0.1370221787976712,-0.033190699995955635,-0.00010808129585554457
0.05,0.09,0.009,5,False,4,1,6.779584482262176,0.0020017293641796134,-0.11083320126601419,-0.011096675524405788,6.792030917767032e-05
0.05,0.09,0.009,5,False,4,2,7.400608886518877,0.002011395159372642,-0.03414253833398951,-0.010239202171009671,9.791096070259078e-06
0.05,0.09,0.009,5,True,4,5,0.523984070033664,0.0020268697567206633,0.030085587685200702,0.010073041479297757,1.0207008883334288e-05
0.05,0.09,0.009,5,False,4,7,9.411572208457793,0.0020040469523267264,-0.09119761702515182,-0.03233737772608363,-0.0001379038170901548
0.05,0.09,0.009,5,False,5,2,6.079888519719136,0.002002946452713387,-0.1062260649283211,0.035153005871100505,-8.001836779030896e-05
0.05,0.09,0.009,5,False,6,0,7.138005245101462,0.00200255816855439,-0.11960010720306423,0.04184352998911851,2.6683772761976162e-05
0.05,0.09,0.009,5,False,6,3,11.667158308263875,0.0020018566154413665,-0.12911976312993217,0.037113803274281154,2.212574858774989e-05
0.05,0.09,0.009,5,True,6,7,0.9146430867456152,0.0020128919960823856,-0.029771275144915055,0.030185103234287677,3.6898263551783066e-06
0.05,0.09,0.009,5,True,7,8,0.9445345687045446,0.0020184818486406924,-0.006430019234532638,-0.04023293744669461,-1.8407139283410785e-05
0.05,0.09,0.009,5,False,7,4,20.760619940655893,0.002000733583700053,-0.1488539359036493,0.020807110153673255,0.00020731989548189813
0.05,0.09,0.009,5,False,7,1,32.29207878329235,0.0020028044382570985,-0.17490487524692303,0.04855130397353877,0.0003015590566714612
0.05,0.09,0.009,5,False,0,3,16.128384183545275,0.002001851360740053,-0.18892498670031796,0.0170834613445419,-0.00018963678123315293
0.05,0.09,0.009,5,False,0,6,15.200727281670556,0.0020025625124864372,-0.19235961630148823,-0.02976633377945888,-0.0001810662075421002
0.05,0.09,0.009,5,True,0,1,0.6957908340855964,0.002008644922416364,-0.05227896375199674,-0.024511673288224605,1.609171295115929e-05
0.05,0.09,0.009,5,False,0,4,0.4747290844446829,0.0020120263804410676,-0.030456353067911657,-0.0035119861973335904,6.565626366659132e-06
0.05,0.09,0.009,5,False,0,7,15.553948849480708,0.002010672940154668,-0.041837914353920445,0.030688865283278154,-0.00021360620187469635
0.05,0.09,0.009,5,True,1,2,0.6923992819552216,0.002016644711310707,-0.009522314976754034,-0.015519178684756108,-1.4995823907860929e-05
0.05,0.09,0.009,5,False,1,5,4.736277909270184,0.00200544094780549,-0.08444394487776427,-0.04379259584924416,-1.7766553927229612e-05
0.05,0.09,0.009,5,False,1,4,13.16131974045542,0.0020011135592012527,-0.1464449929071408,0.029803732167010565,-0.00017681205735755714
0.05,0.09,0.009,5,False,1,7,52.088966299470904,0.0020028108864365915,-0.14599795708012098,-0.05449206181314964,-0.0003849348893123677
0.05,0.09,0.009,5,False,3,1,1.6184544101888938,0.0020164376076260574,-0.01679926104969448,-0.04447524232718521,3.3378388991200577e-05
0.05,0.09,0.009,5,True,3,4,1.3689902068089104,0.002010497680064678,-0.040142279377040235,-0.018891538281902456,1.0021616179636751e-05
0.05,0.09,0.009,5,False,3,7,11.83441188971631,0.0020119474726207143,-0.03158302640032857,-0.013547158824286474,-0.00011362658022110657
0.05,0.09,0.009,5,False,3,0,8.185189347594992,0.0020010087056442933,-0.12283173193625577,0.0058320513771842235,-0.0001298637199498917
0.05,0.09,0.009,5,False,3,6,9.94600083912117,0.0020018567744582456,-0.12291119952982008,-0.03286096002593988,-2.5420832677204708e-05
0.05,0.09,0.009,5,False,4,1,6.779584482262176,0.0020017293641796134,-0.11083320126601419,-0.011096675524405788,6.792030917767032e-05
0.05,0.09,0.009,5,False,4,2,7.400608886518877,0.002011395159372642,-0.03414253833398951,-0.010239202171009671,9.791096070259078e-06
0.05,0.09,0.009,5,True,4,5,0.523984070033664,0.0020268697567206633,0.030085587685200702,0.010073041479297757,1.0207008883334288e-05
0.05,0.09,0.009,5,False,4,7,9.411572208457793,0.0020040469523267264,-0.09119761702515182,-0.03233737772608363,-0.0001379038170901548
0.05,0.09,0.009,5,False,5,2,6.079888519719136,0.002002946452713387,-0.1062260649283211,0.035153005871100505,-8.001836779030896e-05
0.05,0.09,0.009,5,False,6,0,7.138005245101462,0.00200255816855439,-0.11960010720306423,0.04184352998911851,2.6683772761976162e-05
0.05,0.09,0.009,5,False,6,3,14.021720770070257,0.0020010507384549125,-0.16031448071724527,0.026783616378449997,0.0001352136708828317
0.05,0.09,0.009,5,True,6,7,0.9146430867456152,0.0020128919960823856,-0.029771275144915055,0.030185103234287677,3.6898263551783066e-06
0.05,0.09,0.009,5,False,6,1,17.455037964784275,0.002005280329275644,-0.07356191127927456,0.013247762595576138,0.00021718256602454116
0.05,0.09,0.009,5,True,7,8,0.9445345687045446,0.0020184818486406924,-0.006430019234532638,-0.04023293744669461,-1.8407139283410785e-05
0.05,0.09,0.009,5,False,7,4,20.760619940655893,0.002000733583700053,-0.1488539359036493,0.020807110153673255,0.00020731989548189813
0.05,0.09,0.009,5,False,7,5,23.0245806150576,0.002009480947902743,-0.057203346488226364,0.05065164933247802,9.116230473204225e-05
0.05,0.09,0.009,5,False,7,1,32.29207878329235,0.0020028044382570985,-0.17490487524692303,0.04855130397353877,0.0003015590566714612
0.05,0.09,0.009,5,False,0,3,16.128384183545275,0.002001851360740053,-0.18892498670031796,0.0170834613445419,-0.00018963678123315293
0.05,0.09,0.009,5,False,0,6,15.200727281670556,0.0020025625124864372,-0.19235961630148823,-0.02976633377945888,-0.0001810662075421002
0.05,0.09,0.009,5,True,0,1,0.6957908340855964,0.002008644922416364,-0.05227896375199674,-0.024511673288224605,1.609171295115929e-05
0.05,0.09,0.009,5,False,0,4,0.4747290844446829,0.0020120263804410676,-0.030456353067911657,-0.0035119861973335904,6.565626366659132e-06
0.05,0.09,0.009,5,False,0,7,15.553948849480708,0.002010672940154668,-0.041837914353920445,0.030688865283278154,-0.00021360620187469635
0.05,0.09,0.009,5,True,1,2,0.6923992819552216,0.002016644711310707,-0.009522314976754034,-0.015519178684756108,-1.4995823907860929e-05
0.05,0.09,0.009,5,False,1,5,4.5939689046100955,0.002009628979227994,-0.052966922065269,-0.04408322017110221,-4.328054191897634e-05
0.05,0.09,0.009,5,False,1,4,13.16131974045542,0.0020011135592012527,-0.1464449929071408,0.029803732167010565,-0.00017681205735755714
0.05,0.09,0.009,5,False,1,7,52.088966299470904,0.0020028108864365915,-0.14599795708012098,-0.05449206181314964,-0.0003849348893123677
0.05,0.09,0.009,5,False,3,1,1.6184544101888938,0.0020164376076260574,-0.01679926104969448,-0.04447524232718521,3.3378388991200577e-05
0.05,0.09,0.009,5,True,3,4,1.3689902068089104,0.002010497680064678,-0.040142279377040235,-0.018891538281902456,1.0021616179636751e-05
0.05,0.09,0.009,5,False,3,7,11.83441188971631,0.0020119474726207143,-0.03158302640032857,-0.013547158824286474,-0.00011362658022110657
0.05,0.09,0.009,5,False,3,0,8.185189347594992,0.0020010087056442933,-0.12283173193625577,0.0058320513771842235,-0.0001298637199498917
0.05,0.09,0.009,5,False,3,6,9.94600083912117,0.0020018567744582456,-0.12291119952982008,-0.03286096002593988,-2.5420832677204708e-05
0.05,0.09,0.009,5,False,4,1,6.779584482262176,0.0020017293641796134,-0.11083320126601419,-0.011096675524405788,6.792030917767032e-05
0.05,0.09,0.009,5,False,4,2,7.400608886518877,0.002011395159372642,-0.03414253833398951,-0.010239202171009671,9.791096070259078e-06
0.05,0.09,0.009,5,True,4,5,0.523984070033664,0.0020268697567206633,0.030085587685200702,0.010073041479297757,1.0207008883334288e-05
0.05,0.09,0.009,5,False,4,7,9.411572208457793,0.0020040469523267264,-0.09119761702515182,-0.03233737772608363,-0.0001379038170901548
0.05,0.09,0.009,5,False,5,2,6.079888519719136,0.002002946452713387,-0.1062260649283211,0.035153005871100505,-8.001836779030896e-05
0.05,0.09,0.009,5,False,6,0,7.138005245101462,0.00200255816855439,-0.11960010720306423,0.04184352998911851,2.6683772761976162e-05
0.05,0.09,0.009,5,False,6,3,14.021720770070257,0.0020010507384549125,-0.16031448071724527,0.026783616378449997,0.0001352136708828317
0.05,0.09,0.009,5,True,6,7,0.9146430867456152,0.0020128919960823856,-0.029771275144915055,0.030185103234287677,3.6898263551783066e-06
0.05,0.09,0.009,5,False,6,1,17.455037964784275,0.002005280329275644,-0.07356191127927456,0.013247762595576138,0.00021718256602454116
0.05,0.09,0.009,5,True,7,8,0.9445345687045446,0.0020184818486406924,-0.006430019234532638,-0.04023293744669461,-1.8407139283410785e-05
0.05,0.09,0.009,5,False,7,4,23.42916136961158,0.0020016253556617205,-0.1350903158280205,0.0361543707681676,0.00015759619255902255
0.05,0.09,0.009,5,False,7,5,23.267785562835233,0.0020159198511041057,-0.02385000570886032,0.056310557981011256,5.881523681632884e-07
0.05,0.09,0.009,5,False,7,1,32.29207878329235,0.0020028044382570985,-0.17490487524692303,0.04855130397353877,0.0003015590566714612
0.05,0.09,0.009,5,False,0,3,16.128384183545275,0.002001851360740053,-0.18892498670031796,0.0170834613445419,-0.00018963678123315293
0.05,0.09,0.009,5,False,0,6,15.200727281670556,0.0020025625124864372,-0.19235961630148823,-0.02976633377945888,-0.0001810662075421002
0.05,0.09,0.009,5,True,0,1,0.6957908340855964,0.002008644922416364,-0.05227896375199674,-0.024511673288224605,1.609171295115929e-05
0.05,0.09,0.009,5,False,0,4,0.4747290844446829,0.0020120263804410676,-0.030456353067911657,-0.0035119861973335904,6.565626366659132e-06
0.05,0.09,0.009,5,False,0,7,15.553948849480708,0.002010672940154668,-0.041837914353920445,0.030688865283278154,-0.00021360620187469635
0.05,0.09,0.009,5,True,1,2,0.6923992819552216,0.002016644711310707,-0.009522314976754034,-0.015519178684756108,-1.4995823907860929e-05
0.05,0.09,0.009,5,False,1,5,4.5939689046100955,0.002009628979227994,-0.052966922065269,-0.04408322017110221,-4.328054191897634e-05
0.05,0.09,0.009,5,False,1,4,13.16131974045542,0.0020011135592012527,-0.1464449929071408,0.029803732167010565,-0.00017681205735755714
0.05,0.09,0.009,5,False,1,7,52.088966299470904,0.0020028108864365915,-0.14599795708012098,-0.05449206181314964,-0.0003849348893123677
0.05,0.09,0.009,5,False,3,1,1.6184544101888938,0.0020164376076260574,-0.01679926104969448,-0.04447524232718521,3.3378388991200577e-05
0.05,0.09,0.009,5,True,3,4,1.3689902068089104,0.002010497680064678,-0.040142279377040235,-0.018891538281902456,1.0021616179636751e-05
0.05,0.09,0.009,5,False,3,7,11.313607489790435,0.0020101656856492877,-0.040418800535360545,0.0031380632222821913,-0.00011732879812271374
0.05,0.09,0.009,5,False,3,0,8.185189347594992,0.0020010087056442933,-0.12283173193625577,0.0058320513771842235,-0.0001298637199498917
0.05,0.09,0.009,5,False,3,6,9.94600083912117,0.0020018567744582456,-0.12291119952982008,-0.03286096002593988,-2.5420832677204708e-05
0.05,0.09,0.009,5,False,4,1,6.779584482262176,0.0020017293641796134,-0.11083320126601419,-0.011096675524405788,6.792030917767032e-05
0.05,0.09,0.009,5,False,4,2,7.1302901947121855,0.002019487656436913,0.00303008343309365,0.006933156775126222,9.21997996586235e-06
0.05,0.09,0.009,5,True,4,5,0.523984070033664,0.0020268697567206633,0.030085587685200702,0.010073041479297757,1.0207008883334288e-05
0.05,0.09,0.009,5,False,4,7,9.411572208457793,0.0020040469523267264,-0.09119761702515182,-0.03233737772608363,-0.0001379038170901548
0.05,0.09,0.009,5,False,5,2,6.079888519719136,0.002002946452713387,-0.1062260649283211,0.035153005871100505,-8.001836779030896e-05
0.05,0.09,0.009,5,False,6,0,7.138005245101462,0.00200255816855439,-0.11960010720306423,0.04184352998911851,2.6683772761976162e-05
0.05,0.09,0.009,5,False,6,3,14.021720770070257,0.0020010507384549125,-0.16031448071724527,0.026783616378449997,0.0001352136708828317
0.05,0.09,0.009,5,True,6,7,0.9146430867456152,0.0020128919960823856,-0.029771275144915055,0.030185103234287677,3.6898263551783066e-06
0.05,0.09,0.009,5,False,6,1,16.35447888722556,0.0020068673838260324,-0.061009693803796956,0.006930479134174476,0.0001828522555625383
0.05,0.09,0.009,5,False,6,4,6.864746972918175,0.0020101711480681214,-0.04068148305239305,0.00860567387931572,0.00010332116307735717
0.05,0.09,0.009,5,True,7,8,0.9445345687045446,0.0020184818486406924,-0.006430019234532638,-0.04023293744669461,-1.8407139283410785e-05
0.05,0.09,0.009,5,False,7,4,23.42916136961158,0.0020016253556617205,-0.1350903158280205,0.0361543707681676,0.00015759619255902255
0.05,0.09,0.009,5,False,7,5,23.267785562835233,0.0020159198511041057,-0.02385000570886032,0.056310557981011256,5.881523681632884e-07
0.05,0.09,0.009,5,False,7,1,32.29207878329235,0.0020028044382570985,-0.17490487524692303,0.04855130397353877,0.0003015590566714612
0.05,0.09,0.009,5,False,0,3,13.96633375708068,0.0020036826162080756,-0.1260236035661991,-0.059001044713812324,0.0001845759897658901
0.05,0.09,0.009,5,False,0,6,15.443334066030053,0.0020022681894005297,-0.12867896376921334,-0.043177758006726026,0.00019627382467014086
0.05,0.09,0.009,5,True,0,1,0.6957908340855964,0.002008644922416364,-0.05227896375199674,-0.024511673288224605,1.609171295115929e-05
0.05,0.09,0.009,5,False,0,4,0.4747290844446829,0.0020120263804410676,-0.030456353067911657,-0.0035119861973335904,6.565626366659132e-06
0.05,0.09,0.009,5,False,0,7,15.429654559976324,0.002011739841890287,-0.03702163328690612,0.03445294975876346,-0.0001503878298907176
0.05,0.09,0.009,5,True,1,2,0.6923992819552216,0.002016644711310707,-0.009522314976754034,-0.015519178684756108,-1.4995823907860929e-05
0.05,0.09,0.009,5,False,1,5,4.5939689046100955,0.002009628979227994,-0.052966922065269,-0.04408322017110221,-4.328054191897634e-05
0.05,0.09,0.009,5,False,1,4,13.16131974045542,0.0020011135592012527,-0.1464449929071408,0.029803732167010565,-0.00017681205735755714
0.05,0.09,0.009,5,False,1,7,52.088966299470904,0.0020028108864365915,-0.14599795708012098,-0.05449206181314964,-0.0003849348893123677
0.05,0.09,0.009,5,False,2,5,50.48163608118891,0.0020007396399809715,-0.13601123761377468,0.015683917378040917,8.542782491383462e-05
0.05,0.09,0.009,5,False,3,1,2.253387104720817,0.0020128512565495095,-0.026279184806515764,-0.0030349650862147573,5.465847171536794e-05
0.05,0.09,0.009,5,True,3,4,1.3298451769226023,0.0020082312313834646,-0.05855142110271584,-0.03576761869921334,2.1385622078782966e-05
0.05,0.09,0.009,5,False,3,7,11.313607489790435,0.0020101656856492877,-0.040418800535360545,0.0031380632222821913,-0.00011732879812271374
0.05,0.09,0.009,5,False,3,0,8.185189347594992,0.0020010087056442933,-0.12283173193625577,0.0058320513771842235,-0.0001298637199498917
0.05,0.09,0.009,5,False,3,6,9.94600083912117,0.0020018567744582456,-0.12291119952982008,-0.03286096002593988,-2.5420832677204708e-05
0.05,0.09,0.009,5,False,4,1,3.8381924720574476,0.002002004219223803,-0.12509936919573322,0.037076727914499744,5.4576124357231605e-05
0.05,0.09,0.009,5,False,4,2,7.1302901947121855,0.002019487656436913,0.00303008343309365,0.006933156775126222,9.21997996586235e-06
0.05,0.09,0.009,5,True,4,5,0.523984070033664,0.0020268697567206633,0.030085587685200702,0.010073041479297757,1.0207008883334288e-05
0.05,0.09,0.009,5,False,4,7,9.411572208457793,0.0020040469523267264,-0.09119761702515182,-0.03233737772608363,-0.0001379038170901548
0.05,0.09,0.009,5,False,4,3,17.467629164902117,0.002001426621113097,-0.18575583387612207,-0.0026090441289501574,8.402480561499962e-05
0.05,0.09,0.009,5,False,5,2,6.079888519719136,0.002002946452713387,-0.1062260649283211,0.035153005871100505,-8.001836779030896e-05
0.05,0.09,0.009,5,False,6,0,7.138005245101462,0.00200255816855439,-0.11960010720306423,0.04184352998911851,2.6683772761976162e-05
0.05,0.09,0.009,5,False,6,3,14.021720770070257,0.0020010507384549125,-0.16031448071724527,0.026783616378449997,0.0001352136708828317
0.05,0.09,0.009,5,True,6,7,0.9146430867456152,0.0020128919960823856,-0.029771275144915055,0.030185103234287677,3.6898263551783066e-06
0.05,0.09,0.009,5,False,6,1,16.35447888722556,0.0020068673838260324,-0.061009693803796956,0.006930479134174476,0.0001828522555625383
0.05,0.09,0.009,5,False,6,4,10.982105607817896,0.002006229234908942,-0.0652927990345962,-0.0028562429946429884,2.9877076796780888e-05
0.05,0.09,0.009,5,True,7,8,0.33068416645585763,0.0020290527873813376,0.037590673302505935,-0.004798161331529504,5.814906410480884e-06
0.05,0.09,0.009,5,False,7,4,23.42916136961158,0.0020016253556617205,-0.1350903158280205,0.0361543707681676,0.00015759619255902255
0.05,0.09,0.009,5,False,7,5,23.267785562835233,0.0020159198511041057,-0.02385000570886032,0.056310557981011256,5.881523681632884e-07
0.05,0.09,0.009,5,False,7,1,32.29207878329235,0.0020028044382570985,-0.17490487524692303,0.04855130397353877,0.0003015590566714612
0.05,0.09,0.009,5,False,0,3,13.96633375708068,0.0020036826162080756,-0.1260236035661991,-0.059001044713812324,0.0001845759897658901
0.05,0.09,0.009,5,False,0,6,18.8470486936628,0.0020026880216172825,-0.14627778864882163,-0.05310983312294022,0.0002367116312491458
0.05,0.09,0.009,5,True,0,1,0.6957908340855964,0.002008644922416364,-0.05227896375199674,-0.024511673288224605,1.609171295115929e-05
0.05,0.09,0.009,5,False,0,4,0.4747290844446829,0.0020120263804410676,-0.030456353067911657,-0.0035119861973335904,6.565626366659132e-06
0.05,0.09,0.009,5,False,0,7,15.429654559976324,0.002011739841890287,-0.03702163328690612,0.03445294975876346,-0.0001503878298907176
0.05,0.09,0.009,5,True,1,2,0.6923992819552216,0.002016644711310707,-0.009522314976754034,-0.015519178684756108,-1.4995823907860929e-05
0.05,0.09,0.009,5,False,1,5,4.5939689046100955,0.002009628979227994,-0.052966922065269,-0.04408322017110221,-4.328054191897634e-05
0.05,0.09,0.009,5,False,1,0,20.515650622650266,0.0020018952752570048,-0.19103799708676295,0.013298417983439073,-0.00014157919113229884
0.05,0.09,0.009,5,False,1,4,6.856564449783102,0.002002631873851646,-0.15780281476079397,-0.052006420012353366,-9.612483839632233e-05
0.05,0.09,0.009,5,False,1,7,52.088966299470904,0.0020028108864365915,-0.14599795708012098,-0.05449206181314964,-0.0003849348893123677
0.05,0.09,0.009,5,False,2,5,61.0543209318599,0.0020006086792092705,-0.16617189068911148,0.004394489551694389,-0.0001027420344173771
0.05,0.09,0.009,5,False,3,1,2.253387104720817,0.0020128512565495095,-0.026279184806515764,-0.0030349650862147573,5.465847171536794e-05
0.05,0.09,0.009,5,True,3,4,1.2327237306288046,0.0020036046755320114,-0.08770637724045116,-0.008930952000876208,1.8805391143394363e-05
0.05,0.09,0.009,5,False,3,7,11.313607489790435,0.0020101656856492877,-0.040418800535360545,0.0031380632222821913,-0.00011732879812271374
0.05,0.09,0.009,5,False,3,0,8.185189347594992,0.0020010087056442933,-0.12283173193625577,0.0058320513771842235,-0.0001298637199498917
0.05,0.09,0.009,5,False,3,6,9.94600083912117,0.0020018567744582456,-0.12291119952982008,-0.03286096002593988,-2.5420832677204708e-05
0.05,0.09,0.009,5,False,4,1,1.5526266397778097,0.0020043360059080334,-0.09974166589021052,0.04829606383133429,1.2259468065553407e-05
0.05,0.09,0.009,5,False,4,2,7.1302901947121855,0.002019487656436913,0.00303008343309365,0.006933156775126222,9.21997996586235e-06
0.05,0.09,0.009,5,True,4,5,0.523984070033664,0.0020268697567206633,0.030085587685200702,0.010073041479297757,1.0207008883334288e-05
0.05,0.09,0.009,5,False,4,7,9.411572208457793,0.0020040469523267264,-0.09119761702515182,-0.03233737772608363,-0.0001379038170901548
0.05,0.09,0.009,5,False,4,6,26.923182206307054,0.0020007332358184015,-0.15922968654997363,0.018671215668861218,0.00012970713450342783
0.05,0.09,0.009,5,False,4,3,14.11624045839205,0.002001542134112246,-0.1854482729565781,0.013063533199852245,0.00019551558678452356
0.05,0.09,0.009,5,False,5,2,6.079888519719136,0.002002946452713387,-0.1062260649283211,0.035153005871100505,-8.001836779030896e-05
0.05,0.09,0.009,5,False,6,0,15.090730420745444,0.002003290832973747,-0.16004683807285947,0.058939698391734095,0.0001950588950257691
0.05,0.09,0.009,5,False,6,3,14.021720770070257,0.0020010507384549125,-0.16031448071724527,0.026783616378449997,0.0001352136708828317
0.05,0.09,0.009,5,True,6,7,0.9146430867456152,0.0020128919960823856,-0.029771275144915055,0.030185103234287677,3.6898263551783066e-06
0.05,0.09,0.009,5,False,6,1,16.35447888722556,0.0020068673838260324,-0.061009693803796956,0.006930479134174476,0.0001828522555625383
0.05,0.09,0.009,5,False,6,4,10.982105607817896,0.002006229234908942,-0.0652927990345962,-0.0028562429946429884,2.9877076796780888e-05
0.05,0.09,0.009,5,True,7,8,0.7234530760118182,0.002020037245300236,0.00531284571559641,-0.004375306265564784,4.073778011953354e-06
0.05,0.09,0.009,5,False,7,4,23.42916136961158,0.0020016253556617205,-0.1350903158280205,0.0361543707681676,0.00015759619255902255
0.05,0.09,0.009,5,False,7,5,23.267785562835233,0.0020159198511041057,-0.02385000570886032,0.056310557981011256,5.881523681632884e-07
0.05,0.09,0.009,5,False,7,1,32.29207878329235,0.0020028044382570985,-0.17490487524692303,0.04855130397353877,0.0003015590566714612
0.05,0.09,0.009,5,False,0,3,19.472261719189998,0.002001672963803423,-0.12647147518393334,-0.03216111679023051,0.0002344032862355159
0.05,0.09,0.009,5,False,0,6,18.8470486936628,0.0020026880216172825,-0.14627778864882163,-0.05310983312294022,0.0002367116312491458
0.05,0.09,0.009,5,True,0,1,1.2969673025000654,0.0020109413485490174,-0.03618485047602662,0.004073510357671422,-6.4370965577225545e-06
0.05,0.09,0.009,5,False,0,4,0.4747290844446829,0.0020120263804410676,-0.030456353067911657,-0.0035119861973335904,6.565626366659132e-06
0.05,0.09,0.009,5,False,0,7,15.429654559976324,0.002011739841890287,-0.03702163328690612,0.03445294975876346,-0.0001503878298907176
0.05,0.09,0.009,5,True,1,2,0.9748093128359674,0.002016004374118569,-0.013598688877742272,0.02414754850463667,2.2730844853387513e-05
0.05,0.09,0.009,5,False,1,5,4.5939689046100955,0.002009628979227994,-0.052966922065269,-0.04408322017110221,-4.328054191897634e-05
0.05,0.09,0.009,5,False,1,0,21.007482653966502,0.0020023031116342856,-0.1956758374661593,0.01659848135197138,-2.9825966020381658e-05
0.05,0.09,0.009,5,False,1,4,6.246385435388544,0.002002789790566375,-0.14283407997760547,-0.053927170836779115,-8.416688943351202e-05
0.05,0.09,0.009,5,False,1,7,52.088966299470904,0.0020028108864365915,-0.14599795708012098,-0.05449206181314964,-0.0003849348893123677
0.05,0.09,0.009,5,False,1,6,19.36039721531117,0.002000414744791292,-0.15618237684178132,-0.0021100940383557676,6.183474164688978e-05
0.05,0.09,0.009,5,False,2,5,61.0543209318599,0.0020006086792092705,-0.16617189068911148,0.004394489551694389,-0.0001027420344173771
0.05,0.09,0.009,5,False,3,1,2.3694439962251037,0.002013676396128098,-0.02305045781988164,-0.014602348660637457,6.733811687465085e-05
0.05,0.09,0.009,5,True,3,4,1.2327237306288046,0.0020036046755320114,-0.08770637724045116,-0.008930952000876208,1.8805391143394363e-05
0.05,0.09,0.009,5,False,3,7,11.313607489790435,0.0020101656856492877,-0.040418800535360545,0.0031380632222821913,-0.00011732879812271374
0.05,0.09,0.009,5,False,3,0,8.185189347594992,0.0020010087056442933,-0.12283173193625577,0.0058320513771842235,-0.0001298637199498917
0.05,0.09,0.009,5,False,3,6,9.94600083912117,0.0020018567744582456,-0.12291119952982008,-0.03286096002593988,-2.5420832677204708e-05
0.05,0.09,0.009,5,False,4,1,1.5526266397778097,0.0020043360059080334,-0.09974166589021052,0.04829606383133429,1.2259468065553407e-05
0.05,0.09,0.009,5,False,4,2,7.1302901947121855,0.002019487656436913,0.00303008343309365,0.006933156775126222,9.21997996586235e-06
0.05,0.09,0.009,5,True,4,5,0.523984070033664,0.0020268697567206633,0.030085587685200702,0.010073041479297757,1.0207008883334288e-05
0.05,0.09,0.009,5,False,4,7,9.411572208457793,0.0020040469523267264,-0.09119761702515182,-0.03233737772608363,-0.0001379038170901548
0.05,0.09,0.009,5,False,4,6,26.923182206307054,0.0020007332358184015,-0.15922968654997363,0.018671215668861218,0.00012970713450342783
0.05,0.09,0.009,5,False,4,3,14.11624045839205,0.002001542134112246,-0.1854482729565781,0.013063533199852245,0.00019551558678452356
0.05,0.09,0.009,5,False,5,2,6.079888519719136,0.002002946452713387,-0.1062260649283211,0.035153005871100505,-8.001836779030896e-05
0.05,0.09,0.009,5,False,6,0,10.111756564135108,0.0020023556101942327,-0.17857891584230026,0.0401187566072224,0.00013008403704873125
0.05,0.09,0.009,5,False,6,3,14.021720770070257,0.0020010507384549125,-0.16031448071724527,0.026783616378449997,0.0001352136708828317
0.05,0.09,0.009,5,True,6,7,1.0076378352446032,0.0020118799991071055,-0.03134134564073702,-0.006585525253129537,-3.4433251235112592e-06
0.05,0.09,0.009,5,False,6,1,16.35447888722556,0.0020068673838260324,-0.061009693803796956,0.006930479134174476,0.0001828522555625383
0.05,0.09,0.009,5,False,6,4,10.982105607817896,0.002006229234908942,-0.0652927990345962,-0.0028562429946429884,2.9877076796780888e-05
0.05,0.09,0.009,5,True,7,8,0.7234530760118182,0.002020037245300236,0.00531284571559641,-0.004375306265564784,4.073778011953354e-06
0.05,0.09,0.009,5,False,7,4,23.42916136961158,0.0020016253556617205,-0.1350903158280205,0.0361543707681676,0.00015759619255902255
0.05,0.09,0.009,5,False,7,5,23.267785562835233,0.0020159198511041057,-0.02385000570886032,0.056310557981011256,5.881523681632884e-07
0.05,0.09,0.009,5,False,7,1,32.29207878329235,0.0020028044382570985,-0.17490487524692303,0.04855130397353877,0.0003015590566714612
0.05,0.09,0.009,5,False,0,3,19.472261719189998,0.002001672963803423,-0.12647147518393334,-0.03216111679023051,0.0002344032862355159
0.05,0.09,0.009,5,False,0,6,18.8470486936628,0.0020026880216172825,-0.14627778864882163,-0.05310983312294022,0.0002367116312491458
0.05,0.09,0.009,5,True,0,1,1.2774900228025816,0.0020097974327193437,-0.043005622034296864,-0.010855162532374837,-2.2800837712022355e-05
0.05,0.09,0.009,5,False,0,4,2.571875840818453,0.002020180084128636,0.0029041959198822034,-0.03060966620459549,-5.018106008914629e-05
0.05,0.09,0.009,5,False,0,7,15.429654559976324,0.002011739841890287,-0.03702163328690612,0.03445294975876346,-0.0001503878298907176
0.05,0.09,0.009,5,True,1,2,0.9748093128359674,0.002016004374118569,-0.013598688877742272,0.02414754850463667,2.2730844853387513e-05
0.05,0.09,0.009,5,False,1,5,4.5939689046100955,0.002009628979227994,-0.052966922065269,-0.04408322017110221,-4.328054191897634e-05
0.05,0.09,0.009,5,False,1,0,21.007482653966502,0.0020023031116342856,-0.1956758374661593,0.01659848135197138,-2.9825966020381658e-05
0.05,0.09,0.009,5,False,1,4,6.246385435388544,0.002002789790566375,-0.14283407997760547,-0.053927170836779115,-8.416688943351202e-05
0.05,0.09,0.009,5,False,1,7,52.088966299470904,0.0020028108864365915,-0.14599795708012098,-0.05449206181314964,-0.0003849348893123677
0.05,0.09,0.009,5,False,1,6,19.36039721531117,0.002000414744791292,-0.15618237684178132,-0.0021100940383557676,6.183474164688978e-05
0.05,0.09,0.009,5,False,2,5,61.0543209318599,0.0020006086792092705,-0.16617189068911148,0.004394489551694389,-0.0001027420344173771
0.05,0.09,0.009,5,False,3,1,2.3694439962251037,0.002013676396128098,-0.02305045781988164,-0.014602348660637457,6.733811687465085e-05
0.05,0.09,0.009,5,True,3,4,1.2327237306288046,0.0020036046755320114,-0.08770637724045116,-0.008930952000876208,1.8805391143394363e-05
0.05,0.09,0.009,5,False,3,7,11.313607489790435,0.0020101656856492877,-0.040418800535360545,0.0031380632222821913,-0.00011732879812271374
0.05,0.09,0.009,5,False,3,0,36.540146362286364,0.002000476652404609,-0.1601443554966789,0.003975141736455923,0.0003205036103140386
0.05,0.09,0.009,5,False,3,6,9.94600083912117,0.0020018567744582456,-0.12291119952982008,-0.03286096002593988,-2.5420832677204708e-05
0.05,0.09,0.009,5,False,4,1,1.5526266397778097,0.0020043360059080334,-0.09974166589021052,0.04829606383133429,1.2259468065553407e-05
0.05,0.09,0.009,5,False,4,2,7.1302901947121855,0.002019487656436913,0.00303008343309365,0.006933156775126222,9.21997996586235e-06
0.05,0.09,0.009,5,True,4,5,0.523984070033664,0.0020268697567206633,0.030085587685200702,0.010073041479297757,1.0207008883334288e-05
0.05,0.09,0.009,5,False,4,7,9.411572208457793,0.0020040469523267264,-0.09119761702515182,-0.03233737772608363,-0.0001379038170901548
0.05,0.09,0.009,5,False,4,6,26.923182206307054,0.0020007332358184015,-0.15922968654997363,0.018671215668861218,0.00012970713450342783
0.05,0.09,0.009,5,False,4,3,14.11624045839205,0.002001542134112246,-0.1854482729565781,0.013063533199852245,0.00019551558678452356
0.05,0.09,0.009,5,False,5,2,6.079888519719136,0.002002946452713387,-0.1062260649283211,0.035153005871100505,-8.001836779030896e-05
0.05,0.09,0.009,5,False,6,0,10.111756564135108,0.0020023556101942327,-0.17857891584230026,0.0401187566072224,0.00013008403704873125
0.05,0.09,0.009,5,False,6,3,10.266622181941539,0.002001107698401173,-0.1203613459780221,0.0039054898368255614,9.755714942155635e-05
0.05,0.09,0.009,5,True,6,7,0.5966165722503236,0.0020069157168855186,-0.06164195709574634,-0.014813128491827577,1.2690290572235878e-05
0.05,0.09,0.009,5,False,6,1,16.35447888722556,0.0020068673838260324,-0.061009693803796956,0.006930479134174476,0.0001828522555625383
0.05,0.09,0.009,5,False,6,4,10.982105607817896,0.002006229234908942,-0.0652927990345962,-0.0028562429946429884,2.9877076796780888e-05
0.05,0.09,0.009,5,False,6,8,15.677148452881578,0.0020249766873942313,0.021574925926565895,0.027739161431974368,-0.00010884217217194711
0.05,0.09,0.009,5,True,7,8,0.7234530760118182,0.002020037245300236,0.00531284571559641,-0.004375306265564784,4.073778011953354e-06
0.05,0.09,0.009,5,False,7,4,23.42916136961158,0.0020016253556617205,-0.1350903158280205,0.0361543707681676,0.00015759619255902255
0.05,0.09,0.009,5,False,7,5,23.267785562835233,0.0020159198511041057,-0.02385000570886032,0.056310557981011256,5.881523681632884e-07
0.05,0.09,0.009,5,False,7,1,32.29207878329235,0.0020028044382570985,-0.17490487524692303,0.04855130397353877,0.0003015590566714612
0.05,0.09,0.009,5,False,7,3,14.07761103417341,0.0020010689232701486,-0.15950976812473086,0.027489193856770636,-9.393204736573627e-05
0.05,0.09,0.009,5,False,8,7,94.18915774129016,0.0020043682562803904,-0.20963562561648955,0.03663571156938751,-0.00017239837509427236
0.05,0.09,0.009,5,False,0,3,19.472261719189998,0.002001672963803423,-0.12647147518393334,-0.03216111679023051,0.0002344032862355159
0.05,0.09,0.009,5,False,0,6,18.8470486936628,0.0020026880216172825,-0.14627778864882163,-0.05310983312294022,0.0002367116312491458
0.05,0.09,0.009,5,True,0,1,1.2774900228025816,0.0020097974327193437,-0.043005622034296864,-0.010855162532374837,-2.2800837712022355e-05
0.05,0.09,0.009,5,False,0,4,2.571875840818453,0.002020180084128636,0.0029041959198822034,-0.03060966620459549,-5.018106008914629e-05
0.05,0.09,0.009,5,False,0,7,15.429654559976324,0.002011739841890287,-0.03702163328690612,0.03445294975876346,-0.0001503878298907176
0.05,0.09,0.009,5,True,1,2,0.8311834722475936,0.0020121740133750036,-0.03680468436323843,0.04087966611438204,1.64492761434689e-05
0.05,0.09,0.009,5,False,1,5,4.5939689046100955,0.002009628979227994,-0.052966922065269,-0.04408322017110221,-4.328054191897634e-05
0.05,0.09,0.009,5,False,1,0,21.007482653966502,0.0020023031116342856,-0.1956758374661593,0.01659848135197138,-2.9825966020381658e-05
0.05,0.09,0.009,5,False,1,4,6.246385435388544,0.002002789790566375,-0.14283407997760547,-0.053927170836779115,-8.416688943351202e-05
0.05,0.09,0.009,5,False,1,7,52.088966299470904,0.0020028108864365915,-0.14599795708012098,-0.05449206181314964,-0.0003849348893123677
0.05,0.09,0.009,5,False,1,6,19.36039721531117,0.002000414744791292,-0.15618237684178132,-0.0021100940383557676,6.183474164688978e-05
0.05,0.09,0.009,5,False,2,5,61.0543209318599,0.0020006086792092705,-0.16617189068911148,0.004394489551694389,-0.0001027420344173771
0.05,0.09,0.009,5,False,3,1,2.3694439962251037,0.002013676396128098,-0.02305045781988164,-0.014602348660637457,6.733811687465085e-05
0.05,0.09,0.009,5,True,3,4,1.2327237306288046,0.0020036046755320114,-0.08770637724045116,-0.008930952000876208,1.8805391143394363e-05
0.05,0.09,0.009,5,False,3,7,11.313607489790435,0.0020101656856492877,-0.040418800535360545,0.0031380632222821913,-0.00011732879812271374
0.05,0.09,0.009,5,False,3,0,36.540146362286364,0.002000476652404609,-0.1601443554966789,0.003975141736455923,0.0003205036103140386
0.05,0.09,0.009,5,False,3,6,33.588532938966466,0.0020005370188604255,-0.14687824972557234,0.01353146730128953,0.0003086734635370753
0.05,0.09,0.009,5,False,4,1,1.5526266397778097,0.0020043360059080334,-0.09974166589021052,0.04829606383133429,1.2259468065553407e-05
0.05,0.09,0.009,5,False,4,2,7.1302901947121855,0.002019487656436913,0.00303008343309365,0.006933156775126222,9.21997996586235e-06
0.05,0.09,0.009,5,True,4,5,0.6057525754243893,0.002010016035629663,-0.04354387395865958,0.02238729812940121,-1.1769030984442778e-05
0.05,0.09,0.009,5,False,4,7,9.411572208457793,0.0020040469523267264,-0.09119761702515182,-0.03233737772608363,-0.0001379038170901548
0.05,0.09,0.009,5,False,4,6,26.923182206307054,0.0020007332358184015,-0.15922968654997363,0.018671215668861218,0.00012970713450342783
0.05,0.09,0.009,5,False,4,3,14.11624045839205,0.002001542134112246,-0.1854482729565781,0.013063533199852245,0.00019551558678452356
0.05,0.09,0.009,5,False,5,2,6.079888519719136,0.002002946452713387,-0.1062260649283211,0.035153005871100505,-8.001836779030896e-05
0.05,0.09,0.009,5,False,6,0,10.111756564135108,0.0020023556101942327,-0.17857891584230026,0.0401187566072224,0.00013008403704873125
0.05,0.09,0.009,5,False,6,3,7.811685878272861,0.002000434677499452,-0.15773390302611212,-0.0027103332034806226,1.3783276614293533e-05
0.05,0.09,0.009,5,True,6,7,0.5966165722503236,0.0020069157168855186,-0.06164195709574634,-0.014813128491827577,1.2690290572235878e-05
0.05,0.09,0.009,5,False,6,1,16.35447888722556,0.0020068673838260324,-0.061009693803796956,0.006930479134174476,0.0001828522555625383
0.05,0.09,0.009,5,False,6,4,10.982105607817896,0.002006229234908942,-0.0652927990345962,-0.0028562429946429884,2.9877076796780888e-05
0.05,0.09,0.009,5,False,6,8,9.77654941241074,0.0020262020263389618,0.027913567063957437,0.007681113865678881,-2.6348706850672963e-05
0.05,0.09,0.009,5,True,7,8,0.7234530760118182,0.002020037245300236,0.00531284571559641,-0.004375306265564784,4.073778011953354e-06
0.05,0.09,0.009,5,False,7,4,23.42916136961158,0.0020016253556617205,-0.1350903158280205,0.0361543707681676,0.00015759619255902255
0.05,0.09,0.009,5,False,7,5,23.267785562835233,0.0020159198511041057,-0.02385000570886032,0.056310557981011256,5.881523681632884e-07
0.05,0.09,0.009,5,False,7,0,12.586055534884373,0.0020031814413408325,-0.20631527405666877,-0.01640506404916047,-1.1171617903524295e-05
0.05,0.09,0.009,5,False,7,1,32.29207878329235,0.0020028044382570985,-0.17490487524692303,0.04855130397353877,0.0003015590566714612
0.05,0.09,0.009,5,False,7,6,19.40477301519122,0.0020020454735676044,-0.19244599848555496,0.015610714854252743,-0.00011362993422198427
0.05,0.09,0.009,5,False,7,3,14.07761103417341,0.0020010689232701486,-0.15950976812473086,0.027489193856770636,-9.393204736573627e-05
0.05,0.09,0.009,5,False,8,7,94.18915774129016,0.0020043682562803904,-0.20963562561648955,0.03663571156938751,-0.00017239837509427236
0.05,0.09,0.009,5,False,0,3,19.472261719189998,0.002001672963803423,-0.12647147518393334,-0.03216111679023051,0.0002344032862355159
0.05,0.09,0.009,5,False,0,6,18.8470486936628,0.0020026880216172825,-0.14627778864882163,-0.05310983312294022,0.0002367116312491458
0.05,0.09,0.009,5,True,0,1,1.2774900228025816,0.0020097974327193437,-0.043005622034296864,-0.010855162532374837,-2.2800837712022355e-05
0.05,0.09,0.009,5,False,0,4,9.765020591570009,0.0020220283826040716,0.012589072801185958,-0.012302974235299292,2.381593197180392e-05
0.05,0.09,0.009,5,False,0,7,15.429654559976324,0.002011739841890287,-0.03702163328690612,0.03445294975876346,-0.0001503878298907176
0.05,0.09,0.009,5,True,1,2,0.8311834722475936,0.0020121740133750036,-0.03680468436323843,0.04087966611438204,1.64492761434689e-05
0.05,0.09,0.009,5,False,1,5,4.5939689046100955,0.002009628979227994,-0.052966922065269,-0.04408322017110221,-4.328054191897634e-05
0.05,0.09,0.009,5,False,1,0,21.007482653966502,0.0020023031116342856,-0.1956758374661593,0.01659848135197138,-2.9825966020381658e-05
0.05,0.09,0.009,5,False,1,4,6.246385435388544,0.002002789790566375,-0.14283407997760547,-0.053927170836779115,-8.416688943351202e-05
0.05,0.09,0.009,5,False,1,7,52.088966299470904,0.0020028108864365915,-0.14599795708012098,-0.05449206181314964,-0.0003849348893123677
0.05,0.09,0.009,5,False,1,6,19.36039721531117,0.002000414744791292,-0.15618237684178132,-0.0021100940383557676,6.183474164688978e-05
0.05,0.09,0.009,5,False,2,5,61.0543209318599,0.0020006086792092705,-0.16617189068911148,0.004394489551694389,-0.0001027420344173771
0.05,0.09,0.009,5,False,3,1,2.3694439962251037,0.002013676396128098,-0.02305045781988164,-0.014602348660637457,6.733811687465085e-05
0.05,0.09,0.009,5,True,3,4,1.2327237306288046,0.0020036046755320114,-0.08770637724045116,-0.008930952000876208,1.8805391143394363e-05
0.05,0.09,0.009,5,False,3,7,11.313607489790435,0.0020101656856492877,-0.040418800535360545,0.0031380632222821913,-0.00011732879812271374
0.05,0.09,0.009,5,False,3,0,36.10346159103357,0.0020007125883744134,-0.16837892057681578,0.008407144250332609,0.00031643217256639185
0.05,0.09,0.009,5,False,3,6,27.223604176171655,0.002001129729769382,-0.1278285468396773,0.020716803001422084,0.00027023896740948543
0.05,0.09,0.009,5,False,4,1,1.5526266397778097,0.0020043360059080334,-0.09974166589021052,0.04829606383133429,1.2259468065553407e-05
0.05,0.09,0.009,5,False,4,2,7.1302901947121855,0.002019487656436913,0.00303008343309365,0.006933156775126222,9.21997996586235e-06
0.05,0.09,0.009,5,True,4,5,0.6569850901229326,0.0020115623905397344,-0.03398191419149662,0.016522458803318995,-1.0819305315184162e-05
0.05,0.09,0.009,5,False,4,7,9.411572208457793,0.0020040469523267264,-0.09119761702515182,-0.03233737772608363,-0.0001379038170901548
0.05,0.09,0.009,5,False,4,6,26.923182206307054,0.0020007332358184015,-0.15922968654997363,0.018671215668861218,0.00012970713450342783
0.05,0.09,0.009,5,False,4,3,14.11624045839205,0.002001542134112246,-0.1854482729565781,0.013063533199852245,0.00019551558678452356
0.05,0.09,0.009,5,False,5,2,6.079888519719136,0.002002946452713387,-0.1062260649283211,0.035153005871100505,-8.001836779030896e-05
0.05,0.09,0.009,5,False,6,0,10.111756564135108,0.0020023556101942327,-0.17857891584230026,0.0401187566072224,0.00013008403704873125
0.05,0.09,0.009,5,False,6,3,7.811685878272861,0.002000434677499452,-0.15773390302611212,-0.0027103332034806226,1.3783276614293533e-05
0.05,0.09,0.009,5,True,6,7,0.5966165722503236,0.0020069157168855186,-0.06164195709574634,-0.014813128491827577,1.2690290572235878e-05
0.05,0.09,0.009,5,False,6,1,16.35447888722556,0.0020068673838260324,-0.061009693803796956,0.006930479134174476,0.0001828522555625383
0.05,0.09,0.009,5,False,6,4,10.982105607817896,0.002006229234908942,-0.0652927990345962,-0.0028562429946429884,2.9877076796780888e-05
0.05,0.09,0.009,5,False,6,8,9.77654941241074,0.0020262020263389618,0.027913567063957437,0.007681113865678881,-2.6348706850672963e-05
0.05,0.09,0.009,5,True,7,8,0.7234530760118182,0.002020037245300236,0.00531284571559641,-0.004375306265564784,4.073778011953354e-06
0.05,0.09,0.009,5,False,7,4,23.42916136961158,0.0020016253556617205,-0.1350903158280205,0.0361543707681676,0.00015759619255902255
0.05,0.09,0.009,5,False,7,5,23.267785562835233,0.0020159198511041057,-0.02385000570886032,0.056310557981011256,5.881523681632884e-07
0.05,0.09,0.009,5,False,7,0,14.665498284936557,0.002002592525747951,-0.19928787585649738,-0.01696864998310376,-8.058827260577475e-05
0.05,0.09,0.009,5,False,7,1,32.29207878329235,0.0020028044382570985,-0.17490487524692303,0.04855130397353877,0.0003015590566714612
0.05,0.09,0.009,5,False,7,6,20.44053514702739,0.0020019489583014156,-0.19389159322576516,0.0006236698498192514,-0.0001841228769728862
0.05,0.09,0.009,5,False,7,3,14.07761103417341,0.0020010689232701486,-0.15950976812473086,0.027489193856770636,-9.393204736573627e-05
0.05,0.09,0.009,5,False,8,7,75.19809872489922,0.002003641481919319,-0.20347991821066916,0.03384333789637047,-0.0003155677382807595
0.05,0.09,0.009,5,False,0,3,19.472261719189998,0.002001672963803423,-0.12647147518393334,-0.03216111679023051,0.0002344032862355159
0.05,0.09,0.009,5,False,0,6,18.8470486936628,0.0020026880216172825,-0.14627778864882163,-0.05310983312294022,0.0002367116312491458
0.05,0.09,0.009,5,True,0,1,1.2774900228025816,0.0020097974327193437,-0.043005622034296864,-0.010855162532374837,-2.2800837712022355e-05
0.05,0.09,0.009,5,False,0,4,9.765020591570009,0.0020220283826040716,0.012589072801185958,-0.012302974235299292,2.381593197180392e-05
0.05,0.09,0.009,5,False,0,7,15.429654559976324,0.002011739841890287,-0.03702163328690612,0.03445294975876346,-0.0001503878298907176
0.05,0.09,0.009,5,True,1,2,0.8311834722475936,0.0020121740133750036,-0.03680468436323843,0.04087966611438204,1.64492761434689e-05
0.05,0.09,0.009,5,False,1,5,4.5939689046100955,0.002009628979227994,-0.052966922065269,-0.04408322017110221,-4.328054191897634e-05
0.05,0.09,0.009,5,False,1,0,21.007482653966502,0.0020023031116342856,-0.1956758374661593,0.01659848135197138,-2.9825966020381658e-05
0.05,0.09,0.009,5,False,1,4,6.246385435388544,0.002002789790566375,-0.14283407997760547,-0.053927170836779115,-8.416688943351202e-05
0.05,0.09,0.009,5,False,1,7,52.088966299470904,0.0020028108864365915,-0.14599795708012098,-0.05449206181314964,-0.0003849348893123677
0.05,0.09,0.009,5,False,1,6,19.36039721531117,0.002000414744791292,-0.15618237684178132,-0.0021100940383557676,6.183474164688978e-05
0.05,0.09,0.009,5,False,2,5,61.0543209318599,0.0020006086792092705,-0.16617189068911148,0.004394489551694389,-0.0001027420344173771
0.05,0.09,0.009,5,False,3,1,2.3694439962251037,0.002013676396128098,-0.02305045781988164,-0.014602348660637457,6.733811687465085e-05
0.05,0.09,0.009,5,True,3,4,1.2327237306288046,0.0020036046755320114,-0.08770637724045116,-0.008930952000876208,1.8805391143394363e-05
0.05,0.09,0.009,5,False,3,5,5.398234475153079,0.0020293139226955957,0.038486635207706114,0.002604605659551832,8.896444669878393e-05
0.05,0.09,0.009,5,False,3,7,11.313607489790435,0.0020101656856492877,-0.040418800535360545,0.0031380632222821913,-0.00011732879812271374
0.05,0.09,0.009,5,False,3,0,36.10346159103357,0.0020007125883744134,-0.16837892057681578,0.008407144250332609,0.00031643217256639185
0.05,0.09,0.009,5,False,3,6,27.223604176171655,0.002001129729769382,-0.1278285468396773,0.020716803001422084,0.00027023896740948543
0.05,0.09,0.009,5,False,4,1,1.5526266397778097,0.0020043360059080334,-0.09974166589021052,0.04829606383133429,1.2259468065553407e-05
0.05,0.09,0.009,5,False,4,2,7.1302901947121855,0.002019487656436913,0.00303008343309365,0.006933156775126222,9.21997996586235e-06
0.05,0.09,0.009,5,True,4,5,0.6569850901229326,0.0020115623905397344,-0.03398191419149662,0.016522458803318995,-1.0819305315184162e-05
0.05,0.09,0.009,5,False,4,7,9.411572208457793,0.0020040469523267264,-0.09119761702515182,-0.03233737772608363,-0.0001379038170901548
0.05,0.09,0.009,5,False,4,6,26.923182206307054,0.0020007332358184015,-0.15922968654997363,0.018671215668861218,0.00012970713450342783
0.05,0.09,0.009,5,False,4,3,14.11624045839205,0.002001542134112246,-0.1854482729565781,0.013063533199852245,0.00019551558678452356
0.05,0.09,0.009,5,False,5,2,6.079888519719136,0.002002946452713387,-0.1062260649283211,0.035153005871100505,-8.001836779030896e-05
0.05,0.09,0.009,5,False,6,0,10.111756564135108,0.0020023556101942327,-0.17857891584230026,0.0401187566072224,0.00013008403704873125
0.05,0.09,0.009,5,False,6,3,7.811685878272861,0.002000434677499452,-0.15773390302611212,-0.0027103332034806226,1.3783276614293533e-05
0.05,0.09,0.009,5,True,6,7,0.5966165722503236,0.0020069157168855186,-0.06164195709574634,-0.014813128491827577,1.2690290572235878e-05
0.05,0.09,0.009,5,False,6,1,16.35447888722556,0.0020068673838260324,-0.061009693803796956,0.006930479134174476,0.0001828522555625383
0.05,0.09,0.009,5,False,6,4,10.982105607817896,0.002006229234908942,-0.0652927990345962,-0.0028562429946429884,2.9877076796780888e-05
0.05,0.09,0.009,5,False,6,8,9.77654941241074,0.0020262020263389618,0.027913567063957437,0.007681113865678881,-2.6348706850672963e-05
0.05,0.09,0.009,5,True,7,8,0.7234530760118182,0.002020037245300236,0.00531284571559641,-0.004375306265564784,4.073778011953354e-06
0.05,0.09,0.009,5,False,7,4,23.42916136961158,0.0020016253556617205,-0.1350903158280205,0.0361543707681676,0.00015759619255902255
0.05,0.09,0.009,5,False,7,5,23.267785562835233,0.0020159198511041057,-0.02385000570886032,0.056310557981011256,5.881523681632884e-07
0.05,0.09,0.009,5,False,7,0,14.665498284936557,0.002002592525747951,-0.19928787585649738,-0.01696864998310376,-8.058827260577475e-05
0.05,0.09,0.009,5,False,7,1,32.29207878329235,0.0020028044382570985,-0.17490487524692303,0.04855130397353877,0.0003015590566714612
0.05,0.09,0.009,5,False,7,6,20.44053514702739,0.0020019489583014156,-0.19389159322576516,0.0006236698498192514,-0.0001841228769728862
0.05,0.09,0.009,5,False,7,3,14.07761103417341,0.0020010689232701486,-0.15950976812473086,0.027489193856770636,-9.393204736573627e-05
0.05,0.09,0.009,5,False,8,7,75.19809872489922,0.002003641481919319,-0.20347991821066916,0.03384333789637047,-0.0003155677382807595
0.05,0.09,0.009,5,False,0,3,60.163193655646694,0.0020029503277813106,-0.13278867880874107,-0.05348357034586362,0.00042066889527556117
0.05,0.09,0.009,5,False,0,6,47.84471537075981,0.0020012789712289293,-0.1311531181162053,-0.027364952327048803,0.00037229579729480784
0.05,0.09,0.009,5,True,0,1,1.2774900228025816,0.0020097974327193437,-0.043005622034296864,-0.010855162532374837,-2.2800837712022355e-05
0.05,0.09,0.009,5,False,0,4,9.765020591570009,0.0020220283826040716,0.012589072801185958,-0.012302974235299292,2.381593197180392e-05
0.05,0.09,0.009,5,False,0,7,15.429654559976324,0.002011739841890287,-0.03702163328690612,0.03445294975876346,-0.0001503878298907176
0.05,0.09,0.009,5,True,1,2,0.8311834722475936,0.0020121740133750036,-0.03680468436323843,0.04087966611438204,1.64492761434689e-05
0.05,0.09,0.009,5,False,1,5,4.5939689046100955,0.002009628979227994,-0.052966922065269,-0.04408322017110221,-4.328054191897634e-05
0.05,0.09,0.009,5,False,1,0,21.007482653966502,0.0020023031116342856,-0.1956758374661593,0.01659848135197138,-2.9825966020381658e-05
0.05,0.09,0.009,5,False,1,4,6.246385435388544,0.002002789790566375,-0.14283407997760547,-0.053927170836779115,-8.416688943351202e-05
0.05,0.09,0.009,5,False,1,7,52.088966299470904,0.0020028108864365915,-0.14599795708012098,-0.05449206181314964,-0.0003849348893123677
0.05,0.09,0.009,5,False,1,6,22.194874342019528,0.0020004026943377597,-0.15527851610549015,0.0001335188223965619,0.0002033821319618586
0.05,0.09,0.009,5,False,2,5,61.0543209318599,0.0020006086792092705,-0.16617189068911148,0.004394489551694389,-0.0001027420344173771
0.05,0.09,0.009,5,False,3,1,2.3694439962251037,0.002013676396128098,-0.02305045781988164,-0.014602348660637457,6.733811687465085e-05
0.05,0.09,0.009,5,True,3,4,0.8159267412875254,0.002018085243967507,-0.004874363456254911,0.02612468670102648,8.799390822804842e-07
0.05,0.09,0.009,5,False,3,5,5.398234475153079,0.0020293139226955957,0.038486635207706114,0.002604605659551832,8.896444669878393e-05
0.05,0.09,0.009,5,False,3,7,11.313607489790435,0.0020101656856492877,-0.040418800535360545,0.0031380632222821913,-0.00011732879812271374
0.05,0.09,0.009,5,False,3,0,36.10346159103357,0.0020007125883744134,-0.16837892057681578,0.008407144250332609,0.00031643217256639185
0.05,0.09,0.009,5,False,3,6,27.223604176171655,0.002001129729769382,-0.1278285468396773,0.020716803001422084,0.00027023896740948543
0.05,0.09,0.009,5,False,4,1,1.5526266397778097,0.0020043360059080334,-0.09974166589021052,0.04829606383133429,1.2259468065553407e-05
0.05,0.09,0.009,5,False,4,2,7.1302901947121855,0.002019487656436913,0.00303008343309365,0.006933156775126222,9.21997996586235e-06
0.05,0.09,0.009,5,True,4,5,0.6569850901229326,0.0020115623905397344,-0.03398191419149662,0.016522458803318995,-1.0819305315184162e-05
0.05,0.09,0.009,5,False,4,7,12.186666170851298,0.002003030819606291,-0.09314491341727212,-0.004795739339214206,6.471444677585843e-05
0.05,0.09,0.009,5,False,4,0,25.959727176905538,0.00200077458107426,-0.1541462996316553,0.021619566984484404,0.00010807098955044906
0.05,0.09,0.009,5,False,4,6,21.771131002870163,0.0020003906195768303,-0.14689402842196622,0.0018450866549493904,0.0002511285465858806
0.05,0.09,0.009,5,False,4,3,14.11624045839205,0.002001542134112246,-0.1854482729565781,0.013063533199852245,0.00019551558678452356
0.05,0.09,0.009,5,False,5,2,6.079888519719136,0.002002946452713387,-0.1062260649283211,0.035153005871100505,-8.001836779030896e-05
0.05,0.09,0.009,5,False,6,0,10.111756564135108,0.0020023556101942327,-0.17857891584230026,0.0401187566072224,0.00013008403704873125
0.05,0.09,0.009,5,False,6,3,7.811685878272861,0.002000434677499452,-0.15773390302611212,-0.0027103332034806226,1.3783276614293533e-05
0.05,0.09,0.009,5,True,6,7,0.5966165722503236,0.0020069157168855186,-0.06164195709574634,-0.014813128491827577,1.2690290572235878e-05
0.05,0.09,0.009,5,False,6,1,16.35447888722556,0.0020068673838260324,-0.061009693803796956,0.006930479134174476,0.0001828522555625383
0.05,0.09,0.009,5,False,6,4,10.982105607817896,0.002006229234908942,-0.0652927990345962,-0.0028562429946429884,2.9877076796780888e-05
0.05,0.09,0.009,5,False,6,8,9.77654941241074,0.0020262020263389618,0.027913567063957437,0.007681113865678881,-2.6348706850672963e-05
0.05,0.09,0.009,5,True,7,8,0.3280300067347621,0.002005936239166133,-0.0681590430717457,0.011212776074855593,-6.375311914131419e-06
0.05,0.09,0.009,5,False,7,4,23.42916136961158,0.0020016253556617205,-0.1350903158280205,0.0361543707681676,0.00015759619255902255
0.05,0.09,0.009,5,False,7,5,23.267785562835233,0.0020159198511041057,-0.02385000570886032,0.056310557981011256,5.881523681632884e-07
0.05,0.09,0.009,5,False,7,0,14.665498284936557,0.002002592525747951,-0.19928787585649738,-0.01696864998310376,-8.058827260577475e-05
0.05,0.09,0.009,5,False,7,1,32.29207878329235,0.0020028044382570985,-0.17490487524692303,0.04855130397353877,0.0003015590566714612
0.05,0.09,0.009,5,False,7,6,20.44053514702739,0.0020019489583014156,-0.19389159322576516,0.0006236698498192514,-0.0001841228769728862
0.05,0.09,0.009,5,False,7,3,14.07761103417341,0.0020010689232701486,-0.15950976812473086,0.027489193856770636,-9.393204736573627e-05
0.05,0.09,0.009,5,False,8,7,75.19809872489922,0.002003641481919319,-0.20347991821066916,0.03384333789637047,-0.0003155677382807595
0.05,0.09,0.0009,5,False,3,7,7.066910616788176,0.002008725774854165,-0.0498421038822926,-0.016381296160356624,-2.8039187009700728e-05
0.05,0.09,0.0009,5,True,6,7,1.5402825606237538,0.0020082449673178896,-0.05727531987488721,0.03329708764390756,4.204303774881395e-05
0.05,0.09,0.0009,5,True,7,8,1.3191049192949498,0.0020118234994688745,-0.03324532249539273,-0.022166479124100694,-4.8632076738159194e-05
0.05,0.09,0.0009,5,False,1,4,29.343959438804404,0.0020008376440183205,-0.14149513941615288,-0.022191417291147236,-0.00016125815704935218
0.05,0.09,0.0009,5,False,3,7,3.969607411159796,0.0020039806340099303,-0.08372504357270344,0.007166902018664513,-6.680044770463305e-05
0.05,0.09,0.0009,5,True,3,4,1.3239732917962421,0.0020084762146363655,-0.05062185793609233,0.010767524695254114,2.2206042671031297e-05
0.05,0.09,0.0009,5,False,4,1,3.352681080003528,0.00200077619243932,-0.12791730168909968,0.0011512795135171163,-1.8594779452301125e-09
0.05,0.09,0.0009,5,True,4,5,1.6869070012331515,0.0020186007637531377,-0.00021892594580610322,-0.007267183562436555,3.955672100629477e-06
0.05,0.09,0.0009,5,True,6,7,1.0703822986236997,0.0020072753120908915,-0.06011101502346933,0.020732380967321426,2.486162196152383e-05
0.05,0.09,0.0009,5,False,6,3,8.501751227225089,0.0020009518310379155,-0.12362537609182485,-0.0031807203672587817,0.00014622647174625226
0.05,0.09,0.0009,5,False,6,4,6.530675194051656,0.0020120960010902495,-0.03152450611842788,0.020564674991140303,0.00011386811996963476
0.05,0.09,0.0009,5,True,7,8,0.915479464571465,0.0020132800294089762,-0.025551533620323766,-0.020812597727263644,-2.765539501631823e-05
0.05,0.09,0.0009,5,True,0,1,1.0014698512586766,0.0020162549718225798,-0.010678410161992185,0.013476111378239017,1.2900274549175058e-05
0.05,0.09,0.0009,5,False,1,4,37.79282185126901,0.002000979773284863,-0.15913288988205826,-0.02562832527338715,-0.00027567439818258684
0.05,0.09,0.0009,5,True,1,2,0.5900105212802524,0.002015067484738715,-0.024205094914238244,-0.04798140412320119,-1.3243341877929241e-05
0.05,0.09,0.0009,5,False,3,7,3.969607411159796,0.0020039806340099303,-0.08372504357270344,0.007166902018664513,-6.680044770463305e-05
0.05,0.09,0.0009,5,True,3,4,1.3239732917962421,0.0020084762146363655,-0.05062185793609233,0.010767524695254114,2.2206042671031297e-05
0.05,0.09,0.0009,5,False,4,1,6.600510580167473,0.0020008629862116444,-0.1323383773383161,0.016856868726076227,4.749863688022276e-05
0.05,0.09,0.0009,5,True,4,5,1.6594091433181706,0.002018719660287242,-0.0013449733889741074,-0.023143084821145486,6.127690484656716e-06
0.05,0.09,0.0009,5,False,4,7,6.297247211774939,0.002000506731925557,-0.16197143249342438,-0.003619389073277709,3.7247370044651533e-06
0.05,0.09,0.0009,5,False,6,1,14.354459756196878,0.002011103389007898,-0.034991003087407054,-0.0026900854555809233,-5.046830090401764e-05
0.05,0.09,0.0009,5,True,6,7,1.0703822986236997,0.0020072753120908915,-0.06011101502346933,0.020732380967321426,2.486162196152383e-05
0.05,0.09,0.0009,5,False,6,3,8.191007977196325,0.002001953243541704,-0.12849174857815718,-0.03845811862273469,0.00014415312627703728
0.05,0.09,0.0009,5,False,6,4,6.575572660090448,0.0020149706196272996,-0.016669896211410462,0.015170767668989112,9.568782648549854e-05
0.05,0.09,0.0009,5,False,6,8,46.55226622830663,0.0020155523370952184,-0.013248937325339345,0.0049025391573853504,-0.00036235654334250156
0.05,0.09,0.0009,5,True,7,8,0.915479464571465,0.0020132800294089762,-0.025551533620323766,-0.020812597727263644,-2.765539501631823e-05
0.05,0.09,0.0009,5,False,7,1,47.441983596303245,0.0020015343840072493,-0.12142422074234727,-0.02465728579660164,0.00020396427421646545
0.05,0.09,0.0009,5,False,7,4,63.77413913920831,0.002000441668873821,-0.14792591773603841,0.008474516555033057,0.0004203119099094382
0.05,0.09,0.0009,5,True,0,1,0.4814954969496085,0.002025698060275076,0.026304924485363295,0.012762387877533235,1.3108659252625843e-05
0.05,0.09,0.0009,5,False,0,4,8.76168341595656,0.0020124807981949638,-0.02779445579444116,-0.00012909516627207334,4.449791689756283e-05
0.05,0.09,0.0009,5,False,0,6,10.729220555624055,0.0020003841272012157,-0.1508628013706772,0.0020876854182886396,0.000130256845435445
0.05,0.09,0.0009,5,False,1,4,37.79282185126901,0.002000979773284863,-0.15913288988205826,-0.02562832527338715,-0.00027567439818258684
0.05,0.09,0.0009,5,False,1,7,37.88173489294106,0.002001505560843054,-0.17808752615390572,0.024497327068048975,-8.561663142062737e-05
0.05,0.09,0.0009,5,True,1,2,0.7624816312051201,0.002010982541848002,-0.04021814865406368,-0.03214162858143821,-3.8551761426277196e-07
0.05,0.09,0.0009,5,False,3,7,3.969607411159796,0.0020039806340099303,-0.08372504357270344,0.007166902018664513,-6.680044770463305e-05
0.05,0.09,0.0009,5,True,3,4,1.2805514936231914,0.0020121690560202113,-0.0333493373909442,0.030693627064200195,1.697218162460141e-05
0.05,0.09,0.0009,5,False,3,6,5.140551887938343,0.0020005780324619223,-0.13479879633516403,-0.00365170191210804,0.00010493471189779796
0.05,0.09,0.0009,5,False,4,1,6.600510580167473,0.0020008629862116444,-0.1323383773383161,0.016856868726076227,4.749863688022276e-05
0.05,0.09,0.0009,5,True,4,5,1.6594091433181706,0.002018719660287242,-0.0013449733889741074,-0.023143084821145486,6.127690484656716e-06
0.05,0.09,0.0009,5,False,4,7,9.97334009827295,0.0020006377063177313,-0.16762846742753632,-0.002700908661887822,2.4907058122837036e-05
0.05,0.09,0.0009,5,False,6,1,6.672090386945198,0.0020182000940750415,-0.001783234110231371,-0.004947398499108747,6.884783034834571e-06
0.05,0.09,0.0009,5,True,6,7,1.0703822986236997,0.0020072753120908915,-0.06011101502346933,0.020732380967321426,2.486162196152383e-05
0.05,0.09,0.0009,5,False,6,3,8.191007977196325,0.002001953243541704,-0.12849174857815718,-0.03845811862273469,0.00014415312627703728
0.05,0.09,0.0009,5,False,6,4,6.575572660090448,0.0020149706196272996,-0.016669896211410462,0.015170767668989112,9.568782648549854e-05
0.05,0.09,0.0009,5,False,6,8,50.366354306033685,0.002019938681717393,0.004466996907639462,0.01668678505580693,-0.0003848633466779036
0.05,0.09,0.0009,5,True,7,8,0.915479464571465,0.0020132800294089762,-0.025551533620323766,-0.020812597727263644,-2.765539501631823e-05
0.05,0.09,0.0009,5,False,7,1,44.21234281504867,0.0020019472606807613,-0.10620896747131768,0.0040741868355899016,0.00029871627672289517
0.05,0.09,0.0009,5,False,7,4,61.08851912371472,0.0020005035518714533,-0.1419789464556869,0.009389075406538811,0.000391469482516326
0.05,0.09,0.0009,5,False,7,5,33.082331321195774,0.0020164547358354004,-0.009529614020543309,0.010330910837812696,0.00020893490717460426
0.05,0.09,0.0009,5,True,0,1,0.4814954969496085,0.002025698060275076,0.026304924485363295,0.012762387877533235,1.3108659252625843e-05
0.05,0.09,0.0009,5,False,0,4,8.312671258712317,0.002012741282569922,-0.02712208909668158,0.012518215004698892,-3.4467866281514764e-05
0.05,0.09,0.0009,5,False,0,6,3.8783298011128786,0.002000897687947612,-0.13027385681343567,-0.015804859551907937,7.930250033561629e-05
0.05,0.09,0.0009,5,False,0,3,5.369763325528188,0.0020018706763846126,-0.11623669034171433,-0.02645302046692788,0.0001002506405621609
0.05,0.09,0.0009,5,False,1,4,37.79282185126901,0.002000979773284863,-0.15913288988205826,-0.02562832527338715,-0.00027567439818258684
0.05,0.09,0.0009,5,False,1,7,37.88173489294106,0.002001505560843054,-0.17808752615390572,0.024497327068048975,-8.561663142062737e-05
0.05,0.09,0.0009,5,True,1,2,0.7624816312051201,0.002010982541848002,-0.04021814865406368,-0.03214162858143821,-3.8551761426277196e-07
0.05,0.09,0.0009,5,False,3,7,3.969607411159796,0.0020039806340099303,-0.08372504357270344,0.007166902018664513,-6.680044770463305e-05
0.05,0.09,0.0009,5,False,3,1,10.8624031079193,0.002008458866807618,-0.05060114573054871,0.009507819016248463,6.078356662423862e-06
0.05,0.09,0.0009,5,True,3,4,1.2805514936231914,0.0020121690560202113,-0.0333493373909442,0.030693627064200195,1.697218162460141e-05
0.05,0.09,0.0009,5,False,3,6,9.12726388054983,0.002000448514493283,-0.14117644630345955,-0.0025906665064176315,0.00014785131064757787
0.05,0.09,0.0009,5,False,4,1,6.600510580167473,0.0020008629862116444,-0.1323383773383161,0.016856868726076227,4.749863688022276e-05
0.05,0.09,0.0009,5,True,4,5,1.6594091433181706,0.002018719660287242,-0.0013449733889741074,-0.023143084821145486,6.127690484656716e-06
0.05,0.09,0.0009,5,False,4,7,9.97334009827295,0.0020006377063177313,-0.16762846742753632,-0.002700908661887822,2.4907058122837036e-05
0.05,0.09,0.0009,5,False,6,0,2.5601447881842985,0.0020009744923387227,-0.12533781477355,-0.011201738441463127,4.12218749559865e-05
0.05,0.09,0.0009,5,False,6,1,6.672090386945198,0.0020182000940750415,-0.001783234110231371,-0.004947398499108747,6.884783034834571e-06
0.05,0.09,0.0009,5,True,6,7,1.0703822986236997,0.0020072753120908915,-0.06011101502346933,0.020732380967321426,2.486162196152383e-05
0.05,0.09,0.0009,5,False,6,3,8.191007977196325,0.002001953243541704,-0.12849174857815718,-0.03845811862273469,0.00014415312627703728
0.05,0.09,0.0009,5,False,6,4,6.575572660090448,0.0020149706196272996,-0.016669896211410462,0.015170767668989112,9.568782648549854e-05
0.05,0.09,0.0009,5,False,6,8,50.366354306033685,0.002019938681717393,0.004466996907639462,0.01668678505580693,-0.0003848633466779036
0.05,0.09,0.0009,5,True,7,8,0.915479464571465,0.0020132800294089762,-0.025551533620323766,-0.020812597727263644,-2.765539501631823e-05
0.05,0.09,0.0009,5,False,7,1,44.21234281504867,0.0020019472606807613,-0.10620896747131768,0.0040741868355899016,0.00029871627672289517
0.05,0.09,0.0009,5,False,7,3,60.66075548339701,0.002002701210761266,-0.18988737639967296,-0.03568990587031448,0.0003778604590902315
0.05,0.09,0.0009,5,False,7,4,61.08851912371472,0.0020005035518714533,-0.1419789464556869,0.009389075406538811,0.000391469482516326
0.05,0.09,0.0009,5,False,7,5,33.082331321195774,0.0020164547358354004,-0.009529614020543309,0.010330910837812696,0.00020893490717460426
0.05,0.09,0.0009,5,True,0,1,0.4814954969496085,0.002025698060275076,0.026304924485363295,0.012762387877533235,1.3108659252625843e-05
0.05,0.09,0.0009,5,False,0,4,8.312671258712317,0.002012741282569922,-0.02712208909668158,0.012518215004698892,-3.4467866281514764e-05
0.05,0.09,0.0009,5,False,0,6,3.8783298011128786,0.002000897687947612,-0.13027385681343567,-0.015804859551907937,7.930250033561629e-05
0.05,0.09,0.0009,5,False,0,3,5.122068799657809,0.002000519393185616,-0.15245051461563716,-0.012885518373299537,9.664224737644202e-05
0.05,0.09,0.0009,5,False,1,4,37.79282185126901,0.002000979773284863,-0.15913288988205826,-0.02562832527338715,-0.00027567439818258684
0.05,0.09,0.0009,5,False,1,7,37.88173489294106,0.002001505560843054,-0.17808752615390572,0.024497327068048975,-8.561663142062737e-05
0.05,0.09,0.0009,5,True,1,2,0.7624816312051201,0.002010982541848002,-0.04021814865406368,-0.03214162858143821,-3.8551761426277196e-07
0.05,0.09,0.0009,5,False,3,7,3.969607411159796,0.0020039806340099303,-0.08372504357270344,0.007166902018664513,-6.680044770463305e-05
0.05,0.09,0.0009,5,False,3,1,10.8624031079193,0.002008458866807618,-0.05060114573054871,0.009507819016248463,6.078356662423862e-06
0.05,0.09,0.0009,5,True,3,4,1.2805514936231914,0.0020121690560202113,-0.0333493373909442,0.030693627064200195,1.697218162460141e-05
0.05,0.09,0.0009,5,False,3,6,9.12726388054983,0.002000448514493283,-0.14117644630345955,-0.0025906665064176315,0.00014785131064757787
0.05,0.09,0.0009,5,False,3,0,19.210011708593775,0.002000684990053371,-0.14310544948538112,0.018134792557336757,0.0002000863094293415
0.05,0.09,0.0009,5,False,4,1,6.600510580167473,0.0020008629862116444,-0.1323383773383161,0.016856868726076227,4.749863688022276e-05
0.05,0.09,0.0009,5,True,4,5,1.6594091433181706,0.002018719660287242,-0.0013449733889741074,-0.023143084821145486,6.127690484656716e-06
0.05,0.09,0.0009,5,False,4,7,9.97334009827295,0.0020006377063177313,-0.16762846742753632,-0.002700908661887822,2.4907058122837036e-05
0.05,0.09,0.0009,5,False,6,0,3.661672049441477,0.0020006638668758413,-0.13334693206684003,-0.008545126276673446,1.4973153102340847e-05
0.05,0.09,0.0009,5,False,6,1,6.672090386945198,0.0020182000940750415,-0.001783234110231371,-0.004947398499108747,6.884783034834571e-06
0.05,0.09,0.0009,5,True,6,7,1.0703822986236997,0.0020072753120908915,-0.06011101502346933,0.020732380967321426,2.486162196152383e-05
0.05,0.09,0.0009,5,False,6,3,8.191007977196325,0.002001953243541704,-0.12849174857815718,-0.03845811862273469,0.00014415312627703728
0.05,0.09,0.0009,5,False,6,4,6.575572660090448,0.0020149706196272996,-0.016669896211410462,0.015170767668989112,9.568782648549854e-05
0.05,0.09,0.0009,5,False,6,8,50.366354306033685,0.002019938681717393,0.004466996907639462,0.01668678505580693,-0.0003848633466779036
0.05,0.09,0.0009,5,True,7,8,0.915479464571465,0.0020132800294089762,-0.025551533620323766,-0.020812597727263644,-2.765539501631823e-05
0.05,0.09,0.0009,5,False,7,1,44.21234281504867,0.0020019472606807613,-0.10620896747131768,0.0040741868355899016,0.00029871627672289517
0.05,0.09,0.0009,5,False,7,3,60.66075548339701,0.002002701210761266,-0.18988737639967296,-0.03568990587031448,0.0003778604590902315
0.05,0.09,0.0009,5,False,7,4,61.08851912371472,0.0020005035518714533,-0.1419789464556869,0.009389075406538811,0.000391469482516326
0.05,0.09,0.0009,5,False,7,5,33.082331321195774,0.0020164547358354004,-0.009529614020543309,0.010330910837812696,0.00020893490717460426
0.05,0.09,0.0009,5,False,8,1,35.66005808396084,0.002001435447565771,-0.15649846420536465,-0.035500962123889535,0.0002602283615309284
0.05,0.09,0.0009,5,True,0,1,0.4814954969496085,0.002025698060275076,0.026304924485363295,0.012762387877533235,1.3108659252625843e-05
0.05,0.09,0.0009,5,False,0,4,8.312671258712317,0.002012741282569922,-0.02712208909668158,0.012518215004698892,-3.4467866281514764e-05
0.05,0.09,0.0009,5,False,0,6,3.8783298011128786,0.002000897687947612,-0.13027385681343567,-0.015804859551907937,7.930250033561629e-05
0.05,0.09,0.0009,5,False,0,3,5.122068799657809,0.002000519393185616,-0.15245051461563716,-0.012885518373299537,9.664224737644202e-05
0.05,0.09,0.0009,5,False,1,4,37.79282185126901,0.002000979773284863,-0.15913288988205826,-0.02562832527338715,-0.00027567439818258684
0.05,0.09,0.0009,5,False,1,7,37.88173489294106,0.002001505560843054,-0.17808752615390572,0.024497327068048975,-8.561663142062737e-05
0.05,0.09,0.0009,5,True,1,2,0.7624816312051201,0.002010982541848002,-0.04021814865406368,-0.03214162858143821,-3.8551761426277196e-07
0.05,0.09,0.0009,5,False,3,7,3.969607411159796,0.0020039806340099303,-0.08372504357270344,0.007166902018664513,-6.680044770463305e-05
0.05,0.09,0.0009,5,False,3,1,9.009457975695273,0.0020097823965249603,-0.04284735786525395,0.01105859246024399,6.706673257523424e-05
0.05,0.09,0.0009,5,True,3,4,1.2805514936231914,0.0020121690560202113,-0.0333493373909442,0.030693627064200195,1.697218162460141e-05
0.05,0.09,0.0009,5,False,3,6,9.12726388054983,0.002000448514493283,-0.14117644630345955,-0.0025906665064176315,0.00014785131064757787
0.05,0.09,0.0009,5,False,3,0,25.574650460649885,0.002000885308790363,-0.12901490534160445,0.013537580154963608,0.00026077031836997335
0.05,0.09,0.0009,5,False,4,2,25.18002557564097,0.002018813764471595,0.0001157152668421238,-0.014677231452077786,0.00020517666815793068
0.05,0.09,0.0009,5,False,4,1,6.600510580167473,0.0020008629862116444,-0.1323383773383161,0.016856868726076227,4.749863688022276e-05
0.05,0.09,0.0009,5,True,4,5,1.6594091433181706,0.002018719660287242,-0.0013449733889741074,-0.023143084821145486,6.127690484656716e-06
0.05,0.09,0.0009,5,False,4,7,9.97334009827295,0.0020006377063177313,-0.16762846742753632,-0.002700908661887822,2.4907058122837036e-05
0.05,0.09,0.0009,5,False,6,0,3.661672049441477,0.0020006638668758413,-0.13334693206684003,-0.008545126276673446,1.4973153102340847e-05
0.05,0.09,0.0009,5,False,6,1,6.672090386945198,0.0020182000940750415,-0.001783234110231371,-0.004947398499108747,6.884783034834571e-06
0.05,0.09,0.0009,5,True,6,7,1.0703822986236997,0.0020072753120908915,-0.06011101502346933,0.020732380967321426,2.486162196152383e-05
0.05,0.09,0.0009,5,False,6,3,8.191007977196325,0.002001953243541704,-0.12849174857815718,-0.03845811862273469,0.00014415312627703728
0.05,0.09,0.0009,5,False,6,4,6.575572660090448,0.0020149706196272996,-0.016669896211410462,0.015170767668989112,9.568782648549854e-05
0.05,0.09,0.0009,5,False,6,8,50.366354306033685,0.002019938681717393,0.004466996907639462,0.01668678505580693,-0.0003848633466779036
0.05,0.09,0.0009,5,True,7,8,1.0613255633306253,0.002005052362599837,-0.07406463930773217,0.00047745763856212834,-2.9693631143894653e-05
0.05,0.09,0.0009,5,False,7,1,44.21234281504867,0.0020019472606807613,-0.10620896747131768,0.0040741868355899016,0.00029871627672289517
0.05,0.09,0.0009,5,False,7,3,60.66075548339701,0.002002701210761266,-0.18988737639967296,-0.03568990587031448,0.0003778604590902315
0.05,0.09,0.0009,5,False,7,4,61.08851912371472,0.0020005035518714533,-0.1419789464556869,0.009389075406538811,0.000391469482516326
0.05,0.09,0.0009,5,False,7,5,33.082331321195774,0.0020164547358354004,-0.009529614020543309,0.010330910837812696,0.00020893490717460426
0.05,0.09,0.0009,5,False,8,1,35.66005808396084,0.002001435447565771,-0.15649846420536465,-0.035500962123889535,0.0002602283615309284
0.05,0.09,0.0009,5,False,8,7,102.61685116321298,0.0020022846944399543,-0.19841504076953057,-0.002590860259940482,0.0005138672927928011
0.05,0.09,0.0009,5,True,0,1,0.4814954969496085,0.002025698060275076,0.026304924485363295,0.012762387877533235,1.3108659252625843e-05
0.05,0.09,0.0009,5,False,0,4,8.312671258712317,0.002012741282569922,-0.02712208909668158,0.012518215004698892,-3.4467866281514764e-05
0.05,0.09,0.0009,5,False,0,6,3.8783298011128786,0.002000897687947612,-0.13027385681343567,-0.015804859551907937,7.930250033561629e-05
0.05,0.09,0.0009,5,False,0,3,5.122068799657809,0.002000519393185616,-0.15245051461563716,-0.012885518373299537,9.664224737644202e-05
0.05,0.09,0.0009,5,False,1,4,37.79282185126901,0.002000979773284863,-0.15913288988205826,-0.02562832527338715,-0.00027567439818258684
0.05,0.09,0.0009,5,False,1,7,37.88173489294106,0.002001505560843054,-0.17808752615390572,0.024497327068048975,-8.561663142062737e-05
0.05,0.09,0.0009,5,True,1,2,0.7624816312051201,0.002010982541848002,-0.04021814865406368,-0.03214162858143821,-3.8551761426277196e-07
0.05,0.09,0.0009,5,False,2,1,6.674423189222162,0.0020013436668998704,-0.1697855928649317,-0.028246254738706424,0.0001343600159520465
0.05,0.09,0.0009,5,False,3,7,3.969607411159796,0.0020039806340099303,-0.08372504357270344,0.007166902018664513,-6.680044770463305e-05
0.05,0.09,0.0009,5,False,3,1,9.009457975695273,0.0020097823965249603,-0.04284735786525395,0.01105859246024399,6.706673257523424e-05
0.05,0.09,0.0009,5,True,3,4,1.2805514936231914,0.0020121690560202113,-0.0333493373909442,0.030693627064200195,1.697218162460141e-05
0.05,0.09,0.0009,5,False,3,6,9.12726388054983,0.002000448514493283,-0.14117644630345955,-0.0025906665064176315,0.00014785131064757787
0.05,0.09,0.0009,5,False,3,0,25.574650460649885,0.002000885308790363,-0.12901490534160445,0.013537580154963608,0.00026077031836997335
0.05,0.09,0.0009,5,False,3,5,18.10490101105839,0.0020297194640452347,0.039763444866705376,0.014111126054615866,-0.00018829402944872
0.05,0.09,0.0009,5,False,4,2,31.408692222787117,0.002017858252300579,-0.003435006931779398,-0.009463647830790546,0.00028045109470443085
0.05,0.09,0.0009,5,False,4,1,6.600510580167473,0.0020008629862116444,-0.1323383773383161,0.016856868726076227,4.749863688022276e-05
0.05,0.09,0.0009,5,False,4,3,56.17782937415366,0.002003535438750588,-0.1981376112965109,-0.03971291147481101,0.0003139099387906564
0.05,0.09,0.0009,5,True,4,5,1.3824308336805893,0.0020153839337637624,-0.01631323176895119,-0.02539623101871003,1.1933233536665047e-05
0.05,0.09,0.0009,5,False,4,7,9.97334009827295,0.0020006377063177313,-0.16762846742753632,-0.002700908661887822,2.4907058122837036e-05
0.05,0.09,0.0009,5,False,6,0,3.661672049441477,0.0020006638668758413,-0.13334693206684003,-0.008545126276673446,1.4973153102340847e-05
0.05,0.09,0.0009,5,False,6,1,6.672090386945198,0.0020182000940750415,-0.001783234110231371,-0.004947398499108747,6.884783034834571e-06
0.05,0.09,0.0009,5,True,6,7,1.169675342933757,0.002013436158929112,-0.023111667113383087,0.003553015013552028,1.8581732294231612e-05
0.05,0.09,0.0009,5,False,6,3,8.191007977196325,0.002001953243541704,-0.12849174857815718,-0.03845811862273469,0.00014415312627703728
0.05,0.09,0.0009,5,False,6,4,6.575572660090448,0.0020149706196272996,-0.016669896211410462,0.015170767668989112,9.568782648549854e-05
0.05,0.09,0.0009,5,False,6,8,50.366354306033685,0.002019938681717393,0.004466996907639462,0.01668678505580693,-0.0003848633466779036
0.05,0.09,0.0009,5,True,7,8,1.0613255633306253,0.002005052362599837,-0.07406463930773217,0.00047745763856212834,-2.9693631143894653e-05
0.05,0.09,0.0009,5,False,7,1,44.21234281504867,0.0020019472606807613,-0.10620896747131768,0.0040741868355899016,0.00029871627672289517
0.05,0.09,0.0009,5,False,7,3,60.66075548339701,0.002002701210761266,-0.18988737639967296,-0.03568990587031448,0.0003778604590902315
0.05,0.09,0.0009,5,False,7,4,61.08851912371472,0.0020005035518714533,-0.1419789464556869,0.009389075406538811,0.000391469482516326
0.05,0.09,0.0009,5,False,7,5,33.082331321195774,0.0020164547358354004,-0.009529614020543309,0.010330910837812696,0.00020893490717460426
0.05,0.09,0.0009,5,False,8,1,35.66005808396084,0.002001435447565771,-0.15649846420536465,-0.035500962123889535,0.0002602283615309284
0.05,0.09,0.0009,5,False,8,7,102.61685116321298,0.0020022846944399543,-0.19841504076953057,-0.002590860259940482,0.0005138672927928011
0.05,0.09,0.0009,5,True,0,1,0.4814954969496085,0.002025698060275076,0.026304924485363295,0.012762387877533235,1.3108659252625843e-05
0.05,0.09,0.0009,5,False,0,4,8.312671258712317,0.002012741282569922,-0.02712208909668158,0.012518215004698892,-3.4467866281514764e-05
0.05,0.09,0.0009,5,False,0,6,3.8783298011128786,0.002000897687947612,-0.13027385681343567,-0.015804859551907937,7.930250033561629e-05
0.05,0.09,0.0009,5,False,0,3,5.122068799657809,0.002000519393185616,-0.15245051461563716,-0.012885518373299537,9.664224737644202e-05
0.05,0.09,0.0009,5,False,1,4,37.79282185126901,0.002000979773284863,-0.15913288988205826,-0.02562832527338715,-0.00027567439818258684
0.05,0.09,0.0009,5,False,1,7,37.88173489294106,0.002001505560843054,-0.17808752615390572,0.024497327068048975,-8.561663142062737e-05
0.05,0.09,0.0009,5,True,1,2,1.1458783052109238,0.0020034449838747578,-0.08935208562144006,-0.010222024781011375,-5.468836372634379e-06
0.05,0.09,0.0009,5,False,2,1,6.674423189222162,0.0020013436668998704,-0.1697855928649317,-0.028246254738706424,0.0001343600159520465
0.05,0.09,0.0009,5,False,3,7,3.969607411159796,0.0020039806340099303,-0.08372504357270344,0.007166902018664513,-6.680044770463305e-05
0.05,0.09,0.0009,5,False,3,1,9.009457975695273,0.0020097823965249603,-0.04284735786525395,0.01105859246024399,6.706673257523424e-05
0.05,0.09,0.0009,5,True,3,4,1.2805514936231914,0.0020121690560202113,-0.0333493373909442,0.030693627064200195,1.697218162460141e-05
0.05,0.09,0.0009,5,False,3,6,9.12726388054983,0.002000448514493283,-0.14117644630345955,-0.0025906665064176315,0.00014785131064757787
0.05,0.09,0.0009,5,False,3,0,25.574650460649885,0.002000885308790363,-0.12901490534160445,0.013537580154963608,0.00026077031836997335
0.05,0.09,0.0009,5,False,3,5,18.10490101105839,0.0020297194640452347,0.039763444866705376,0.014111126054615866,-0.00018829402944872
0.05,0.09,0.0009,5,False,4,2,31.408692222787117,0.002017858252300579,-0.003435006931779398,-0.009463647830790546,0.00028045109470443085
0.05,0.09,0.0009,5,False,4,1,6.600510580167473,0.0020008629862116444,-0.1323383773383161,0.016856868726076227,4.749863688022276e-05
0.05,0.09,0.0009,5,False,4,3,56.17782937415366,0.002003535438750588,-0.1981376112965109,-0.03971291147481101,0.0003139099387906564
0.05,0.09,0.0009,5,True,4,5,1.3824308336805893,0.0020153839337637624,-0.01631323176895119,-0.02539623101871003,1.1933233536665047e-05
0.05,0.09,0.0009,5,False,4,7,9.97334009827295,0.0020006377063177313,-0.16762846742753632,-0.002700908661887822,2.4907058122837036e-05
0.05,0.09,0.0009,5,False,6,0,3.661672049441477,0.0020006638668758413,-0.13334693206684003,-0.008545126276673446,1.4973153102340847e-05
0.05,0.09,0.0009,5,False,6,1,6.672090386945198,0.0020182000940750415,-0.001783234110231371,-0.004947398499108747,6.884783034834571e-06
0.05,0.09,0.0009,5,True,6,7,1.2502472388033548,0.0020159732924421797,-0.011455301488844046,0.007060252455389587,1.8596732161737846e-05
0.05,0.09,0.0009,5,False,6,3,11.57107773337837,0.002000807273243756,-0.13146655607071406,0.013558799633749268,-0.00012480626433657724
0.05,0.09,0.0009,5,False,6,4,6.575572660090448,0.0020149706196272996,-0.016669896211410462,0.015170767668989112,9.568782648549854e-05
0.05,0.09,0.0009,5,False,6,8,50.366354306033685,0.002019938681717393,0.004466996907639462,0.01668678505580693,-0.0003848633466779036
0.05,0.09,0.0009,5,True,7,8,1.027190248924656,0.0020036516030296206,-0.08742943679578222,0.01107176602390752,-2.7856805444845117e-05
0.05,0.09,0.0009,5,False,7,1,44.21234281504867,0.0020019472606807613,-0.10620896747131768,0.0040741868355899016,0.00029871627672289517
0.05,0.09,0.0009,5,False,7,3,60.66075548339701,0.002002701210761266,-0.18988737639967296,-0.03568990587031448,0.0003778604590902315
0.05,0.09,0.0009,5,False,7,4,61.08851912371472,0.0020005035518714533,-0.1419789464556869,0.009389075406538811,0.000391469482516326
0.05,0.09,0.0009,5,False,7,5,33.082331321195774,0.0020164547358354004,-0.009529614020543309,0.010330910837812696,0.00020893490717460426
0.05,0.09,0.0009,5,False,8,1,35.66005808396084,0.002001435447565771,-0.15649846420536465,-0.035500962123889535,0.0002602283615309284
0.05,0.09,0.0009,5,False,8,7,53.943564360742485,0.002002044476436267,-0.19279944309338173,-0.014914253635074936,0.00038940412559764967
0.05,0.09,0.0009,5,True,0,1,1.7158394364598153,0.0020219142088073326,0.013004886091878954,0.002421738745702124,-1.4708216006986515e-05
0.05,0.09,0.0009,5,False,0,4,8.312671258712317,0.002012741282569922,-0.02712208909668158,0.012518215004698892,-3.4467866281514764e-05
0.05,0.09,0.0009,5,False,0,6,3.8783298011128786,0.002000897687947612,-0.13027385681343567,-0.015804859551907937,7.930250033561629e-05
0.05,0.09,0.0009,5,False,0,3,5.122068799657809,0.002000519393185616,-0.15245051461563716,-0.012885518373299537,9.664224737644202e-05
0.05,0.09,0.0009,5,False,1,4,37.79282185126901,0.002000979773284863,-0.15913288988205826,-0.02562832527338715,-0.00027567439818258684
0.05,0.09,0.0009,5,False,1,7,37.88173489294106,0.002001505560843054,-0.17808752615390572,0.024497327068048975,-8.561663142062737e-05
0.05,0.09,0.0009,5,True,1,2,1.5195517533481238,0.0020098661196381318,-0.04817782698514824,-0.036599866754397116,1.5079856768293454e-07
0.05,0.09,0.0009,5,False,2,5,7.1512429200509455,0.0020007788353893683,-0.1453765348618358,-0.021699187097022836,-6.505884407597409e-05
0.05,0.09,0.0009,5,False,2,1,6.674423189222162,0.0020013436668998704,-0.1697855928649317,-0.028246254738706424,0.0001343600159520465
0.05,0.09,0.0009,5,False,3,7,3.969607411159796,0.0020039806340099303,-0.08372504357270344,0.007166902018664513,-6.680044770463305e-05
0.05,0.09,0.0009,5,False,3,1,9.009457975695273,0.0020097823965249603,-0.04284735786525395,0.01105859246024399,6.706673257523424e-05
0.05,0.09,0.0009,5,True,3,4,1.2805514936231914,0.0020121690560202113,-0.0333493373909442,0.030693627064200195,1.697218162460141e-05
0.05,0.09,0.0009,5,False,3,6,9.12726388054983,0.002000448514493283,-0.14117644630345955,-0.0025906665064176315,0.00014785131064757787
0.05,0.09,0.0009,5,False,3,0,25.574650460649885,0.002000885308790363,-0.12901490534160445,0.013537580154963608,0.00026077031836997335
0.05,0.09,0.0009,5,False,3,5,18.10490101105839,0.0020297194640452347,0.039763444866705376,0.014111126054615866,-0.00018829402944872
0.05,0.09,0.0009,5,False,4,2,31.408692222787117,0.002017858252300579,-0.003435006931779398,-0.009463647830790546,0.00028045109470443085
0.05,0.09,0.0009,5,False,4,1,41.73866243614707,0.002002635707791245,-0.10221107021945146,-0.022364196159154276,0.00034306161770847565
0.05,0.09,0.0009,5,False,4,3,56.17782937415366,0.002003535438750588,-0.1981376112965109,-0.03971291147481101,0.0003139099387906564
0.05,0.09,0.0009,5,True,4,5,1.3824308336805893,0.0020153839337637624,-0.01631323176895119,-0.02539623101871003,1.1933233536665047e-05
0.05,0.09,0.0009,5,False,4,6,36.88034944417423,0.0020046908540944488,-0.20539757947144108,-0.04744738491439555,0.0002566844565187292
0.05,0.09,0.0009,5,False,4,7,9.97334009827295,0.0020006377063177313,-0.16762846742753632,-0.002700908661887822,2.4907058122837036e-05
0.05,0.09,0.0009,5,False,5,2,18.74356959087148,0.0020015006985696685,-0.11351174667372985,0.007192840404783332,0.00020465782742766137
0.05,0.09,0.0009,5,False,6,0,3.661672049441477,0.0020006638668758413,-0.13334693206684003,-0.008545126276673446,1.4973153102340847e-05
0.05,0.09,0.0009,5,False,6,1,6.672090386945198,0.0020182000940750415,-0.001783234110231371,-0.004947398499108747,6.884783034834571e-06
0.05,0.09,0.0009,5,True,6,7,1.2502472388033548,0.0020159732924421797,-0.011455301488844046,0.007060252455389587,1.8596732161737846e-05
0.05,0.09,0.0009,5,False,6,3,11.57107773337837,0.002000807273243756,-0.13146655607071406,0.013558799633749268,-0.00012480626433657724
0.05,0.09,0.0009,5,False,6,4,6.575572660090448,0.0020149706196272996,-0.016669896211410462,0.015170767668989112,9.568782648549854e-05
0.05,0.09,0.0009,5,False,6,8,50.366354306033685,0.002019938681717393,0.004466996907639462,0.01668678505580693,-0.0003848633466779036
0.05,0.09,0.0009,5,True,7,8,1.027190248924656,0.0020036516030296206,-0.08742943679578222,0.01107176602390752,-2.7856805444845117e-05
0.05,0.09,0.0009,5,False,7,1,44.21234281504867,0.0020019472606807613,-0.10620896747131768,0.0040741868355899016,0.00029871627672289517
0.05,0.09,0.0009,5,False,7,3,60.66075548339701,0.002002701210761266,-0.18988737639967296,-0.03568990587031448,0.0003778604590902315
0.05,0.09,0.0009,5,False,7,4,61.08851912371472,0.0020005035518714533,-0.1419789464556869,0.009389075406538811,0.000391469482516326
0.05,0.09,0.0009,5,False,7,5,33.082331321195774,0.0020164547358354004,-0.009529614020543309,0.010330910837812696,0.00020893490717460426
0.05,0.09,0.0009,5,False,8,1,35.66005808396084,0.002001435447565771,-0.15649846420536465,-0.035500962123889535,0.0002602283615309284
0.05,0.09,0.0009,5,False,8,7,53.943564360742485,0.002002044476436267,-0.19279944309338173,-0.014914253635074936,0.00038940412559764967
0.05,0.09,0.0009,5,True,0,1,1.9525747260212984,0.0020148883485019307,-0.016404543759054282,0.007599092275485266,-1.7555950828148435e-05
0.05,0.09,0.0009,5,False,0,4,8.312671258712317,0.002012741282569922,-0.02712208909668158,0.012518215004698892,-3.4467866281514764e-05
0.05,0.09,0.0009,5,False,0,6,3.8783298011128786,0.002000897687947612,-0.13027385681343567,-0.015804859551907937,7.930250033561629e-05
0.05,0.09,0.0009,5,False,0,3,5.122068799657809,0.002000519393185616,-0.15245051461563716,-0.012885518373299537,9.664224737644202e-05
0.05,0.09,0.0009,5,False,1,4,37.79282185126901,0.002000979773284863,-0.15913288988205826,-0.02562832527338715,-0.00027567439818258684
0.05,0.09,0.0009,5,False,1,7,37.88173489294106,0.002001505560843054,-0.17808752615390572,0.024497327068048975,-8.561663142062737e-05
0.05,0.09,0.0009,5,True,1,2,1.5195517533481238,0.0020098661196381318,-0.04817782698514824,-0.036599866754397116,1.5079856768293454e-07
0.05,0.09,0.0009,5,False,1,5,5.403658638909962,0.002013859565331299,-0.026336064152978744,-0.03664868889505473,-8.454755516980655e-05
0.05,0.09,0.0009,5,False,2,5,9.32251784833285,0.002002993045321898,-0.13188967625180223,-0.05382300782920163,-0.00010293317609070473
0.05,0.09,0.0009,5,False,2,1,6.674423189222162,0.0020013436668998704,-0.1697855928649317,-0.028246254738706424,0.0001343600159520465
0.05,0.09,0.0009,5,False,3,7,3.969607411159796,0.0020039806340099303,-0.08372504357270344,0.007166902018664513,-6.680044770463305e-05
0.05,0.09,0.0009,5,False,3,1,9.009457975695273,0.0020097823965249603,-0.04284735786525395,0.01105859246024399,6.706673257523424e-05
0.05,0.09,0.0009,5,True,3,4,1.2805514936231914,0.0020121690560202113,-0.0333493373909442,0.030693627064200195,1.697218162460141e-05
0.05,0.09,0.0009,5,False,3,6,28.562106958188146,0.002001940474281802,-0.10611929171725523,-0.0006097085055223876,0.00028311024193394227
0.05,0.09,0.0009,5,False,3,0,25.574650460649885,0.002000885308790363,-0.12901490534160445,0.013537580154963608,0.00026077031836997335
0.05,0.09,0.0009,5,False,3,5,18.10490101105839,0.0020297194640452347,0.039763444866705376,0.014111126054615866,-0.00018829402944872
0.05,0.09,0.0009,5,False,4,2,31.408692222787117,0.002017858252300579,-0.003435006931779398,-0.009463647830790546,0.00028045109470443085
0.05,0.09,0.0009,5,False,4,1,40.801044009538614,0.002003275723254775,-0.10927052276513903,-0.04375954114458394,0.00033795506423715924
0.05,0.09,0.0009,5,False,4,3,56.17782937415366,0.002003535438750588,-0.1981376112965109,-0.03971291147481101,0.0003139099387906564
0.05,0.09,0.0009,5,True,4,5,1.3824308336805893,0.0020153839337637624,-0.01631323176895119,-0.02539623101871003,1.1933233536665047e-05
0.05,0.09,0.0009,5,False,4,6,36.88034944417423,0.0020046908540944488,-0.20539757947144108,-0.04744738491439555,0.0002566844565187292
0.05,0.09,0.0009,5,False,4,7,9.97334009827295,0.0020006377063177313,-0.16762846742753632,-0.002700908661887822,2.4907058122837036e-05
0.05,0.09,0.0009,5,False,5,2,24.144623438491415,0.002001087195972998,-0.1323308738827594,0.02367712622949096,0.00023738472838197945
0.05,0.09,0.0009,5,False,6,0,3.661672049441477,0.0020006638668758413,-0.13334693206684003,-0.008545126276673446,1.4973153102340847e-05
0.05,0.09,0.0009,5,False,6,1,6.672090386945198,0.0020182000940750415,-0.001783234110231371,-0.004947398499108747,6.884783034834571e-06
0.05,0.09,0.0009,5,True,6,7,1.2502472388033548,0.0020159732924421797,-0.011455301488844046,0.007060252455389587,1.8596732161737846e-05
0.05,0.09,0.0009,5,False,6,3,18.230919225314025,0.0020008707367714976,-0.14092198647596543,0.02287450088386726,-0.00020033901072430082
0.05,0.09,0.0009,5,False,6,4,6.575572660090448,0.0020149706196272996,-0.016669896211410462,0.015170767668989112,9.568782648549854e-05
0.05,0.09,0.0009,5,False,6,8,50.366354306033685,0.002019938681717393,0.004466996907639462,0.01668678505580693,-0.0003848633466779036
0.05,0.09,0.0009,5,True,7,8,1.027190248924656,0.0020036516030296206,-0.08742943679578222,0.01107176602390752,-2.7856805444845117e-05
0.05,0.09,0.0009,5,False,7,1,44.21234281504867,0.0020019472606807613,-0.10620896747131768,0.0040741868355899016,0.00029871627672289517
0.05,0.09,0.0009,5,False,7,3,60.66075548339701,0.002002701210761266,-0.18988737639967296,-0.03568990587031448,0.0003778604590902315
0.05,0.09,0.0009,5,False,7,4,61.08851912371472,0.0020005035518714533,-0.1419789464556869,0.009389075406538811,0.000391469482516326
0.05,0.09,0.0009,5,False,7,5,33.082331321195774,0.0020164547358354004,-0.009529614020543309,0.010330910837812696,0.00020893490717460426
0.05,0.09,0.0009,5,False,8,1,35.66005808396084,0.002001435447565771,-0.15649846420536465,-0.035500962123889535,0.0002602283615309284
0.05,0.09,0.0009,5,False,8,7,53.943564360742485,0.002002044476436267,-0.19279944309338173,-0.014914253635074936,0.00038940412559764967
0.05,0.09,0.0009,5,True,0,1,1.9525747260212984,0.0020148883485019307,-0.016404543759054282,0.007599092275485266,-1.7555950828148435e-05
0.05,0.09,0.0009,5,False,0,4,5.635375391101336,0.002013518191133135,-0.022741156611222304,0.004439014011825253,-5.8775572801841134e-05
0.05,0.09,0.0009,5,False,0,6,21.784986153048905,0.002002762736408762,-0.13071125404353195,0.05068146051940438,0.0002530986510673284
0.05,0.09,0.0009,5,False,0,3,25.29572484631975,0.0020005328961867543,-0.15759905239102265,-0.01144381755325981,0.00027276556636962243
0.05,0.09,0.0009,5,False,1,4,17.097802941632242,0.002000395095948771,-0.15314593855740977,0.002956897584316844,5.051028442254219e-05
0.05,0.09,0.0009,5,False,1,7,37.88173489294106,0.002001505560843054,-0.17808752615390572,0.024497327068048975,-8.561663142062737e-05
0.05,0.09,0.0009,5,True,1,2,1.5195517533481238,0.0020098661196381318,-0.04817782698514824,-0.036599866754397116,1.5079856768293454e-07
0.05,0.09,0.0009,5,False,1,5,5.403658638909962,0.002013859565331299,-0.026336064152978744,-0.03664868889505473,-8.454755516980655e-05
0.05,0.09,0.0009,5,False,2,5,9.32251784833285,0.002002993045321898,-0.13188967625180223,-0.05382300782920163,-0.00010293317609070473
0.05,0.09,0.0009,5,False,2,1,6.674423189222162,0.0020013436668998704,-0.1697855928649317,-0.028246254738706424,0.0001343600159520465
0.05,0.09,0.0009,5,False,3,7,3.969607411159796,0.0020039806340099303,-0.08372504357270344,0.007166902018664513,-6.680044770463305e-05
0.05,0.09,0.0009,5,False,3,1,9.009457975695273,0.0020097823965249603,-0.04284735786525395,0.01105859246024399,6.706673257523424e-05
0.05,0.09,0.0009,5,True,3,4,0.7818155097611545,0.002012948114263431,-0.026002749270501162,0.011646166166215529,5.667845799354863e-06
0.05,0.09,0.0009,5,False,3,6,26.17560185257174,0.0020017775482061156,-0.10995815424161318,0.011021285854777376,0.0002726223265659103
0.05,0.09,0.0009,5,False,3,0,31.40909026995795,0.002001212041528735,-0.11801969593376899,-0.0020349813998771474,0.00029963562892890963
0.05,0.09,0.0009,5,False,3,5,18.10490101105839,0.0020297194640452347,0.039763444866705376,0.014111126054615866,-0.00018829402944872
0.05,0.09,0.0009,5,False,4,2,31.408692222787117,0.002017858252300579,-0.003435006931779398,-0.009463647830790546,0.00028045109470443085
0.05,0.09,0.0009,5,False,4,1,40.801044009538614,0.002003275723254775,-0.10927052276513903,-0.04375954114458394,0.00033795506423715924
0.05,0.09,0.0009,5,False,4,3,56.17782937415366,0.002003535438750588,-0.1981376112965109,-0.03971291147481101,0.0003139099387906564
0.05,0.09,0.0009,5,True,4,5,1.3447725665766288,0.002019907501310303,0.004971988395319965,-0.009141697159451762,1.1720204880611003e-05
0.05,0.09,0.0009,5,False,4,6,36.88034944417423,0.0020046908540944488,-0.20539757947144108,-0.04744738491439555,0.0002566844565187292
0.05,0.09,0.0009,5,False,4,7,9.97334009827295,0.0020006377063177313,-0.16762846742753632,-0.002700908661887822,2.4907058122837036e-05
0.05,0.09,0.0009,5,False,5,2,24.144623438491415,0.002001087195972998,-0.1323308738827594,0.02367712622949096,0.00023738472838197945
0.05,0.09,0.0009,5,False,6,0,33.89073328072902,0.002000901286640452,-0.17462086672886784,0.006097022217623168,-0.00031664839300389646
0.05,0.09,0.0009,5,False,6,1,6.672090386945198,0.0020182000940750415,-0.001783234110231371,-0.004947398499108747,6.884783034834571e-06
0.05,0.09,0.0009,5,True,6,7,1.2502472388033548,0.0020159732924421797,-0.011455301488844046,0.007060252455389587,1.8596732161737846e-05
0.05,0.09,0.0009,5,False,6,3,18.230919225314025,0.0020008707367714976,-0.14092198647596543,0.02287450088386726,-0.00020033901072430082
0.05,0.09,0.0009,5,False,6,4,6.575572660090448,0.0020149706196272996,-0.016669896211410462,0.015170767668989112,9.568782648549854e-05
0.05,0.09,0.0009,5,False,6,8,50.366354306033685,0.002019938681717393,0.004466996907639462,0.01668678505580693,-0.0003848633466779036
0.05,0.09,0.0009,5,True,7,8,1.027190248924656,0.0020036516030296206,-0.08742943679578222,0.01107176602390752,-2.7856805444845117e-05
0.05,0.09,0.0009,5,False,7,1,44.21234281504867,0.0020019472606807613,-0.10620896747131768,0.0040741868355899016,0.00029871627672289517
0.05,0.09,0.0009,5,False,7,3,60.66075548339701,0.002002701210761266,-0.18988737639967296,-0.03568990587031448,0.0003778604590902315
0.05,0.09,0.0009,5,False,7,4,61.08851912371472,0.0020005035518714533,-0.1419789464556869,0.009389075406538811,0.000391469482516326
0.05,0.09,0.0009,5,False,7,5,33.082331321195774,0.0020164547358354004,-0.009529614020543309,0.010330910837812696,0.00020893490717460426
0.05,0.09,0.0009,5,False,7,6,89.95260806116711,0.0020020237185492534,-0.1777681367473861,-0.03546181798333176,-0.0001567799448626879
0.05,0.09,0.0009,5,False,8,1,35.66005808396084,0.002001435447565771,-0.15649846420536465,-0.035500962123889535,0.0002602283615309284
0.05,0.09,0.0009,5,False,8,7,53.943564360742485,0.002002044476436267,-0.19279944309338173,-0.014914253635074936,0.00038940412559764967
0.05,0.09,0.0009,5,True,0,1,1.9525747260212984,0.0020148883485019307,-0.016404543759054282,0.007599092275485266,-1.7555950828148435e-05
0.05,0.09,0.0009,5,False,0,4,5.635375391101336,0.002013518191133135,-0.022741156611222304,0.004439014011825253,-5.8775572801841134e-05
0.05,0.09,0.0009,5,False,0,6,21.41852682828506,0.0020011625207833556,-0.1385718439240497,0.028899094642882515,0.0002471286912729853
0.05,0.09,0.0009,5,False,0,3,18.973255993214167,0.002000487230912632,-0.15927154876856692,-0.006810802566442167,0.00022323216519232439
0.05,0.09,0.0009,5,False,1,4,14.692821982957572,0.0020010007926692074,-0.12324617478485582,0.007098852506385613,6.513967081473079e-05
0.05,0.09,0.0009,5,False,1,7,37.88173489294106,0.002001505560843054,-0.17808752615390572,0.024497327068048975,-8.561663142062737e-05
0.05,0.09,0.0009,5,True,1,2,1.5195517533481238,0.0020098661196381318,-0.04817782698514824,-0.036599866754397116,1.5079856768293454e-07
0.05,0.09,0.0009,5,False,1,5,5.403658638909962,0.002013859565331299,-0.026336064152978744,-0.03664868889505473,-8.454755516980655e-05
0.05,0.09,0.0009,5,False,2,5,9.32251784833285,0.002002993045321898,-0.13188967625180223,-0.05382300782920163,-0.00010293317609070473
0.05,0.09,0.0009,5,False,2,1,12.774297698694758,0.0020009815142047133,-0.17692840334230323,-0.0041507329279270085,3.6591177389921534e-05
0.05,0.09,0.0009,5,False,3,7,3.969607411159796,0.0020039806340099303,-0.08372504357270344,0.007166902018664513,-6.680044770463305e-05
0.05,0.09,0.0009,5,False,3,1,8.589949432843882,0.002014339801542798,-0.020877760755387265,0.02357850427404961,6.576414026139584e-05
0.05,0.09,0.0009,5,True,3,4,0.7818155097611545,0.002012948114263431,-0.026002749270501162,0.011646166166215529,5.667845799354863e-06
0.05,0.09,0.0009,5,False,3,6,26.17560185257174,0.0020017775482061156,-0.10995815424161318,0.011021285854777376,0.0002726223265659103
0.05,0.09,0.0009,5,False,3,0,31.710860585942488,0.002001130282362597,-0.12281380437437128,-0.01367064646657832,0.0003009527750735191
0.05,0.09,0.0009,5,False,3,5,17.435194077854934,0.002029807074452979,0.03994253140646783,0.01546870608406739,-0.0001754458543918872
0.05,0.09,0.0009,5,False,4,2,31.408692222787117,0.002017858252300579,-0.003435006931779398,-0.009463647830790546,0.00028045109470443085
0.05,0.09,0.0009,5,False,4,1,40.801044009538614,0.002003275723254775,-0.10927052276513903,-0.04375954114458394,0.00033795506423715924
0.05,0.09,0.0009,5,False,4,3,56.17782937415366,0.002003535438750588,-0.1981376112965109,-0.03971291147481101,0.0003139099387906564
0.05,0.09,0.0009,5,True,4,5,1.3447725665766288,0.002019907501310303,0.004971988395319965,-0.009141697159451762,1.1720204880611003e-05
0.05,0.09,0.0009,5,False,4,6,36.88034944417423,0.0020046908540944488,-0.20539757947144108,-0.04744738491439555,0.0002566844565187292
0.05,0.09,0.0009,5,False,4,7,9.97334009827295,0.0020006377063177313,-0.16762846742753632,-0.002700908661887822,2.4907058122837036e-05
0.05,0.09,0.0009,5,False,5,2,24.144623438491415,0.002001087195972998,-0.1323308738827594,0.02367712622949096,0.00023738472838197945
0.05,0.09,0.0009,5,False,6,0,34.888145278914735,0.002001024128775125,-0.17813178083055894,0.0018896857412651564,-0.00032363315005851735
0.05,0.09,0.0009,5,False,6,1,6.672090386945198,0.0020182000940750415,-0.001783234110231371,-0.004947398499108747,6.884783034834571e-06
0.05,0.09,0.0009,5,True,6,7,1.2502472388033548,0.0020159732924421797,-0.011455301488844046,0.007060252455389587,1.8596732161737846e-05
0.05,0.09,0.0009,5,False,6,3,18.230919225314025,0.0020008707367714976,-0.14092198647596543,0.02287450088386726,-0.00020033901072430082
0.05,0.09,0.0009,5,False,6,4,6.575572660090448,0.0020149706196272996,-0.016669896211410462,0.015170767668989112,9.568782648549854e-05
0.05,0.09,0.0009,5,False,6,8,50.366354306033685,0.002019938681717393,0.004466996907639462,0.01668678505580693,-0.0003848633466779036
0.05,0.09,0.0009,5,True,7,8,1.027190248924656,0.0020036516030296206,-0.08742943679578222,0.01107176602390752,-2.7856805444845117e-05
0.05,0.09,0.0009,5,False,7,1,44.21234281504867,0.0020019472606807613,-0.10620896747131768,0.0040741868355899016,0.00029871627672289517
0.05,0.09,0.0009,5,False,7,3,60.66075548339701,0.002002701210761266,-0.18988737639967296,-0.03568990587031448,0.0003778604590902315
0.05,0.09,0.0009,5,False,7,4,61.08851912371472,0.0020005035518714533,-0.1419789464556869,0.009389075406538811,0.000391469482516326
0.05,0.09,0.0009,5,False,7,5,33.082331321195774,0.0020164547358354004,-0.009529614020543309,0.010330910837812696,0.00020893490717460426
0.05,0.09,0.0009,5,False,7,6,89.95260806116711,0.0020020237185492534,-0.1777681367473861,-0.03546181798333176,-0.0001567799448626879
0.05,0.09,0.0009,5,False,8,1,35.66005808396084,0.002001435447565771,-0.15649846420536465,-0.035500962123889535,0.0002602283615309284
0.05,0.09,0.0009,5,False,8,7,53.943564360742485,0.002002044476436267,-0.19279944309338173,-0.014914253635074936,0.00038940412559764967
0.05,0.09,0.0009,5,True,0,1,1.9525747260212984,0.0020148883485019307,-0.016404543759054282,0.007599092275485266,-1.7555950828148435e-05
0.05,0.09,0.0009,5,False,0,4,5.635375391101336,0.002013518191133135,-0.022741156611222304,0.004439014011825253,-5.8775572801841134e-05
0.05,0.09,0.0009,5,False,0,6,21.41852682828506,0.0020011625207833556,-0.1385718439240497,0.028899094642882515,0.0002471286912729853
0.05,0.09,0.0009,5,False,0,3,18.973255993214167,0.002000487230912632,-0.15927154876856692,-0.006810802566442167,0.00022323216519232439
0.05,0.09,0.0009,5,False,0,7,20.83106664010686,0.0020096285675241217,-0.043688400177702334,0.010581348087596408,0.00011782616172124877
0.05,0.09,0.0009,5,False,1,4,14.692821982957572,0.0020010007926692074,-0.12324617478485582,0.007098852506385613,6.513967081473079e-05
0.05,0.09,0.0009,5,False,1,7,27.86259761411323,0.0020015789401548446,-0.1871753233402038,0.009883227728828782,-0.0001410727811753037
0.05,0.09,0.0009,5,True,1,2,1.5195517533481238,0.0020098661196381318,-0.04817782698514824,-0.036599866754397116,1.5079856768293454e-07
0.05,0.09,0.0009,5,False,1,5,5.403658638909962,0.002013859565331299,-0.026336064152978744,-0.03664868889505473,-8.454755516980655e-05
0.05,0.09,0.0009,5,False,2,5,9.32251784833285,0.002002993045321898,-0.13188967625180223,-0.05382300782920163,-0.00010293317609070473
0.05,0.09,0.0009,5,False,2,1,12.774297698694758,0.0020009815142047133,-0.17692840334230323,-0.0041507329279270085,3.6591177389921534e-05
0.05,0.09,0.0009,5,False,3,7,3.969607411159796,0.0020039806340099303,-0.08372504357270344,0.007166902018664513,-6.680044770463305e-05
0.05,0.09,0.0009,5,False,3,1,8.589949432843882,0.002014339801542798,-0.020877760755387265,0.02357850427404961,6.576414026139584e-05
0.05,0.09,0.0009,5,True,3,4,0.7634585425164124,0.0020132904353247476,-0.02386264633640894,0.0047744236133038225,1.0108396681709091e-05
0.05,0.09,0.0009,5,False,3,6,26.17560185257174,0.0020017775482061156,-0.10995815424161318,0.011021285854777376,0.0002726223265659103
0.05,0.09,0.0009,5,False,3,0,31.710860585942488,0.002001130282362597,-0.12281380437437128,-0.01367064646657832,0.0003009527750735191
0.05,0.09,0.0009,5,False,3,5,17.435194077854934,0.002029807074452979,0.03994253140646783,0.01546870608406739,-0.0001754458543918872
0.05,0.09,0.0009,5,False,4,2,31.408692222787117,0.002017858252300579,-0.003435006931779398,-0.009463647830790546,0.00028045109470443085
0.05,0.09,0.0009,5,False,4,1,40.801044009538614,0.002003275723254775,-0.10927052276513903,-0.04375954114458394,0.00033795506423715924
0.05,0.09,0.0009,5,False,4,3,67.31674747304534,0.00200227799094838,-0.18242259101042557,-0.03593609752659603,0.00036217221864830043
0.05,0.09,0.0009,5,True,4,5,1.3447725665766288,0.002019907501310303,0.004971988395319965,-0.009141697159451762,1.1720204880611003e-05
0.05,0.09,0.0009,5,False,4,6,36.88034944417423,0.0020046908540944488,-0.20539757947144108,-0.04744738491439555,0.0002566844565187292
0.05,0.09,0.0009,5,False,4,7,9.97334009827295,0.0020006377063177313,-0.16762846742753632,-0.002700908661887822,2.4907058122837036e-05
0.05,0.09,0.0009,5,False,5,2,24.144623438491415,0.002001087195972998,-0.1323308738827594,0.02367712622949096,0.00023738472838197945
0.05,0.09,0.0009,5,False,6,0,34.888145278914735,0.002001024128775125,-0.17813178083055894,0.0018896857412651564,-0.00032363315005851735
0.05,0.09,0.0009,5,False,6,1,6.672090386945198,0.0020182000940750415,-0.001783234110231371,-0.004947398499108747,6.884783034834571e-06
0.05,0.09,0.0009,5,True,6,7,0.8009077941996752,0.002015025888578794,-0.015569593590417374,-0.001924443453908994,7.837221765816703e-06
0.05,0.09,0.0009,5,False,6,3,18.230919225314025,0.0020008707367714976,-0.14092198647596543,0.02287450088386726,-0.00020033901072430082
0.05,0.09,0.0009,5,False,6,4,6.575572660090448,0.0020149706196272996,-0.016669896211410462,0.015170767668989112,9.568782648549854e-05
0.05,0.09,0.0009,5,False,6,8,50.366354306033685,0.002019938681717393,0.004466996907639462,0.01668678505580693,-0.0003848633466779036
0.05,0.09,0.0009,5,True,7,8,1.027190248924656,0.0020036516030296206,-0.08742943679578222,0.01107176602390752,-2.7856805444845117e-05
0.05,0.09,0.0009,5,False,7,1,44.21234281504867,0.0020019472606807613,-0.10620896747131768,0.0040741868355899016,0.00029871627672289517
0.05,0.09,0.0009,5,False,7,3,60.66075548339701,0.002002701210761266,-0.18988737639967296,-0.03568990587031448,0.0003778604590902315
0.05,0.09,0.0009,5,False,7,4,61.08851912371472,0.0020005035518714533,-0.1419789464556869,0.009389075406538811,0.000391469482516326
0.05,0.09,0.0009,5,False,7,5,33.082331321195774,0.0020164547358354004,-0.009529614020543309,0.010330910837812696,0.00020893490717460426
0.05,0.09,0.0009,5,False,7,6,89.95260806116711,0.0020020237185492534,-0.1777681367473861,-0.03546181798333176,-0.0001567799448626879
0.05,0.09,0.0009,5,False,8,1,35.66005808396084,0.002001435447565771,-0.15649846420536465,-0.035500962123889535,0.0002602283615309284
0.05,0.09,0.0009,5,False,8,7,53.943564360742485,0.002002044476436267,-0.19279944309338173,-0.014914253635074936,0.00038940412559764967
0.05,0.09,0.0009,5,True,0,1,1.9525747260212984,0.0020148883485019307,-0.016404543759054282,0.007599092275485266,-1.7555950828148435e-05
0.05,0.09,0.0009,5,False,0,4,5.635375391101336,0.002013518191133135,-0.022741156611222304,0.004439014011825253,-5.8775572801841134e-05
0.05,0.09,0.0009,5,False,0,6,21.41852682828506,0.0020011625207833556,-0.1385718439240497,0.028899094642882515,0.0002471286912729853
0.05,0.09,0.0009,5,False,0,3,18.973255993214167,0.002000487230912632,-0.15927154876856692,-0.006810802566442167,0.00022323216519232439
0.05,0.09,0.0009,5,False,0,7,20.356967251106937,0.0020085698753380355,-0.05450066619118646,0.03142355281578376,0.00015526945971957424
0.05,0.09,0.0009,5,False,0,2,6.636873307434771,0.0020239181976033855,0.02018624361569362,0.009291536341464159,-9.781918882454322e-05
0.05,0.09,0.0009,5,False,1,4,14.692821982957572,0.0020010007926692074,-0.12324617478485582,0.007098852506385613,6.513967081473079e-05
0.05,0.09,0.0009,5,False,1,7,27.86259761411323,0.0020015789401548446,-0.1871753233402038,0.009883227728828782,-0.0001410727811753037
0.05,0.09,0.0009,5,True,1,2,0.47930400789253946,0.0020130661834402075,-0.024908485314820625,0.0029630361790187144,1.0600886477461242e-06
0.05,0.09,0.0009,5,False,1,5,5.403658638909962,0.002013859565331299,-0.026336064152978744,-0.03664868889505473,-8.454755516980655e-05
0.05,0.09,0.0009,5,False,2,5,9.32251784833285,0.002002993045321898,-0.13188967625180223,-0.05382300782920163,-0.00010293317609070473
0.05,0.09,0.0009,5,False,2,1,12.774297698694758,0.0020009815142047133,-0.17692840334230323,-0.0041507329279270085,3.6591177389921534e-05
0.05,0.09,0.0009,5,False,3,7,3.969607411159796,0.0020039806340099303,-0.08372504357270344,0.007166902018664513,-6.680044770463305e-05
0.05,0.09,0.0009,5,False,3,1,8.589949432843882,0.002014339801542798,-0.020877760755387265,0.02357850427404961,6.576414026139584e-05
0.05,0.09,0.0009,5,True,3,4,0.7634585425164124,0.0020132904353247476,-0.02386264633640894,0.0047744236133038225,1.0108396681709091e-05
0.05,0.09,0.0009,5,False,3,6,26.17560185257174,0.0020017775482061156,-0.10995815424161318,0.011021285854777376,0.0002726223265659103
0.05,0.09,0.0009,5,False,3,0,31.710860585942488,0.002001130282362597,-0.12281380437437128,-0.01367064646657832,0.0003009527750735191
0.05,0.09,0.0009,5,False,3,5,17.435194077854934,0.002029807074452979,0.03994253140646783,0.01546870608406739,-0.0001754458543918872
0.05,0.09,0.0009,5,False,4,2,31.408692222787117,0.002017858252300579,-0.003435006931779398,-0.009463647830790546,0.00028045109470443085
0.05,0.09,0.0009,5,False,4,1,40.801044009538614,0.002003275723254775,-0.10927052276513903,-0.04375954114458394,0.00033795506423715924
0.05,0.09,0.0009,5,False,4,3,67.31674747304534,0.00200227799094838,-0.18242259101042557,-0.03593609752659603,0.00036217221864830043
0.05,0.09,0.0009,5,True,4,5,1.3447725665766288,0.002019907501310303,0.004971988395319965,-0.009141697159451762,1.1720204880611003e-05
0.05,0.09,0.0009,5,False,4,6,36.88034944417423,0.0020046908540944488,-0.20539757947144108,-0.04744738491439555,0.0002566844565187292
0.05,0.09,0.0009,5,False,4,7,9.97334009827295,0.0020006377063177313,-0.16762846742753632,-0.002700908661887822,2.4907058122837036e-05
0.05,0.09,0.0009,5,False,5,2,24.144623438491415,0.002001087195972998,-0.1323308738827594,0.02367712622949096,0.00023738472838197945
0.05,0.09,0.0009,5,False,6,0,34.888145278914735,0.002001024128775125,-0.17813178083055894,0.0018896857412651564,-0.00032363315005851735
0.05,0.09,0.0009,5,False,6,1,6.672090386945198,0.0020182000940750415,-0.001783234110231371,-0.004947398499108747,6.884783034834571e-06
0.05,0.09,0.0009,5,True,6,7,0.9857223881150535,0.0020212535543426783,0.010457011969918871,-0.0038291816754936346,1.6409887534698508e-05
0.05,0.09,0.0009,5,False,6,3,18.230919225314025,0.0020008707367714976,-0.14092198647596543,0.02287450088386726,-0.00020033901072430082
0.05,0.09,0.0009,5,False,6,4,6.575572660090448,0.0020149706196272996,-0.016669896211410462,0.015170767668989112,9.568782648549854e-05
0.05,0.09,0.0009,5,False,6,8,50.366354306033685,0.002019938681717393,0.004466996907639462,0.01668678505580693,-0.0003848633466779036
0.05,0.09,0.0009,5,True,7,8,1.027190248924656,0.0020036516030296206,-0.08742943679578222,0.01107176602390752,-2.7856805444845117e-05
0.05,0.09,0.0009,5,False,7,1,44.21234281504867,0.0020019472606807613,-0.10620896747131768,0.0040741868355899016,0.00029871627672289517
0.05,0.09,0.0009,5,False,7,3,60.66075548339701,0.002002701210761266,-0.18988737639967296,-0.03568990587031448,0.0003778604590902315
0.05,0.09,0.0009,5,False,7,4,61.08851912371472,0.0020005035518714533,-0.1419789464556869,0.009389075406538811,0.000391469482516326
0.05,0.09,0.0009,5,False,7,5,33.082331321195774,0.0020164547358354004,-0.009529614020543309,0.010330910837812696,0.00020893490717460426
0.05,0.09,0.0009,5,False,7,6,89.95260806116711,0.0020020237185492534,-0.1777681367473861,-0.03546181798333176,-0.0001567799448626879
0.05,0.09,0.0009,5,False,8,1,35.66005808396084,0.002001435447565771,-0.15649846420536465,-0.035500962123889535,0.0002602283615309284
0.05,0.09,0.0009,5,False,8,7,53.943564360742485,0.002002044476436267,-0.19279944309338173,-0.014914253635074936,0.00038940412559764967
0.05,0.09,0.0009,5,True,0,1,0.6271811130218806,0.0020085975807337684,-0.04937649255217464,-0.004080227523736197,-7.1351797657189015e-06
0.05,0.09,0.0009,5,False,0,4,5.635375391101336,0.002013518191133135,-0.022741156611222304,0.004439014011825253,-5.8775572801841134e-05
0.05,0.09,0.0009,5,False,0,6,21.41852682828506,0.0020011625207833556,-0.1385718439240497,0.028899094642882515,0.0002471286912729853
0.05,0.09,0.0009,5,False,0,3,18.973255993214167,0.002000487230912632,-0.15927154876856692,-0.006810802566442167,0.00022323216519232439
0.05,0.09,0.0009,5,False,0,8,57.89431031954433,0.0020132080907021865,-0.031209037269451633,0.04148123873697487,-0.00032990568640722063
0.05,0.09,0.0009,5,False,0,7,20.356967251106937,0.0020085698753380355,-0.05450066619118646,0.03142355281578376,0.00015526945971957424
0.05,0.09,0.0009,5,False,0,2,6.636873307434771,0.0020239181976033855,0.02018624361569362,0.009291536341464159,-9.781918882454322e-05
0.05,0.09,0.0009,5,False,1,4,14.692821982957572,0.0020010007926692074,-0.12324617478485582,0.007098852506385613,6.513967081473079e-05
0.05,0.09,0.0009,5,False,1,7,27.86259761411323,0.0020015789401548446,-0.1871753233402038,0.009883227728828782,-0.0001410727811753037
0.05,0.09,0.0009,5,True,1,2,0.4951852958822496,0.0020148040689620893,-0.0171037481063401,0.01183490650702171,-1.6826832700542962e-06
0.05,0.09,0.0009,5,False,1,3,30.61096254051872,0.0020046419234420977,-0.21581321750753124,0.03046852398010085,3.854813250661867e-05
0.05,0.09,0.0009,5,False,1,5,5.403658638909962,0.002013859565331299,-0.026336064152978744,-0.03664868889505473,-8.454755516980655e-05
0.05,0.09,0.0009,5,False,2,5,9.32251784833285,0.002002993045321898,-0.13188967625180223,-0.05382300782920163,-0.00010293317609070473
0.05,0.09,0.0009,5,False,2,1,12.774297698694758,0.0020009815142047133,-0.17692840334230323,-0.0041507329279270085,3.6591177389921534e-05
0.05,0.09,0.0009,5,False,3,7,3.969607411159796,0.0020039806340099303,-0.08372504357270344,0.007166902018664513,-6.680044770463305e-05
0.05,0.09,0.0009,5,False,3,1,33.384417333632086,0.002009950845011983,-0.04616406746976078,0.03209545996203193,0.00019439492412900126
0.05,0.09,0.0009,5,True,3,4,0.7634585425164124,0.0020132904353247476,-0.02386264633640894,0.0047744236133038225,1.0108396681709091e-05
0.05,0.09,0.0009,5,False,3,6,26.17560185257174,0.0020017775482061156,-0.10995815424161318,0.011021285854777376,0.0002726223265659103
0.05,0.09,0.0009,5,False,3,0,31.710860585942488,0.002001130282362597,-0.12281380437437128,-0.01367064646657832,0.0003009527750735191
0.05,0.09,0.0009,5,False,3,5,17.435194077854934,0.002029807074452979,0.03994253140646783,0.01546870608406739,-0.0001754458543918872
0.05,0.09,0.0009,5,False,4,2,31.408692222787117,0.002017858252300579,-0.003435006931779398,-0.009463647830790546,0.00028045109470443085
0.05,0.09,0.0009,5,False,4,1,40.801044009538614,0.002003275723254775,-0.10927052276513903,-0.04375954114458394,0.00033795506423715924
0.05,0.09,0.0009,5,False,4,3,67.31674747304534,0.00200227799094838,-0.18242259101042557,-0.03593609752659603,0.00036217221864830043
0.05,0.09,0.0009,5,True,4,5,1.3447725665766288,0.002019907501310303,0.004971988395319965,-0.009141697159451762,1.1720204880611003e-05
0.05,0.09,0.0009,5,False,4,6,36.88034944417423,0.0020046908540944488,-0.20539757947144108,-0.04744738491439555,0.0002566844565187292
0.05,0.09,0.0009,5,False,4,7,9.97334009827295,0.0020006377063177313,-0.16762846742753632,-0.002700908661887822,2.4907058122837036e-05
0.05,0.09,0.0009,5,False,5,2,24.144623438491415,0.002001087195972998,-0.1323308738827594,0.02367712622949096,0.00023738472838197945
0.05,0.09,0.0009,5,False,6,0,34.888145278914735,0.002001024128775125,-0.17813178083055894,0.0018896857412651564,-0.00032363315005851735
0.05,0.09,0.0009,5,False,6,1,6.672090386945198,0.0020182000940750415,-0.001783234110231371,-0.004947398499108747,6.884783034834571e-06
0.05,0.09,0.0009,5,True,6,7,0.9857223881150535,0.0020212535543426783,0.010457011969918871,-0.0038291816754936346,1.6409887534698508e-05
0.05,0.09,0.0009,5,False,6,3,18.230919225314025,0.0020008707367714976,-0.14092198647596543,0.02287450088386726,-0.00020033901072430082
0.05,0.09,0.0009,5,False,6,4,6.575572660090448,0.0020149706196272996,-0.016669896211410462,0.015170767668989112,9.568782648549854e-05
0.05,0.09,0.0009,5,False,6,8,50.366354306033685,0.002019938681717393,0.004466996907639462,0.01668678505580693,-0.0003848633466779036
0.05,0.09,0.0009,5,True,7,8,0.6286035452737468,0.002026338074822341,0.028150332243169367,-0.017281063258200637,2.191228672667039e-06
0.05,0.09,0.0009,5,False,7,1,44.21234281504867,0.0020019472606807613,-0.10620896747131768,0.0040741868355899016,0.00029871627672289517
0.05,0.09,0.0009,5,False,7,3,64.75423307940073,0.0020028379371656263,-0.18644522544615014,-0.04129438253248408,0.0002545910268239318
0.05,0.09,0.0009,5,False,7,4,61.08851912371472,0.0020005035518714533,-0.1419789464556869,0.009389075406538811,0.000391469482516326
0.05,0.09,0.0009,5,False,7,5,33.082331321195774,0.0020164547358354004,-0.009529614020543309,0.010330910837812696,0.00020893490717460426
0.05,0.09,0.0009,5,False,7,6,89.95260806116711,0.0020020237185492534,-0.1777681367473861,-0.03546181798333176,-0.0001567799448626879
0.05,0.09,0.0009,5,False,7,0,43.09258276822233,0.0020020479195248693,-0.18600769312128648,-0.027597384883490027,0.0001343361188780294
0.05,0.09,0.0009,5,False,8,1,35.66005808396084,0.002001435447565771,-0.15649846420536465,-0.035500962123889535,0.0002602283615309284
0.05,0.09,0.0009,5,False,8,7,53.943564360742485,0.002002044476436267,-0.19279944309338173,-0.014914253635074936,0.00038940412559764967
0.05,0.09,0.0009,5,True,0,1,0.9869661222740179,0.0020077096866397545,-0.05565310316974057,0.01202523633697533,-1.77460009234426e-06
0.05,0.09,0.0009,5,False,0,4,5.635375391101336,0.002013518191133135,-0.022741156611222304,0.004439014011825253,-5.8775572801841134e-05
0.05,0.09,0.0009,5,False,0,6,21.41852682828506,0.0020011625207833556,-0.1385718439240497,0.028899094642882515,0.0002471286912729853
0.05,0.09,0.0009,5,False,0,3,18.973255993214167,0.002000487230912632,-0.15927154876856692,-0.006810802566442167,0.00022323216519232439
0.05,0.09,0.0009,5,False,0,8,51.463926143117945,0.0020125673395672257,-0.0297707398567393,0.02420467468140822,-0.00026899311697208293
0.05,0.09,0.0009,5,False,0,7,20.356967251106937,0.0020085698753380355,-0.05450066619118646,0.03142355281578376,0.00015526945971957424
0.05,0.09,0.0009,5,False,0,2,9.462030684443878,0.0020197449034090017,0.004481474345687161,0.005890182608540709,-0.00013560521722760652
0.05,0.09,0.0009,5,False,1,4,14.692821982957572,0.0020010007926692074,-0.12324617478485582,0.007098852506385613,6.513967081473079e-05
0.05,0.09,0.0009,5,False,1,7,27.86259761411323,0.0020015789401548446,-0.1871753233402038,0.009883227728828782,-0.0001410727811753037
0.05,0.09,0.0009,5,True,1,2,0.4951852958822496,0.0020148040689620893,-0.0171037481063401,0.01183490650702171,-1.6826832700542962e-06
0.05,0.09,0.0009,5,False,1,3,30.069541499299465,0.0020031216344428187,-0.20815498662609513,0.0012634810122277738,-7.507725702573817e-06
0.05,0.09,0.0009,5,False,1,5,5.403658638909962,0.002013859565331299,-0.026336064152978744,-0.03664868889505473,-8.454755516980655e-05
0.05,0.09,0.0009,5,False,1,8,29.55048195500179,0.0020044036147959347,-0.0811691434040645,-0.015105051087960642,-0.00020734350639442747
0.05,0.09,0.0009,5,False,2,8,4.489881139850985,0.002001190380161939,-0.11862609246848754,0.003977814260077869,-3.2758545068762867e-06
0.05,0.09,0.0009,5,False,2,5,9.32251784833285,0.002002993045321898,-0.13188967625180223,-0.05382300782920163,-0.00010293317609070473
0.05,0.09,0.0009,5,False,2,1,12.774297698694758,0.0020009815142047133,-0.17692840334230323,-0.0041507329279270085,3.6591177389921534e-05
0.05,0.09,0.0009,5,False,3,7,3.969607411159796,0.0020039806340099303,-0.08372504357270344,0.007166902018664513,-6.680044770463305e-05
0.05,0.09,0.0009,5,False,3,1,33.384417333632086,0.002009950845011983,-0.04616406746976078,0.03209545996203193,0.00019439492412900126
0.05,0.09,0.0009,5,True,3,4,0.7634585425164124,0.0020132904353247476,-0.02386264633640894,0.0047744236133038225,1.0108396681709091e-05
0.05,0.09,0.0009,5,False,3,6,26.17560185257174,0.0020017775482061156,-0.10995815424161318,0.011021285854777376,0.0002726223265659103
0.05,0.09,0.0009,5,False,3,0,31.710860585942488,0.002001130282362597,-0.12281380437437128,-0.01367064646657832,0.0003009527750735191
0.05,0.09,0.0009,5,False,3,5,17.435194077854934,0.002029807074452979,0.03994253140646783,0.01546870608406739,-0.0001754458543918872
0.05,0.09,0.0009,5,False,4,2,31.408692222787117,0.002017858252300579,-0.003435006931779398,-0.009463647830790546,0.00028045109470443085
0.05,0.09,0.0009,5,False,4,1,40.801044009538614,0.002003275723254775,-0.10927052276513903,-0.04375954114458394,0.00033795506423715924
0.05,0.09,0.0009,5,False,4,3,67.31674747304534,0.00200227799094838,-0.18242259101042557,-0.03593609752659603,0.00036217221864830043
0.05,0.09,0.0009,5,True,4,5,1.3447725665766288,0.002019907501310303,0.004971988395319965,-0.009141697159451762,1.1720204880611003e-05
0.05,0.09,0.0009,5,False,4,6,36.88034944417423,0.0020046908540944488,-0.20539757947144108,-0.04744738491439555,0.0002566844565187292
0.05,0.09,0.0009,5,False,4,7,9.97334009827295,0.0020006377063177313,-0.16762846742753632,-0.002700908661887822,2.4907058122837036e-05
0.05,0.09,0.0009,5,False,5,2,24.144623438491415,0.002001087195972998,-0.1323308738827594,0.02367712622949096,0.00023738472838197945
0.05,0.09,0.0009,5,False,6,0,34.888145278914735,0.002001024128775125,-0.17813178083055894,0.0018896857412651564,-0.00032363315005851735
0.05,0.09,0.0009,5,False,6,1,6.672090386945198,0.0020182000940750415,-0.001783234110231371,-0.004947398499108747,6.884783034834571e-06
0.05,0.09,0.0009,5,True,6,7,0.9857223881150535,0.0020212535543426783,0.010457011969918871,-0.0038291816754936346,1.6409887534698508e-05
0.05,0.09,0.0009,5,False,6,3,15.07487852887526,0.0020011848692624915,-0.12349910020145215,0.017060078312611138,-0.0001433050402425457
0.05,0.09,0.0009,5,False,6,4,6.575572660090448,0.0020149706196272996,-0.016669896211410462,0.015170767668989112,9.568782648549854e-05
0.05,0.09,0.0009,5,False,6,8,50.366354306033685,0.002019938681717393,0.004466996907639462,0.01668678505580693,-0.0003848633466779036
0.05,0.09,0.0009,5,True,7,8,0.6384888209594702,0.0020265322248153254,0.029417083646597668,-0.00923578896272983,1.3676825384961777e-06
0.05,0.09,0.0009,5,False,7,1,44.21234281504867,0.0020019472606807613,-0.10620896747131768,0.0040741868355899016,0.00029871627672289517
0.05,0.09,0.0009,5,False,7,3,64.75423307940073,0.0020028379371656263,-0.18644522544615014,-0.04129438253248408,0.0002545910268239318
0.05,0.09,0.0009,5,False,7,4,61.08851912371472,0.0020005035518714533,-0.1419789464556869,0.009389075406538811,0.000391469482516326
0.05,0.09,0.0009,5,False,7,5,33.082331321195774,0.0020164547358354004,-0.009529614020543309,0.010330910837812696,0.00020893490717460426
0.05,0.09,0.0009,5,False,7,6,90.1158951604452,0.0020018129599890856,-0.18692224602716528,-0.020130497360109807,-0.00025383689009462085
0.05,0.09,0.0009,5,False,7,0,26.533389251201168,0.0020044548271926973,-0.2208991680876135,-0.001505105799301411,-1.9391730867219147e-05
0.05,0.09,0.0009,5,False,8,1,35.66005808396084,0.002001435447565771,-0.15649846420536465,-0.035500962123889535,0.0002602283615309284
0.05,0.09,0.0009,5,False,8,2,35.33827267640007,0.002002543040912681,-0.1017171257112572,-0.01838931388863873,0.00022231681953874805
0.05,0.09,0.0009,5,False,8,7,53.943564360742485,0.002002044476436267,-0.19279944309338173,-0.014914253635074936,0.00038940412559764967
0.01,0.017,0.017,5,True,0,1,1.1743910067335324,8.109166493178713e-05,-0.016220165220964405,-0.0015052683143540924,1.3487141085155462e-05
0.01,0.017,0.017,5,False,0,3,361.8549942483257,8.040325706897006e-05,-0.14180442672084834,-0.00423650464227243,-0.00418272482860307
0.01,0.017,0.017,5,False,0,6,355.0213701926822,8.0402706757695e-05,-0.1562139870500438,0.005679529254238302,-0.004214234470838361
0.01,0.017,0.017,5,True,1,2,0.9214138696017613,8.12195018366693e-05,-0.00517057189883071,-0.015226127432375286,6.59882059825624e-05
0.01,0.017,0.017,5,False,3,0,234.85905531617558,8.040277622796418e-05,-0.1581757092732164,-0.002414541444835721,0.0033810585973155062
0.01,0.017,0.017,5,True,3,4,0.9268575805570943,8.094328456174633e-05,-0.031459811371096845,-0.0027999600213574204,-4.483454731681593e-06
0.01,0.017,0.017,5,False,3,6,241.85223366227552,8.040637869574378e-05,-0.1628333891286481,-0.0010928799285319373,0.0033400444062382396
0.01,0.017,0.017,5,True,4,5,0.6976309485872814,8.131741294763324e-05,0.003171104624355984,-0.01672410842660457,-1.6533502556787413e-05
0.01,0.017,0.017,5,False,6,0,111.88473742132801,8.040104109018172e-05,-0.14695680528788888,-0.004301745519716524,-0.0021954170044804202
0.01,0.017,0.017,5,False,6,3,112.72069689604488,8.040655024804528e-05,-0.13904943614760842,-0.007100275116575167,-0.0022048987869320875
0.01,0.017,0.017,5,True,6,7,1.850906284309687,8.108170663016529e-05,-0.0179498698230989,-0.014296069806541056,0.00016165314877585044
0.01,0.017,0.017,5,True,7,8,2.2756032998618556,8.11503587866994e-05,-0.010822088253775885,-0.006903207538880877,-1.0150940918000708e-06
0.01,0.017,0.017,5,True,0,1,0.9815676367413799,8.11372446688838e-05,-0.011917413060908853,-0.0034633864953706336,-5.733389351136838e-05
0.01,0.017,0.017,5,False,0,3,232.76784662422088,8.040621322559637e-05,-0.1373796374145456,-0.0015294373999454737,-0.0029294819086997707
0.01,0.017,0.017,5,False,0,6,234.8138775118824,8.040147362733214e-05,-0.14445030641683312,0.002856356618932528,-0.0029707236147416554
0.01,0.017,0.017,5,True,1,2,0.8183745234521359,8.11683918553241e-05,-0.009712453301568006,-0.014290252969338174,0.00010577943657632375
0.01,0.017,0.017,5,False,3,0,134.9183000398979,8.040606759276173e-05,-0.16100590861874528,-0.006059210314347217,0.0026221661406633737
0.01,0.017,0.017,5,True,3,4,1.2313540968974448,8.091903865096564e-05,-0.03431123150291629,-0.006949994754996193,1.214084052704228e-05
0.01,0.017,0.017,5,False,3,6,131.7196377220621,8.04030554460882e-05,-0.15881594697588064,-0.0014722847042498086,0.0024977330209376386
0.01,0.017,0.017,5,True,4,5,0.6526914998273765,8.133987326336195e-05,0.004880536355003415,-0.018284350390597007,5.082529179126608e-05
0.01,0.017,0.017,5,False,6,0,130.7378528746049,8.040148801226248e-05,-0.15540635152934307,-0.0031782823286409414,-0.0025842362264545194
0.01,0.017,0.017,5,False,6,3,138.49992057263358,8.040243635739574e-05,-0.14318659677673748,-0.004176760573617833,-0.0026674276140556587
0.01,0.017,0.017,5,True,6,7,1.850906284309687,8.108170663016529e-05,-0.0179498698230989,-0.014296069806541056,0.00016165314877585044
0.01,0.017,0.017,5,True,7,8,2.092006539975317,8.113069310699365e-05,-0.012804435786546024,-0.009307318863047172,-0.00011788354253257346
0.01,0.017,0.017,5,True,0,1,0.9815676367413799,8.11372446688838e-05,-0.011917413060908853,-0.0034633864953706336,-5.733389351136838e-05
0.01,0.017,0.017,5,False,0,3,232.76784662422088,8.040621322559637e-05,-0.1373796374145456,-0.0015294373999454737,-0.0029294819086997707
0.01,0.017,0.017,5,False,0,6,234.8138775118824,8.040147362733214e-05,-0.14445030641683312,0.002856356618932528,-0.0029707236147416554
0.01,0.017,0.017,5,True,1,2,0.8183745234521359,8.11683918553241e-05,-0.009712453301568006,-0.014290252969338174,0.00010577943657632375
0.01,0.017,0.017,5,False,3,0,134.9183000398979,8.040606759276173e-05,-0.16100590861874528,-0.006059210314347217,0.0026221661406633737
0.01,0.017,0.017,5,True,3,4,1.2313540968974448,8.091903865096564e-05,-0.03431123150291629,-0.006949994754996193,1.214084052704228e-05
0.01,0.017,0.017,5,False,3,6,131.7196377220621,8.04030554460882e-05,-0.15881594697588064,-0.0014722847042498086,0.0024977330209376386
0.01,0.017,0.017,5,True,4,5,0.6526914998273765,8.133987326336195e-05,0.004880536355003415,-0.018284350390597007,5.082529179126608e-05
0.01,0.017,0.017,5,False,6,0,130.7378528746049,8.040148801226248e-05,-0.15540635152934307,-0.0031782823286409414,-0.0025842362264545194
0.01,0.017,0.017,5,False,6,3,138.49992057263358,8.040243635739574e-05,-0.14318659677673748,-0.004176760573617833,-0.0026674276140556587
0.01,0.017,0.017,5,True,6,7,1.6520915607703461,8.108304808922497e-05,-0.01829456542576728,-0.01816612456046001,0.00018572809127630994
0.01,0.017,0.017,5,True,7,8,2.092006539975317,8.113069310699365e-05,-0.012804435786546024,-0.009307318863047172,-0.00011788354253257346
0.01,0.017,0.017,5,True,0,1,0.9815676367413799,8.11372446688838e-05,-0.011917413060908853,-0.0034633864953706336,-5.733389351136838e-05
0.01,0.017,0.017,5,False,0,3,232.76784662422088,8.040621322559637e-05,-0.1373796374145456,-0.0015294373999454737,-0.0029294819086997707
0.01,0.017,0.017,5,False,0,6,234.8138775118824,8.040147362733214e-05,-0.14445030641683312,0.002856356618932528,-0.0029707236147416554
0.01,0.017,0.017,5,True,1,2,0.8183745234521359,8.11683918553241e-05,-0.009712453301568006,-0.014290252969338174,0.00010577943657632375
0.01,0.017,0.017,5,False,3,0,134.9183000398979,8.040606759276173e-05,-0.16100590861874528,-0.006059210314347217,0.0026221661406633737
0.01,0.017,0.017,5,True,3,4,1.2313540968974448,8.091903865096564e-05,-0.03431123150291629,-0.006949994754996193,1.214084052704228e-05
0.01,0.017,0.017,5,False,3,6,131.7196377220621,8.04030554460882e-05,-0.15881594697588064,-0.0014722847042498086,0.0024977330209376386
0.01,0.017,0.017,5,True,4,5,0.6526914998273765,8.133987326336195e-05,0.004880536355003415,-0.018284350390597007,5.082529179126608e-05
0.01,0.017,0.017,5,False,6,0,130.7378528746049,8.040148801226248e-05,-0.15540635152934307,-0.0031782823286409414,-0.0025842362264545194
0.01,0.017,0.017,5,False,6,3,138.49992057263358,8.040243635739574e-05,-0.14318659677673748,-0.004176760573617833,-0.0026674276140556587
0.01,0.017,0.017,5,True,6,7,1.6520915607703461,8.108304808922497e-05,-0.01829456542576728,-0.01816612456046001,0.00018572809127630994
0.01,0.017,0.017,5,True,7,8,2.092006539975317,8.113069310699365e-05,-0.012804435786546024,-0.009307318863047172,-0.00011788354253257346
0.01,0.017,0.017,5,True,0,1,0.9815676367413799,8.11372446688838e-05,-0.011917413060908853,-0.0034633864953706336,-5.733389351136838e-05
0.01,0.017,0.017,5,False,0,3,232.76784662422088,8.040621322559637e-05,-0.1373796374145456,-0.0015294373999454737,-0.0029294819086997707
0.01,0.017,0.017,5,False,0,6,234.8138775118824,8.040147362733214e-05,-0.14445030641683312,0.002856356618932528,-0.0029707236147416554
0.01,0.017,0.017,5,True,1,2,0.8183745234521359,8.11683918553241e-05,-0.009712453301568006,-0.014290252969338174,0.00010577943657632375
0.01,0.017,0.017,5,False,3,0,134.9183000398979,8.040606759276173e-05,-0.16100590861874528,-0.006059210314347217,0.0026221661406633737
0.01,0.017,0.017,5,True,3,4,1.2313540968974448,8.091903865096564e-05,-0.03431123150291629,-0.006949994754996193,1.214084052704228e-05
0.01,0.017,0.017,5,False,3,6,131.7196377220621,8.04030554460882e-05,-0.15881594697588064,-0.0014722847042498086,0.0024977330209376386
0.01,0.017,0.017,5,True,4,5,0.6526914998273765,8.133987326336195e-05,0.004880536355003415,-0.018284350390597007,5.082529179126608e-05
0.01,0.017,0.017,5,False,6,0,130.7378528746049,8.040148801226248e-05,-0.15540635152934307,-0.0031782823286409414,-0.0025842362264545194
0.01,0.017,0.017,5,False,6,3,138.49992057263358,8.040243635739574e-05,-0.14318659677673748,-0.004176760573617833,-0.0026674276140556587
0.01,0.017,0.017,5,True,6,7,1.6520915607703461,8.108304808922497e-05,-0.01829456542576728,-0.01816612456046001,0.00018572809127630994
0.01,0.017,0.017,5,True,7,8,2.092006539975317,8.113069310699365e-05,-0.012804435786546024,-0.009307318863047172,-0.00011788354253257346
0.01,0.017,0.017,5,True,0,1,0.9815676367413799,8.11372446688838e-05,-0.011917413060908853,-0.0034633864953706336,-5.733389351136838e-05
0.01,0.017,0.017,5,False,0,3,232.76784662422088,8.040621322559637e-05,-0.1373796374145456,-0.0015294373999454737,-0.0029294819086997707
0.01,0.017,0.017,5,False,0,6,234.8138775118824,8.040147362733214e-05,-0.14445030641683312,0.002856356618932528,-0.0029707236147416554
0.01,0.017,0.017,5,True,1,2,0.8183745234521359,8.11683918553241e-05,-0.009712453301568006,-0.014290252969338174,0.00010577943657632375
0.01,0.017,0.017,5,False,3,0,134.9183000398979,8.040606759276173e-05,-0.16100590861874528,-0.006059210314347217,0.0026221661406633737
0.01,0.017,0.017,5,True,3,4,1.2313540968974448,8.091903865096564e-05,-0.03431123150291629,-0.006949994754996193,1.214084052704228e-05
0.01,0.017,0.017,5,False,3,6,131.7196377220621,8.04030554460882e-05,-0.15881594697588064,-0.0014722847042498086,0.0024977330209376386
0.01,0.017,0.017,5,True,4,5,0.6526914998273765,8.133987326336195e-05,0.004880536355003415,-0.018284350390597007,5.082529179126608e-05
0.01,0.017,0.017,5,False,6,0,130.7378528746049,8.040148801226248e-05,-0.15540635152934307,-0.0031782823286409414,-0.0025842362264545194
0.01,0.017,0.017,5,False,6,3,138.49992057263358,8.040243635739574e-05,-0.14318659677673748,-0.004176760573617833,-0.0026674276140556587
0.01,0.017,0.017,5,True,6,7,1.6520915607703461,8.108304808922497e-05,-0.01829456542576728,-0.01816612456046001,0.00018572809127630994
0.01,0.017,0.017,5,True,7,8,2.092006539975317,8.113069310699365e-05,-0.012804435786546024,-0.009307318863047172,-0.00011788354253257346
0.01,0.017,0.017,5,True,0,1,1.059478442246517,8.105495065054188e-05,-0.020054700014142765,0.007966226242075668,-4.0896555995731886e-05
0.01,0.017,0.017,5,False,0,3,98.70056516735141,8.04041307665454e-05,-0.1596559444189275,0.0038064611011772685,0.0020658378691402316
0.01,0.017,0.017,5,False,0,6,102.14215529141615,8.040382952875165e-05,-0.15826953415511716,0.005616542623616207,0.0021766381752048734
0.01,0.017,0.017,5,True,1,2,1.4845760418267777,8.122713579234163e-05,-0.003831138461806027,-0.006293303743020783,9.700048816047842e-05
0.01,0.017,0.017,5,False,3,0,158.18448164446835,8.040371133239735e-05,-0.14282264659105026,-0.006734827232837917,-0.0023118748641752893
0.01,0.017,0.017,5,True,3,4,0.9929222478703927,8.11650051142021e-05,-0.009571147992853676,-0.008769270612293363,4.4406489442892934e-05
0.01,0.017,0.017,5,False,3,6,158.87237340399003,8.040062750290476e-05,-0.1459966652914576,0.001020194426497419,-0.002275976982030028
0.01,0.017,0.017,5,True,4,5,1.3150529200554881,8.128080606927037e-05,0.0009646725800093319,0.0018595779469016934,5.63530197711245e-05
0.01,0.017,0.017,5,False,6,0,155.44681179316382,8.040474385754053e-05,-0.13993695594640848,-0.0047251373400613,0.0019141460537223803
0.01,0.017,0.017,5,False,6,3,144.18398809218866,8.040006010335944e-05,-0.1490033396834111,0.0011793886075229735,0.001839243471688819
0.01,0.017,0.017,5,True,6,7,1.6520915607703461,8.108304808922497e-05,-0.01829456542576728,-0.01816612456046001,0.00018572809127630994
0.01,0.017,0.017,5,True,7,8,0.8341886921001785,8.133595655969923e-05,0.005287550476692103,-0.010330455984615974,-4.388744291772331e-05
0.01,0.017,0.017,5,True,0,1,1.441327428009152,8.11175193463579e-05,-0.013891317700858195,0.0065405900099034095,-5.2943670856208744e-05
0.01,0.017,0.017,5,False,0,3,89.71846191705285,8.04004426374786e-05,-0.15308786253129716,0.0016594562178060964,0.001876690627869015
0.01,0.017,0.017,5,False,0,6,88.63675269245246,8.040328304790705e-05,-0.15693288408720643,0.0061420723640992336,0.0018941484691552025
0.01,0.017,0.017,5,True,1,2,1.7103076005925744,8.116812674384478e-05,-0.009022661009506572,-0.0018247059092326525,9.215272742792503e-05
0.01,0.017,0.017,5,False,3,0,304.1407473641722,8.040047934117786e-05,-0.14802319118776272,-0.00305462545247821,-0.003660121590951934
0.01,0.017,0.017,5,True,3,4,0.6686125088117669,8.111173706206088e-05,-0.01430563014829205,-0.002401170072880816,4.521868297337856e-05
0.01,0.017,0.017,5,False,3,6,312.6276369459632,8.040157587897514e-05,-0.14980007954043784,0.006447504204231797,-0.0036926154025431726
0.01,0.017,0.017,5,True,4,5,1.3868294997092148,8.12596984822879e-05,-0.0009122328794396312,-0.0045187707703944965,0.00012178146770246641
0.01,0.017,0.017,5,False,6,0,292.55694041678265,8.040239412441096e-05,-0.1427030528456968,-0.003088836075673984,0.0034479654062168344
0.01,0.017,0.017,5,False,6,3,281.6867909776498,8.040069082433516e-05,-0.1457020285242365,-0.0004839817114776614,0.003398013754812629
0.01,0.017,0.017,5,True,6,7,0.5993189583754477,8.117601377189156e-05,-0.008336636500549287,0.0036788708297939864,6.36565896515645e-05
0.01,0.017,0.017,5,True,7,8,0.8167718738556566,8.133300473832726e-05,0.004913204150552499,-0.012101932053197526,-6.361506338564143e-05
0.01,0.017,0.017,5,True,0,1,1.441327428009152,8.11175193463579e-05,-0.013891317700858195,0.0065405900099034095,-5.2943670856208744e-05
0.01,0.017,0.017,5,False,0,3,89.71846191705285,8.04004426374786e-05,-0.15308786253129716,0.0016594562178060964,0.001876690627869015
0.01,0.017,0.017,5,False,0,6,88.63675269245246,8.040328304790705e-05,-0.15693288408720643,0.0061420723640992336,0.0018941484691552025
0.01,0.017,0.017,5,True,1,2,1.7103076005925744,8.116812674384478e-05,-0.009022661009506572,-0.0018247059092326525,9.215272742792503e-05
0.01,0.017,0.017,5,False,3,0,304.1407473641722,8.040047934117786e-05,-0.14802319118776272,-0.00305462545247821,-0.003660121590951934
0.01,0.017,0.017,5,True,3,4,0.6686125088117669,8.111173706206088e-05,-0.01430563014829205,-0.002401170072880816,4.521868297337856e-05
0.01,0.017,0.017,5,False,3,6,312.6276369459632,8.040157587897514e-05,-0.14980007954043784,0.006447504204231797,-0.0036926154025431726
0.01,0.017,0.017,5,True,4,5,1.3868294997092148,8.12596984822879e-05,-0.0009122328794396312,-0.0045187707703944965,0.00012178146770246641
0.01,0.017,0.017,5,False,6,0,292.55694041678265,8.040239412441096e-05,-0.1427030528456968,-0.003088836075673984,0.0034479654062168344
0.01,0.017,0.017,5,False,6,3,281.6867909776498,8.040069082433516e-05,-0.1457020285242365,-0.0004839817114776614,0.003398013754812629
0.01,0.017,0.017,5,True,6,7,0.9483869150930084,8.11176300459157e-05,-0.013843586661242673,0.00571440325357462,-2.7490225404187996e-05
0.01,0.017,0.017,5,True,7,8,0.8167718738556566,8.133300473832726e-05,0.004913204150552499,-0.012101932053197526,-6.361506338564143e-05
0.01,0.017,0.017,5,True,0,1,1.441327428009152,8.11175193463579e-05,-0.013891317700858195,0.0065405900099034095,-5.2943670856208744e-05
0.01,0.017,0.017,5,False,0,3,89.71846191705285,8.04004426374786e-05,-0.15308786253129716,0.0016594562178060964,0.001876690627869015
0.01,0.017,0.017,5,False,0,6,88.63675269245246,8.040328304790705e-05,-0.15693288408720643,0.0061420723640992336,0.0018941484691552025
0.01,0.017,0.017,5,True,1,2,1.7103076005925744,8.116812674384478e-05,-0.009022661009506572,-0.0018247059092326525,9.215272742792503e-05
0.01,0.017,0.017,5,False,3,0,304.1407473641722,8.040047934117786e-05,-0.14802319118776272,-0.00305462545247821,-0.003660121590951934
0.01,0.017,0.017,5,True,3,4,0.6686125088117669,8.111173706206088e-05,-0.01430563014829205,-0.002401170072880816,4.521868297337856e-05
0.01,0.017,0.017,5,False,3,6,312.6276369459632,8.040157587897514e-05,-0.14980007954043784,0.006447504204231797,-0.0036926154025431726
0.01,0.017,0.017,5,True,4,5,1.3868294997092148,8.12596984822879e-05,-0.0009122328794396312,-0.0045187707703944965,0.00012178146770246641
0.01,0.017,0.017,5,False,6,0,292.55694041678265,8.040239412441096e-05,-0.1427030528456968,-0.003088836075673984,0.0034479654062168344
0.01,0.017,0.017,5,False,6,3,281.6867909776498,8.040069082433516e-05,-0.1457020285242365,-0.0004839817114776614,0.003398013754812629
0.01,0.017,0.017,5,True,6,7,0.9483869150930084,8.11176300459157e-05,-0.013843586661242673,0.00571440325357462,-2.7490225404187996e-05
0.01,0.017,0.017,5,True,7,8,0.8167718738556566,8.133300473832726e-05,0.004913204150552499,-0.012101932053197526,-6.361506338564143e-05
0.01,0.017,0.017,5,True,0,1,1.441327428009152,8.11175193463579e-05,-0.013891317700858195,0.0065405900099034095,-5.2943670856208744e-05
0.01,0.017,0.017,5,False,0,3,89.71846191705285,8.04004426374786e-05,-0.15308786253129716,0.0016594562178060964,0.001876690627869015
0.01,0.017,0.017,5,False,0,6,88.63675269245246,8.040328304790705e-05,-0.15693288408720643,0.0061420723640992336,0.0018941484691552025
0.01,0.017,0.017,5,True,1,2,1.7103076005925744,8.116812674384478e-05,-0.009022661009506572,-0.0018247059092326525,9.215272742792503e-05
0.01,0.017,0.017,5,False,3,0,304.1407473641722,8.040047934117786e-05,-0.14802319118776272,-0.00305462545247821,-0.003660121590951934
0.01,0.017,0.017,5,True,3,4,0.6686125088117669,8.111173706206088e-05,-0.01430563014829205,-0.002401170072880816,4.521868297337856e-05
0.01,0.017,0.017,5,False,3,6,312.6276369459632,8.040157587897514e-05,-0.14980007954043784,0.006447504204231797,-0.0036926154025431726
0.01,0.017,0.017,5,True,4,5,1.3868294997092148,8.12596984822879e-05,-0.0009122328794396312,-0.0045187707703944965,0.00012178146770246641
0.01,0.017,0.017,5,False,6,0,292.55694041678265,8.040239412441096e-05,-0.1427030528456968,-0.003088836075673984,0.0034479654062168344
0.01,0.017,0.017,5,False,6,3,281.6867909776498,8.040069082433516e-05,-0.1457020285242365,-0.0004839817114776614,0.003398013754812629
0.01,0.017,0.017,5,True,6,7,0.9483869150930084,8.11176300459157e-05,-0.013843586661242673,0.00571440325357462,-2.7490225404187996e-05
0.01,0.017,0.017,5,True,7,8,0.8167718738556566,8.133300473832726e-05,0.004913204150552499,-0.012101932053197526,-6.361506338564143e-05
0.01,0.017,0.017,5,True,0,1,1.441327428009152,8.11175193463579e-05,-0.013891317700858195,0.0065405900099034095,-5.2943670856208744e-05
0.01,0.017,0.017,5,False,0,3,89.71846191705285,8.04004426374786e-05,-0.15308786253129716,0.0016594562178060964,0.001876690627869015
0.01,0.017,0.017,5,False,0,6,88.63675269245246,8.040328304790705e-05,-0.15693288408720643,0.0061420723640992336,0.0018941484691552025
0.01,0.017,0.017,5,True,1,2,1.7103076005925744,8.116812674384478e-05,-0.009022661009506572,-0.0018247059092326525,9.215272742792503e-05
0.01,0.017,0.017,5,False,3,0,304.1407473641722,8.040047934117786e-05,-0.14802319118776272,-0.00305462545247821,-0.003660121590951934
0.01,0.017,0.017,5,True,3,4,0.6686125088117669,8.111173706206088e-05,-0.01430563014829205,-0.002401170072880816,4.521868297337856e-05
0.01,0.017,0.017,5,False,3,6,312.6276369459632,8.040157587897514e-05,-0.14980007954043784,0.006447504204231797,-0.0036926154025431726
0.01,0.017,0.017,5,True,4,5,1.3868294997092148,8.12596984822879e-05,-0.0009122328794396312,-0.0045187707703944965,0.00012178146770246641
0.01,0.017,0.017,5,False,6,0,292.55694041678265,8.040239412441096e-05,-0.1427030528456968,-0.003088836075673984,0.0034479654062168344
0.01,0.017,0.017,5,False,6,3,281.6867909776498,8.040069082433516e-05,-0.1457020285242365,-0.0004839817114776614,0.003398013754812629
0.01,0.017,0.017,5,True,6,7,0.9483869150930084,8.11176300459157e-05,-0.013843586661242673,0.00571440325357462,-2.7490225404187996e-05
0.01,0.017,0.017,5,True,7,8,0.8167718738556566,8.133300473832726e-05,0.004913204150552499,-0.012101932053197526,-6.361506338564143e-05
0.01,0.017,0.017,5,True,0,1,1.0968188602099056,8.097545539747745e-05,-0.02833011748641201,-0.009410307340723147,-0.00014048776034144411
0.01,0.017,0.017,5,False,0,3,102.08058706645811,8.041242801832087e-05,-0.1564587144849245,-0.016754479216468644,0.0022587129839418893
0.01,0.017,0.017,5,False,0,6,99.33988661672592,8.040210534428913e-05,-0.15393939073373655,-0.006307915764513918,0.0021658388218529817
0.01,0.017,0.017,5,True,1,2,1.757020098890288,8.136850640046926e-05,0.00778966526015368,-0.01287088108529565,4.9871566563068905e-05
0.01,0.017,0.017,5,False,3,0,889.1572801249611,8.040915794589276e-05,-0.13508268340447044,0.0039087269996908565,-0.006980957867097992
0.01,0.017,0.017,5,True,3,4,1.9660502502657038,8.122398868823497e-05,-0.004022379892971617,-0.0037460166727581266,-5.668491240221095e-05
0.01,0.017,0.017,5,False,3,6,891.3116956837002,8.04032720149218e-05,-0.1413238673106111,0.0031967566976481205,-0.006990407468753216
0.01,0.017,0.017,5,True,4,5,1.0114064957719249,8.116391807029525e-05,-0.011617497003603705,-0.024886092086699892,-5.2607946327345695e-05
0.01,0.017,0.017,5,False,6,0,875.5504105381709,8.040183381547008e-05,-0.14986876119893097,0.006947280485521965,0.006983585262902662
0.01,0.017,0.017,5,False,6,3,889.7418151827176,8.040453844904118e-05,-0.14668779829411305,-0.010358424787082715,0.007067010160875168
0.01,0.017,0.017,5,True,6,7,0.9483869150930084,8.11176300459157e-05,-0.013843586661242673,0.00571440325357462,-2.7490225404187996e-05
0.01,0.017,0.017,5,True,7,8,1.1851820965043927,8.13082473416018e-05,0.0031123095305950967,-0.007779553723636912,1.1168474820972112e-05
0.01,0.017,0.017,5,True,0,1,0.9483036456137602,8.0961274545445e-05,-0.02967277772570947,-0.00681988825607253,-9.386155323937155e-05
0.01,0.017,0.017,5,False,0,3,95.80571998146594,8.04170853948063e-05,-0.16052477554364752,-0.018225821059787924,0.0016616159027245992
0.01,0.017,0.017,5,False,0,6,91.59212352068427,8.040374171466397e-05,-0.15802569682664727,-0.005765608160059595,0.0015894547674997898
0.01,0.017,0.017,5,True,1,2,1.516355226233856,8.131773976542858e-05,0.0039042974324752845,-0.007937190553386939,3.498057223209029e-05
0.01,0.017,0.017,5,False,3,0,697.984780189664,8.040983264666888e-05,-0.13442914159656116,0.003579499200813195,-0.005937182500729004
0.01,0.017,0.017,5,True,3,4,2.374932339835413,8.121963505061168e-05,-0.00436911160365467,-0.001574601039475421,-2.9483600192369012e-05
0.01,0.017,0.017,5,False,3,6,686.0036996073336,8.040365498211119e-05,-0.14040599821466393,0.0018333008343854919,-0.005873300532842864
0.01,0.017,0.017,5,True,4,5,1.0604481747904557,8.116474287259163e-05,-0.01149303891631361,-0.02462112922485181,-6.417403779114775e-05
0.01,0.017,0.017,5,False,4,1,336.0548207914982,8.045332064674307e-05,-0.11626408561775907,0.015571194039227822,-0.002605089082641813
0.01,0.017,0.017,5,False,6,0,737.7701231090509,8.040357469772894e-05,-0.14627095129891932,0.00891213681277686,0.006305724602934999
0.01,0.017,0.017,5,False,6,3,764.9888622256929,8.040630374419553e-05,-0.14547291354723504,-0.01197732236925811,0.006441767676491458
0.01,0.017,0.017,5,True,6,7,0.831995694744896,8.104282705929905e-05,-0.021100440545810353,0.004518789903958141,3.503049312281525e-05
0.01,0.017,0.017,5,True,7,8,1.256746554920299,8.12863559781937e-05,0.0011363010188937042,-0.00975847580893272,6.902810684937511e-05
0.01,0.017,0.017,5,True,0,1,0.9483036456137602,8.0961274545445e-05,-0.02967277772570947,-0.00681988825607253,-9.386155323937155e-05
0.01,0.017,0.017,5,False,0,3,95.80571998146594,8.04170853948063e-05,-0.16052477554364752,-0.018225821059787924,0.0016616159027245992
0.01,0.017,0.017,5,False,0,6,91.59212352068427,8.040374171466397e-05,-0.15802569682664727,-0.005765608160059595,0.0015894547674997898
0.01,0.017,0.017,5,True,1,2,1.516355226233856,8.131773976542858e-05,0.0039042974324752845,-0.007937190553386939,3.498057223209029e-05
0.01,0.017,0.017,5,False,1,4,563.9739209483339,8.04179204070677e-05,-0.12962283516053005,-0.007022056284509038,0.0020856654937077964
0.01,0.017,0.017,5,False,3,0,697.984780189664,8.040983264666888e-05,-0.13442914159656116,0.003579499200813195,-0.005937182500729004
0.01,0.017,0.017,5,True,3,4,2.374932339835413,8.121963505061168e-05,-0.00436911160365467,-0.001574601039475421,-2.9483600192369012e-05
0.01,0.017,0.017,5,False,3,6,686.0036996073336,8.040365498211119e-05,-0.14040599821466393,0.0018333008343854919,-0.005873300532842864
0.01,0.017,0.017,5,True,4,5,1.0604481747904557,8.116474287259163e-05,-0.01149303891631361,-0.02462112922485181,-6.417403779114775e-05
0.01,0.017,0.017,5,False,4,1,403.74264365033,8.040718846874926e-05,-0.13693827734379677,0.004026035143839203,-0.0008675943809948078
0.01,0.017,0.017,5,False,6,0,737.7701231090509,8.040357469772894e-05,-0.14627095129891932,0.00891213681277686,0.006305724602934999
0.01,0.017,0.017,5,False,6,3,764.9888622256929,8.040630374419553e-05,-0.14547291354723504,-0.01197732236925811,0.006441767676491458
0.01,0.017,0.017,5,True,6,7,0.5032119816160042,8.103551280786296e-05,-0.02223373476992002,0.011046562378561992,-1.3693920219097097e-05
0.01,0.017,0.017,5,True,7,8,1.256746554920299,8.12863559781937e-05,0.0011363010188937042,-0.00975847580893272,6.902810684937511e-05
0.01,0.017,0.017,5,True,0,1,0.9483036456137602,8.0961274545445e-05,-0.02967277772570947,-0.00681988825607253,-9.386155323937155e-05
0.01,0.017,0.017,5,False,0,3,95.80571998146594,8.04170853948063e-05,-0.16052477554364752,-0.018225821059787924,0.0016616159027245992
0.01,0.017,0.017,5,False,0,6,91.59212352068427,8.040374171466397e-05,-0.15802569682664727,-0.005765608160059595,0.0015894547674997898
0.01,0.017,0.017,5,True,1,2,1.516355226233856,8.131773976542858e-05,0.0039042974324752845,-0.007937190553386939,3.498057223209029e-05
0.01,0.017,0.017,5,False,1,4,571.3136980821379,8.040252842634068e-05,-0.1434364244826366,-0.004812363431576394,0.00011163883457029123
0.01,0.017,0.017,5,False,3,0,697.984780189664,8.040983264666888e-05,-0.13442914159656116,0.003579499200813195,-0.005937182500729004
0.01,0.017,0.017,5,True,3,4,2.374932339835413,8.121963505061168e-05,-0.00436911160365467,-0.001574601039475421,-2.9483600192369012e-05
0.01,0.017,0.017,5,False,3,6,686.0036996073336,8.040365498211119e-05,-0.14040599821466393,0.0018333008343854919,-0.005873300532842864
0.01,0.017,0.017,5,True,4,5,1.0604481747904557,8.116474287259163e-05,-0.01149303891631361,-0.02462112922485181,-6.417403779114775e-05
0.01,0.017,0.017,5,False,4,1,403.74264365033,8.040718846874926e-05,-0.13693827734379677,0.004026035143839203,-0.0008675943809948078
0.01,0.017,0.017,5,False,6,0,737.7701231090509,8.040357469772894e-05,-0.14627095129891932,0.00891213681277686,0.006305724602934999
0.01,0.017,0.017,5,False,6,3,764.9888622256929,8.040630374419553e-05,-0.14547291354723504,-0.01197732236925811,0.006441767676491458
0.01,0.017,0.017,5,True,6,7,0.5032119816160042,8.103551280786296e-05,-0.02223373476992002,0.011046562378561992,-1.3693920219097097e-05
0.01,0.017,0.017,5,True,7,8,1.256746554920299,8.12863559781937e-05,0.0011363010188937042,-0.00975847580893272,6.902810684937511e-05
0.01,0.017,0.017,5,True,0,1,0.9483036456137602,8.0961274545445e-05,-0.02967277772570947,-0.00681988825607253,-9.386155323937155e-05
0.01,0.017,0.017,5,False,0,3,95.80571998146594,8.04170853948063e-05,-0.16052477554364752,-0.018225821059787924,0.0016616159027245992
0.01,0.017,0.017,5,False,0,6,91.59212352068427,8.040374171466397e-05,-0.15802569682664727,-0.005765608160059595,0.0015894547674997898
0.01,0.017,0.017,5,False,0,4,51.67760170882951,8.097178845731812e-05,-0.028365692912037336,-0.001520586870261809,-0.00032999370881214466
0.01,0.017,0.017,5,True,1,2,1.516355226233856,8.131773976542858e-05,0.0039042974324752845,-0.007937190553386939,3.498057223209029e-05
0.01,0.017,0.017,5,False,1,4,571.3136980821379,8.040252842634068e-05,-0.1434364244826366,-0.004812363431576394,0.00011163883457029123
0.01,0.017,0.017,5,False,3,0,697.984780189664,8.040983264666888e-05,-0.13442914159656116,0.003579499200813195,-0.005937182500729004
0.01,0.017,0.017,5,True,3,4,2.374932339835413,8.121963505061168e-05,-0.00436911160365467,-0.001574601039475421,-2.9483600192369012e-05
0.01,0.017,0.017,5,False,3,6,686.0036996073336,8.040365498211119e-05,-0.14040599821466393,0.0018333008343854919,-0.005873300532842864
0.01,0.017,0.017,5,True,4,5,1.0604481747904557,8.116474287259163e-05,-0.01149303891631361,-0.02462112922485181,-6.417403779114775e-05
0.01,0.017,0.017,5,False,4,1,403.74264365033,8.040718846874926e-05,-0.13693827734379677,0.004026035143839203,-0.0008675943809948078
0.01,0.017,0.017,5,False,6,0,737.7701231090509,8.040357469772894e-05,-0.14627095129891932,0.00891213681277686,0.006305724602934999
0.01,0.017,0.017,5,False,6,3,764.9888622256929,8.040630374419553e-05,-0.14547291354723504,-0.01197732236925811,0.006441767676491458
0.01,0.017,0.017,5,True,6,7,0.5032119816160042,8.103551280786296e-05,-0.02223373476992002,0.011046562378561992,-1.3693920219097097e-05
0.01,0.017,0.017,5,True,7,8,1.256746554920299,8.12863559781937e-05,0.0011363010188937042,-0.00975847580893272,6.902810684937511e-05
0.01,0.017,0.017,5,True,0,1,0.9483036456137602,8.0961274545445e-05,-0.02967277772570947,-0.00681988825607253,-9.386155323937155e-05
0.01,0.017,0.017,5,False,0,3,95.80571998146594,8.04170853948063e-05,-0.16052477554364752,-0.018225821059787924,0.0016616159027245992
0.01,0.017,0.017,5,False,0,6,91.59212352068427,8.040374171466397e-05,-0.15802569682664727,-0.005765608160059595,0.0015894547674997898
0.01,0.017,0.017,5,False,0,4,51.67760170882951,8.097178845731812e-05,-0.028365692912037336,-0.001520586870261809,-0.00032999370881214466
0.01,0.017,0.017,5,True,1,2,1.516355226233856,8.131773976542858e-05,0.0039042974324752845,-0.007937190553386939,3.498057223209029e-05
0.01,0.017,0.017,5,False,1,4,571.3136980821379,8.040252842634068e-05,-0.1434364244826366,-0.004812363431576394,0.00011163883457029123
0.01,0.017,0.017,5,False,3,0,697.984780189664,8.040983264666888e-05,-0.13442914159656116,0.003579499200813195,-0.005937182500729004
0.01,0.017,0.017,5,True,3,4,2.374932339835413,8.121963505061168e-05,-0.00436911160365467,-0.001574601039475421,-2.9483600192369012e-05
0.01,0.017,0.017,5,False,3,6,686.0036996073336,8.040365498211119e-05,-0.14040599821466393,0.0018333008343854919,-0.005873300532842864
0.01,0.017,0.017,5,True,4,5,1.0604481747904557,8.116474287259163e-05,-0.01149303891631361,-0.02462112922485181,-6.417403779114775e-05
0.01,0.017,0.017,5,False,4,1,403.74264365033,8.040718846874926e-05,-0.13693827734379677,0.004026035143839203,-0.0008675943809948078
0.01,0.017,0.017,5,False,6,0,737.7701231090509,8.040357469772894e-05,-0.14627095129891932,0.00891213681277686,0.006305724602934999
0.01,0.017,0.017,5,False,6,3,764.9888622256929,8.040630374419553e-05,-0.14547291354723504,-0.01197732236925811,0.006441767676491458
0.01,0.017,0.017,5,True,6,7,0.5032119816160042,8.103551280786296e-05,-0.02223373476992002,0.011046562378561992,-1.3693920219097097e-05
0.01,0.017,0.017,5,True,7,8,1.256746554920299,8.12863559781937e-05,0.0011363010188937042,-0.00975847580893272,6.902810684937511e-05
0.01,0.017,0.017,5,True,0,1,1.3470882655784189,8.09908014932482e-05,-0.02636839795532585,-0.002110381651348242,2.3460234801671456e-05
0.01,0.017,0.017,5,False,0,3,43.686388968453095,8.0403154639656e-05,-0.15080476291827305,-0.009045403302789148,-0.0011053900270785527
0.01,0.017,0.017,5,False,0,6,40.03553045215888,8.040182397109078e-05,-0.1470401423972573,-0.006266777131890507,-0.0010142055516792479
0.01,0.017,0.017,5,False,0,4,51.67760170882951,8.097178845731812e-05,-0.028365692912037336,-0.001520586870261809,-0.00032999370881214466
0.01,0.017,0.017,5,True,1,2,1.565361077953538,8.133662277634304e-05,0.005470289417996283,-0.00819525666704615,8.381061344070906e-06
0.01,0.017,0.017,5,False,1,4,571.3136980821379,8.040252842634068e-05,-0.1434364244826366,-0.004812363431576394,0.00011163883457029123
0.01,0.017,0.017,5,False,3,0,53.659891963821124,8.04030766348135e-05,-0.15067937895179045,0.008943533560632301,0.0008406098498765109
0.01,0.017,0.017,5,True,3,4,1.5511761914641793,8.107144879500968e-05,-0.018989931976184867,0.014578365289968722,4.280757128560258e-05
0.01,0.017,0.017,5,False,3,6,55.65873622233894,8.040103510657688e-05,-0.1462132712268543,0.0036438513900984965,0.0009041444094335048
0.01,0.017,0.017,5,True,4,5,2.463339534645293,8.140323675941515e-05,0.01072452720603459,-0.01138391963848498,-8.67613264424077e-06
0.01,0.017,0.017,5,False,4,1,403.74264365033,8.040718846874926e-05,-0.13693827734379677,0.004026035143839203,-0.0008675943809948078
0.01,0.017,0.017,5,False,4,7,128.15233992878024,8.040780383535226e-05,-0.13683510446524932,0.005421103993065186,-0.0026152854571145734
0.01,0.017,0.017,5,False,6,0,308.1697892324295,8.040181373086418e-05,-0.15583918372503422,0.0036975893065043204,0.0041614249399447144
0.01,0.017,0.017,5,False,6,3,306.6715153011579,8.04005555725771e-05,-0.15050437226230096,-0.003866934542492322,0.0041337749838139815
0.01,0.017,0.017,5,True,6,7,0.5032119816160042,8.103551280786296e-05,-0.02223373476992002,0.011046562378561992,-1.3693920219097097e-05
0.01,0.017,0.017,5,True,7,8,1.0418995356888732,8.137076375796748e-05,0.007886626813728589,-0.013909468086695726,1.2399950413030078e-05
0.01,0.017,0.017,5,True,0,1,1.1794325670904655,8.107078234498327e-05,-0.018248435790044204,-0.0006703930907004927,8.393864444625684e-06
0.01,0.017,0.017,5,False,0,3,23.794141353932304,8.0401277222032e-05,-0.14857584603392388,-0.005644186304020793,-0.0007959300237453129
0.01,0.017,0.017,5,False,0,6,16.596491648555496,8.040461046704693e-05,-0.14286830354626612,-0.00832341716318285,-0.000596578876079819
0.01,0.017,0.017,5,False,0,4,51.67760170882951,8.097178845731812e-05,-0.028365692912037336,-0.001520586870261809,-0.00032999370881214466
0.01,0.017,0.017,5,True,1,2,1.2897587360529292,8.12867289864102e-05,0.0014152849531719202,-0.004523949642295368,-3.976366049242986e-06
0.01,0.017,0.017,5,False,1,4,571.3136980821379,8.040252842634068e-05,-0.1434364244826366,-0.004812363431576394,0.00011163883457029123
0.01,0.017,0.017,5,False,3,0,96.54262483322198,8.040103512681657e-05,-0.15255324320062993,0.0045935881854958175,0.0018668951053061743
0.01,0.017,0.017,5,True,3,4,1.3643756366614757,8.111084481801737e-05,-0.01482666188429103,0.011126708192114046,7.334936238901138e-05
0.01,0.017,0.017,5,False,3,6,101.46929171872088,8.040210046691183e-05,-0.1426103985733895,-0.0007616585342142046,0.001969495064943861
0.01,0.017,0.017,5,False,3,7,47.59677624680883,8.111753693924222e-05,-0.01388495975226075,-0.006442511006264238,-0.00029302666834018864
0.01,0.017,0.017,5,True,4,5,2.5627519051008103,8.131089553291019e-05,0.0032267320253459133,-0.009694642662079487,9.500986163223684e-05
0.01,0.017,0.017,5,False,4,1,403.74264365033,8.040718846874926e-05,-0.13693827734379677,0.004026035143839203,-0.0008675943809948078
0.01,0.017,0.017,5,False,4,7,109.63073977585623,8.040269285387493e-05,-0.1583695030740967,-0.0006737038551279014,-0.0024189904037874668
0.01,0.017,0.017,5,False,6,0,288.3883073167323,8.040423263423583e-05,-0.1597039270058677,0.0040244987560036785,0.003954452536726818
0.01,0.017,0.017,5,False,6,3,282.06487933783046,8.040088088296138e-05,-0.154855338814051,-0.0002271113555035849,0.003857701354917448
0.01,0.017,0.017,5,True,6,7,1.8320729222961127,8.098416775206052e-05,-0.027286511483357426,0.007678846067724819,-7.45850876080954e-05
0.01,0.017,0.017,5,True,7,8,1.1025570025983797,8.128596562186872e-05,0.0006729943943249211,-0.014998511762130077,-1.0458761339604073e-05
0.01,0.017,0.017,5,False,7,4,338.95317709104893,8.040530150179865e-05,-0.14020896710156477,0.0064920932667233006,0.0026672586009677556
0.01,0.017,0.009,5,True,0,1,1.0814693615500368,8.094550010084922e-05,-0.020743312510422714,-0.002181272987462722,7.203860645286734e-05
0.01,0.017,0.009,5,False,0,3,350.64079668946704,8.040156637670975e-05,-0.14502485168845675,0.004921133011358815,-0.00488615585874895
0.01,0.017,0.009,5,False,0,6,345.3432562929112,8.040040241584699e-05,-0.15003886913461964,-0.0036476324099755093,-0.004811476522502487
0.01,0.017,0.009,5,True,1,2,0.9164638173078812,8.111265469528202e-05,-0.0025272393928304515,-0.009193209377269352,-8.326738598422459e-05
0.01,0.017,0.009,5,False,3,0,180.01453184331763,8.040155190451644e-05,-0.15178067646716448,-0.006734646324750617,0.002435844971059716
0.01,0.017,0.009,5,True,3,4,1.5978883282732492,8.092566275997985e-05,-0.02311557989060345,0.0021646166381442105,9.361891006891817e-05
0.01,0.017,0.009,5,False,3,6,189.24405849696473,8.040313435486244e-05,-0.14907999416184278,-0.009806004421327596,0.0024887084447353133
0.01,0.017,0.009,5,True,4,5,0.8263591410235911,8.108609962646137e-05,-0.005817725567451004,-0.015188978010887033,-0.00011561394088562652
0.01,0.017,0.009,5,False,6,0,96.25121343305861,8.040049837181607e-05,-0.15181498188186815,0.0035989279735489954,-0.0010437812975892288
0.01,0.017,0.009,5,False,6,3,95.44757614142166,8.040310676513067e-05,-0.14830293988327017,0.009658083289551473,-0.0010655653742231701
0.01,0.017,0.009,5,True,6,7,2.0780503265627184,8.09035216063385e-05,-0.02581865832086669,0.0022474434222505115,-4.2212158809738765e-05
0.01,0.017,0.009,5,True,7,8,0.8522369283872522,8.125708893004581e-05,0.011581326543450588,-0.012200931710459413,-0.0001296324416483526
0.01,0.017,0.009,5,True,0,1,1.6954984150859445,8.094544171609928e-05,-0.020731907315174082,0.00014701021641975318,-4.245540958658538e-05
0.01,0.017,0.009,5,False,0,3,509.9096985031953,8.040536050016618e-05,-0.14698854029039457,0.01249528243384161,-0.005973204147112847
0.01,0.017,0.009,5,False,0,6,500.54586936000135,8.040099375517765e-05,-0.1479603638468847,0.00522199293206212,-0.005895437215482457
0.01,0.017,0.009,5,True,1,2,1.6064091178931617,8.112534402659026e-05,-0.0009576571137562764,-0.0027999770320461916,4.576508616314616e-05
0.01,0.017,0.009,5,False,3,0,122.57620504050351,8.040587427843575e-05,-0.14661747058448812,-0.013019183141399548,0.0006445907965658287
0.01,0.017,0.009,5,True,3,4,1.5759801941074914,8.095520326447677e-05,-0.01958039477569883,-0.00015862942927907832,0.00020952147991575032
0.01,0.017,0.009,5,False,3,6,132.48935494062323,8.040215464837252e-05,-0.14705003699699773,-0.007634674447263162,0.000607730911918576
0.01,0.017,0.009,5,True,4,5,0.8263591410235911,8.108609962646137e-05,-0.005817725567451004,-0.015188978010887033,-0.00011561394088562652
0.01,0.017,0.009,5,False,6,0,221.37174585309344,8.040093140709013e-05,-0.15106740713865294,-0.005327281057148683,-0.002862635849912015
0.01,0.017,0.009,5,False,6,3,236.40595354770022,8.04021577149475e-05,-0.1508181148392898,0.00814955011760884,-0.002977262680263016
0.01,0.017,0.009,5,True,6,7,1.8823768279598707,8.088217851905532e-05,-0.028464355890727423,-0.0011466957977481146,6.281764427718824e-06
0.01,0.017,0.009,5,True,7,8,0.7965481046886002,8.12765486960119e-05,0.013113206948910387,-0.015735546564952164,-0.00010897243321967334
0.01,0.017,0.009,5,True,0,1,1.6954984150859445,8.094544171609928e-05,-0.020731907315174082,0.00014701021641975318,-4.245540958658538e-05
0.01,0.017,0.009,5,False,0,3,509.9096985031953,8.040536050016618e-05,-0.14698854029039457,0.01249528243384161,-0.005973204147112847
0.01,0.017,0.009,5,False,0,6,500.54586936000135,8.040099375517765e-05,-0.1479603638468847,0.00522199293206212,-0.005895437215482457
0.01,0.017,0.009,5,True,1,2,1.6064091178931617,8.112534402659026e-05,-0.0009576571137562764,-0.0027999770320461916,4.576508616314616e-05
0.01,0.017,0.009,5,False,1,7,545.3954024677179,8.044349621179438e-05,-0.13438424213617503,-0.03300909553958713,0.00633878240740122
0.01,0.017,0.009,5,False,3,0,122.57620504050351,8.040587427843575e-05,-0.14661747058448812,-0.013019183141399548,0.0006445907965658287
0.01,0.017,0.009,5,True,3,4,1.5759801941074914,8.095520326447677e-05,-0.01958039477569883,-0.00015862942927907832,0.00020952147991575032
0.01,0.017,0.009,5,False,3,6,132.48935494062323,8.040215464837252e-05,-0.14705003699699773,-0.007634674447263162,0.000607730911918576
0.01,0.017,0.009,5,True,4,5,0.8843715229882129,8.111238491370817e-05,-0.0035401602323454806,-0.019338594060067164,-8.696623080310442e-05
0.01,0.017,0.009,5,False,4,7,131.98514637634418,8.04518455115821e-05,-0.1334060178975591,0.03624749870357796,-0.0022312999368412625
0.01,0.017,0.009,5,False,6,0,221.37174585309344,8.040093140709013e-05,-0.15106740713865294,-0.005327281057148683,-0.002862635849912015
0.01,0.017,0.009,5,False,6,3,236.40595354770022,8.04021577149475e-05,-0.1508181148392898,0.00814955011760884,-0.002977262680263016
0.01,0.017,0.009,5,True,6,7,1.8823768279598707,8.088217851905532e-05,-0.028464355890727423,-0.0011466957977481146,6.281764427718824e-06
0.01,0.017,0.009,5,True,7,8,0.7965481046886002,8.12765486960119e-05,0.013113206948910387,-0.015735546564952164,-0.00010897243321967334
0.01,0.017,0.009,5,True,0,1,1.6954984150859445,8.094544171609928e-05,-0.020731907315174082,0.00014701021641975318,-4.245540958658538e-05
0.01,0.017,0.009,5,False,0,3,509.9096985031953,8.040536050016618e-05,-0.14698854029039457,0.01249528243384161,-0.005973204147112847
0.01,0.017,0.009,5,False,0,6,500.54586936000135,8.040099375517765e-05,-0.1479603638468847,0.00522199293206212,-0.005895437215482457
0.01,0.017,0.009,5,False,0,7,91.50350497476389,8.087368105110505e-05,-0.030662562126318217,-0.016446506526694354,-0.0020847798006089617
0.01,0.017,0.009,5,True,1,2,1.6064091178931617,8.112534402659026e-05,-0.0009576571137562764,-0.0027999770320461916,4.576508616314616e-05
0.01,0.017,0.009,5,False,1,7,545.3954024677179,8.044349621179438e-05,-0.13438424213617503,-0.03300909553958713,0.00633878240740122
0.01,0.017,0.009,5,False,3,0,122.57620504050351,8.040587427843575e-05,-0.14661747058448812,-0.013019183141399548,0.0006445907965658287
0.01,0.017,0.009,5,True,3,4,1.5759801941074914,8.095520326447677e-05,-0.01958039477569883,-0.00015862942927907832,0.00020952147991575032
0.01,0.017,0.009,5,False,3,6,132.48935494062323,8.040215464837252e-05,-0.14705003699699773,-0.007634674447263162,0.000607730911918576
0.01,0.017,0.009,5,False,4,2,841.3642132999215,8.082058970580035e-05,-0.04017513335834236,0.02870502142842379,-0.00654331045746656
0.01,0.017,0.009,5,True,4,5,0.8843715229882129,8.111238491370817e-05,-0.0035401602323454806,-0.019338594060067164,-8.696623080310442e-05
0.01,0.017,0.009,5,False,4,7,129.1425662161001,8.042689226962391e-05,-0.14160108123893278,0.027463838061331854,-0.0017662409643738985
0.01,0.017,0.009,5,False,5,2,1331.0046225977546,8.040044436596379e-05,-0.15050089587618992,0.003785648574907856,-0.007647855765612282
0.01,0.017,0.009,5,False,6,0,221.37174585309344,8.040093140709013e-05,-0.15106740713865294,-0.005327281057148683,-0.002862635849912015
0.01,0.017,0.009,5,False,6,3,236.40595354770022,8.04021577149475e-05,-0.1508181148392898,0.00814955011760884,-0.002977262680263016
0.01,0.017,0.009,5,True,6,7,1.8823768279598707,8.088217851905532e-05,-0.028464355890727423,-0.0011466957977481146,6.281764427718824e-06
0.01,0.017,0.009,5,True,7,8,0.7965481046886002,8.12765486960119e-05,0.013113206948910387,-0.015735546564952164,-0.00010897243321967334
0.01,0.017,0.009,5,True,0,1,1.6954984150859445,8.094544171609928e-05,-0.020731907315174082,0.00014701021641975318,-4.245540958658538e-05
0.01,0.017,0.009,5,False,0,3,509.9096985031953,8.040536050016618e-05,-0.14698854029039457,0.01249528243384161,-0.005973204147112847
0.01,0.017,0.009,5,False,0,6,500.54586936000135,8.040099375517765e-05,-0.1479603638468847,0.00522199293206212,-0.005895437215482457
0.01,0.017,0.009,5,False,0,7,91.50350497476389,8.087368105110505e-05,-0.030662562126318217,-0.016446506526694354,-0.0020847798006089617
0.01,0.017,0.009,5,True,1,2,1.6064091178931617,8.112534402659026e-05,-0.0009576571137562764,-0.0027999770320461916,4.576508616314616e-05
0.01,0.017,0.009,5,False,1,7,545.3954024677179,8.044349621179438e-05,-0.13438424213617503,-0.03300909553958713,0.00633878240740122
0.01,0.017,0.009,5,False,3,0,122.57620504050351,8.040587427843575e-05,-0.14661747058448812,-0.013019183141399548,0.0006445907965658287
0.01,0.017,0.009,5,True,3,4,1.5759801941074914,8.095520326447677e-05,-0.01958039477569883,-0.00015862942927907832,0.00020952147991575032
0.01,0.017,0.009,5,False,3,6,132.48935494062323,8.040215464837252e-05,-0.14705003699699773,-0.007634674447263162,0.000607730911918576
0.01,0.017,0.009,5,False,3,7,97.57607621971434,8.09094173480557e-05,-0.02508425235196547,0.0016514124369835976,0.002363755800788261
0.01,0.017,0.009,5,False,4,2,841.3642132999215,8.082058970580035e-05,-0.04017513335834236,0.02870502142842379,-0.00654331045746656
0.01,0.017,0.009,5,True,4,5,0.8843715229882129,8.111238491370817e-05,-0.0035401602323454806,-0.019338594060067164,-8.696623080310442e-05
0.01,0.017,0.009,5,False,4,7,129.1425662161001,8.042689226962391e-05,-0.14160108123893278,0.027463838061331854,-0.0017662409643738985
0.01,0.017,0.009,5,False,5,2,1331.0046225977546,8.040044436596379e-05,-0.15050089587618992,0.003785648574907856,-0.007647855765612282
0.01,0.017,0.009,5,False,6,0,221.37174585309344,8.040093140709013e-05,-0.15106740713865294,-0.005327281057148683,-0.002862635849912015
0.01,0.017,0.009,5,False,6,3,236.40595354770022,8.04021577149475e-05,-0.1508181148392898,0.00814955011760884,-0.002977262680263016
0.01,0.017,0.009,5,True,6,7,1.8823768279598707,8.088217851905532e-05,-0.028464355890727423,-0.0011466957977481146,6.281764427718824e-06
0.01,0.017,0.009,5,True,7,8,0.7965481046886002,8.12765486960119e-05,0.013113206948910387,-0.015735546564952164,-0.00010897243321967334
0.01,0.017,0.009,5,False,7,4,985.9897233357581,8.040649258188972e-05,-0.1557657420804104,-0.012908429963699857,-0.008151396557359764
0.01,0.017,0.009,5,True,0,1,1.6954984150859445,8.094544171609928e-05,-0.020731907315174082,0.00014701021641975318,-4.245540958658538e-05
0.01,0.017,0.009,5,False,0,3,509.9096985031953,8.040536050016618e-05,-0.14698854029039457,0.01249528243384161,-0.005973204147112847
0.01,0.017,0.009,5,False,0,6,500.54586936000135,8.040099375517765e-05,-0.1479603638468847,0.00522199293206212,-0.005895437215482457
0.01,0.017,0.009,5,False,0,7,91.50350497476389,8.087368105110505e-05,-0.030662562126318217,-0.016446506526694354,-0.0020847798006089617
0.01,0.017,0.009,5,True,1,2,1.6064091178931617,8.112534402659026e-05,-0.0009576571137562764,-0.0027999770320461916,4.576508616314616e-05
0.01,0.017,0.009,5,False,1,7,545.3954024677179,8.044349621179438e-05,-0.13438424213617503,-0.03300909553958713,0.00633878240740122
0.01,0.017,0.009,5,False,3,0,122.57620504050351,8.040587427843575e-05,-0.14661747058448812,-0.013019183141399548,0.0006445907965658287
0.01,0.017,0.009,5,True,3,4,1.5759801941074914,8.095520326447677e-05,-0.01958039477569883,-0.00015862942927907832,0.00020952147991575032
0.01,0.017,0.009,5,False,3,6,132.48935494062323,8.040215464837252e-05,-0.14705003699699773,-0.007634674447263162,0.000607730911918576
0.01,0.017,0.009,5,False,3,7,61.71707876461456,8.087261202134523e-05,-0.029705331860120917,-0.0028908365116713935,0.0016720681452189474
0.01,0.017,0.009,5,False,4,2,841.3642132999215,8.082058970580035e-05,-0.04017513335834236,0.02870502142842379,-0.00654331045746656
0.01,0.017,0.009,5,True,4,5,0.8843715229882129,8.111238491370817e-05,-0.0035401602323454806,-0.019338594060067164,-8.696623080310442e-05
0.01,0.017,0.009,5,False,4,7,129.1425662161001,8.042689226962391e-05,-0.14160108123893278,0.027463838061331854,-0.0017662409643738985
0.01,0.017,0.009,5,False,5,2,1331.0046225977546,8.040044436596379e-05,-0.15050089587618992,0.003785648574907856,-0.007647855765612282
0.01,0.017,0.009,5,False,6,0,221.37174585309344,8.040093140709013e-05,-0.15106740713865294,-0.005327281057148683,-0.002862635849912015
0.01,0.017,0.009,5,False,6,3,236.40595354770022,8.04021577149475e-05,-0.1508181148392898,0.00814955011760884,-0.002977262680263016
0.01,0.017,0.009,5,False,6,4,81.63366462059695,8.090026112743183e-05,-0.026223840849993664,-0.0023762487216696113,-0.0019138555366967826
0.01,0.017,0.009,5,True,6,7,1.8823768279598707,8.088217851905532e-05,-0.028464355890727423,-0.0011466957977481146,6.281764427718824e-06
0.01,0.017,0.009,5,True,7,8,0.7965481046886002,8.12765486960119e-05,0.013113206948910387,-0.015735546564952164,-0.00010897243321967334
0.01,0.017,0.009,5,False,7,4,754.1929499753717,8.040256959747466e-05,-0.15601541653947437,-0.006596196113929344,-0.006766291155429474
0.01,0.017,0.009,5,True,0,1,1.1978497939430577,8.09572290720767e-05,-0.01939457369589716,0.0036856860489169487,3.087895526129526e-05
0.01,0.017,0.009,5,False,0,3,909.2439972671411,8.04000458907179e-05,-0.14858997513936956,-0.0006326231684193343,-0.00816010808208584
0.01,0.017,0.009,5,False,0,6,872.5450058696273,8.040027292110259e-05,-0.14756614635351212,0.0018503169578895334,-0.008017742706220668
0.01,0.017,0.009,5,False,0,7,91.50350497476389,8.087368105110505e-05,-0.030662562126318217,-0.016446506526694354,-0.0020847798006089617
0.01,0.017,0.009,5,True,1,2,1.6064091178931617,8.112534402659026e-05,-0.0009576571137562764,-0.0027999770320461916,4.576508616314616e-05
0.01,0.017,0.009,5,False,1,7,545.3954024677179,8.044349621179438e-05,-0.13438424213617503,-0.03300909553958713,0.00633878240740122
0.01,0.017,0.009,5,False,3,0,303.94212587083274,8.040007952203871e-05,-0.1518489144668024,1.405458161764264e-05,-0.004505730771296512
0.01,0.017,0.009,5,True,3,4,1.5411011835071766,8.09165599836661e-05,-0.024221022103038118,0.002265138423000642,-4.025546534461821e-05
0.01,0.017,0.009,5,False,3,6,285.3847811773515,8.040013534416085e-05,-0.14991820005685122,0.0022628032207725798,-0.004336265585565625
0.01,0.017,0.009,5,False,3,7,61.71707876461456,8.087261202134523e-05,-0.029705331860120917,-0.0028908365116713935,0.0016720681452189474
0.01,0.017,0.009,5,False,4,2,841.3642132999215,8.082058970580035e-05,-0.04017513335834236,0.02870502142842379,-0.00654331045746656
0.01,0.017,0.009,5,True,4,5,0.8843715229882129,8.111238491370817e-05,-0.0035401602323454806,-0.019338594060067164,-8.696623080310442e-05
0.01,0.017,0.009,5,False,4,7,129.1425662161001,8.042689226962391e-05,-0.14160108123893278,0.027463838061331854,-0.0017662409643738985
0.01,0.017,0.009,5,False,5,2,1331.0046225977546,8.040044436596379e-05,-0.15050089587618992,0.003785648574907856,-0.007647855765612282
0.01,0.017,0.009,5,False,6,0,494.57347120579755,8.040020838125195e-05,-0.15208835159564013,-0.0017346220410946473,-0.005670928479609095
0.01,0.017,0.009,5,False,6,3,503.3413206978695,8.040008925366864e-05,-0.1495191954007342,-0.0018664955705788298,-0.005643828699278818
0.01,0.017,0.009,5,False,6,4,41.21345047353841,8.092710192453856e-05,-0.02307068203734712,-0.0061143581821048705,-0.0012915478976446358
0.01,0.017,0.009,5,True,6,7,0.9892138971805242,8.093062670684652e-05,-0.023283641039389638,-0.01412014623339321,-1.8080726699231128e-05
0.01,0.017,0.009,5,True,7,8,0.7616575741425425,8.108316470907369e-05,-0.005353921787324225,-0.002614699473142,-0.00010404507789879287
0.01,0.017,0.009,5,False,7,4,754.1929499753717,8.040256959747466e-05,-0.15601541653947437,-0.006596196113929344,-0.006766291155429474
0.01,0.017,0.009,5,True,0,1,1.0131258002753278,8.092523382556807e-05,-0.02319300788478659,0.0033458708251229035,0.00017615454624659923
0.01,0.017,0.009,5,False,0,3,751.050765015607,8.040098582231167e-05,-0.14442756670467344,0.0003563670536881825,-0.0072879596201436804
0.01,0.017,0.009,5,False,0,6,730.9455365594438,8.040044414157224e-05,-0.14851040661292442,0.0035176526761051853,-0.007212503303639581
0.01,0.017,0.009,5,False,0,7,91.50350497476389,8.087368105110505e-05,-0.030662562126318217,-0.016446506526694354,-0.0020847798006089617
0.01,0.017,0.009,5,True,1,2,1.9782606190431404,8.122508236178876e-05,0.008266701442187139,-0.01511719500518591,2.4662485583041565e-05
0.01,0.017,0.009,5,False,1,7,545.3954024677179,8.044349621179438e-05,-0.13438424213617503,-0.03300909553958713,0.00633878240740122
0.01,0.017,0.009,5,False,3,0,228.01677128239712,8.040105546655804e-05,-0.1553094867099675,-0.0022631643766573262,-0.00350571046114506
0.01,0.017,0.009,5,True,3,4,1.513609836215396,8.091654115017482e-05,-0.024233163956118766,0.0027583267486643807,-4.130916080515342e-05
0.01,0.017,0.009,5,False,3,6,215.44934718433237,8.040077821445761e-05,-0.15478720635835153,0.0013790887362911373,-0.0033769389915619427
0.01,0.017,0.009,5,False,3,7,61.71707876461456,8.087261202134523e-05,-0.029705331860120917,-0.0028908365116713935,0.0016720681452189474
0.01,0.017,0.009,5,False,4,2,841.3642132999215,8.082058970580035e-05,-0.04017513335834236,0.02870502142842379,-0.00654331045746656
0.01,0.017,0.009,5,True,4,5,0.9475639750587774,8.108302722218574e-05,-0.0054674355128701765,-0.005953777518026882,-2.8886190331932453e-05
0.01,0.017,0.009,5,False,4,7,129.1425662161001,8.042689226962391e-05,-0.14160108123893278,0.027463838061331854,-0.0017662409643738985
0.01,0.017,0.009,5,False,5,2,1331.0046225977546,8.040044436596379e-05,-0.15050089587618992,0.003785648574907856,-0.007647855765612282
0.01,0.017,0.009,5,False,6,0,298.7006922588997,8.040039884481674e-05,-0.15063672371062947,-0.0035776636771743704,-0.004040831173109533
0.01,0.017,0.009,5,False,6,3,299.91705191987205,8.04007599758069e-05,-0.14521884694627724,-0.00118366745547606,-0.003987516024039638
0.01,0.017,0.009,5,False,6,4,41.21345047353841,8.092710192453856e-05,-0.02307068203734712,-0.0061143581821048705,-0.0012915478976446358
0.01,0.017,0.009,5,True,6,7,1.5346183318357187,8.094143534750819e-05,-0.02136322614186635,-0.006333004516126903,7.971583025254005e-05
0.01,0.017,0.009,5,True,7,8,0.9923243397092747,8.107004044389187e-05,-0.006756051188274271,-0.002905543065211895,-0.00016636927769634062
0.01,0.017,0.009,5,False,7,4,754.1929499753717,8.040256959747466e-05,-0.15601541653947437,-0.006596196113929344,-0.006766291155429474
0.01,0.017,0.009,5,True,0,1,1.0131258002753278,8.092523382556807e-05,-0.02319300788478659,0.0033458708251229035,0.00017615454624659923
0.01,0.017,0.009,5,False,0,3,751.050765015607,8.040098582231167e-05,-0.14442756670467344,0.0003563670536881825,-0.0072879596201436804
0.01,0.017,0.009,5,False,0,6,730.9455365594438,8.040044414157224e-05,-0.14851040661292442,0.0035176526761051853,-0.007212503303639581
0.01,0.017,0.009,5,False,0,7,91.50350497476389,8.087368105110505e-05,-0.030662562126318217,-0.016446506526694354,-0.0020847798006089617
0.01,0.017,0.009,5,True,1,2,1.4305568055057905,8.11938876673997e-05,0.005468978628529562,-0.012273839648978968,-8.413453691643616e-05
0.01,0.017,0.009,5,False,1,7,545.3954024677179,8.044349621179438e-05,-0.13438424213617503,-0.03300909553958713,0.00633878240740122
0.01,0.017,0.009,5,False,2,5,309.7776809690105,8.04027181602464e-05,-0.14087276100154075,0.0009673321295329522,0.004041032822041027
0.01,0.017,0.009,5,False,3,0,228.01677128239712,8.040105546655804e-05,-0.1553094867099675,-0.0022631643766573262,-0.00350571046114506
0.01,0.017,0.009,5,True,3,4,1.513609836215396,8.091654115017482e-05,-0.024233163956118766,0.0027583267486643807,-4.130916080515342e-05
0.01,0.017,0.009,5,False,3,6,215.44934718433237,8.040077821445761e-05,-0.15478720635835153,0.0013790887362911373,-0.0033769389915619427
0.01,0.017,0.009,5,False,3,7,61.71707876461456,8.087261202134523e-05,-0.029705331860120917,-0.0028908365116713935,0.0016720681452189474
0.01,0.017,0.009,5,False,4,2,815.236308512674,8.082592401231347e-05,-0.03742408572507333,0.019378998951691342,-0.005995044256822822
0.01,0.017,0.009,5,True,4,5,0.7313553851848243,8.112383315618494e-05,-0.0016230846935988317,-0.012628006444930383,1.1472133550955557e-05
0.01,0.017,0.009,5,False,4,7,129.1425662161001,8.042689226962391e-05,-0.14160108123893278,0.027463838061331854,-0.0017662409643738985
0.01,0.017,0.009,5,False,5,2,804.2997942474526,8.04023607933829e-05,-0.15843197937446885,0.001482018943508144,-0.004855426209701017
0.01,0.017,0.009,5,False,6,0,298.7006922588997,8.040039884481674e-05,-0.15063672371062947,-0.0035776636771743704,-0.004040831173109533
0.01,0.017,0.009,5,False,6,3,299.91705191987205,8.04007599758069e-05,-0.14521884694627724,-0.00118366745547606,-0.003987516024039638
0.01,0.017,0.009,5,False,6,4,41.21345047353841,8.092710192453856e-05,-0.02307068203734712,-0.0061143581821048705,-0.0012915478976446358
0.01,0.017,0.009,5,True,6,7,1.5346183318357187,8.094143534750819e-05,-0.02136322614186635,-0.006333004516126903,7.971583025254005e-05
0.01,0.017,0.009,5,True,7,8,0.9923243397092747,8.107004044389187e-05,-0.006756051188274271,-0.002905543065211895,-0.00016636927769634062
0.01,0.017,0.009,5,False,7,4,754.1929499753717,8.040256959747466e-05,-0.15601541653947437,-0.006596196113929344,-0.006766291155429474
0.01,0.017,0.009,5,True,0,1,1.0131258002753278,8.092523382556807e-05,-0.02319300788478659,0.0033458708251229035,0.00017615454624659923
0.01,0.017,0.009,5,False,0,3,751.050765015607,8.040098582231167e-05,-0.14442756670467344,0.0003563670536881825,-0.0072879596201436804
0.01,0.017,0.009,5,False,0,6,730.9455365594438,8.040044414157224e-05,-0.14851040661292442,0.0035176526761051853,-0.007212503303639581
0.01,0.017,0.009,5,False,0,7,91.50350497476389,8.087368105110505e-05,-0.030662562126318217,-0.016446506526694354,-0.0020847798006089617
0.01,0.017,0.009,5,True,1,2,1.4305568055057905,8.11938876673997e-05,0.005468978628529562,-0.012273839648978968,-8.413453691643616e-05
0.01,0.017,0.009,5,False,1,7,545.3954024677179,8.044349621179438e-05,-0.13438424213617503,-0.03300909553958713,0.00633878240740122
0.01,0.017,0.009,5,False,2,5,309.7776809690105,8.04027181602464e-05,-0.14087276100154075,0.0009673321295329522,0.004041032822041027
0.01,0.017,0.009,5,False,3,0,228.01677128239712,8.040105546655804e-05,-0.1553094867099675,-0.0022631643766573262,-0.00350571046114506
0.01,0.017,0.009,5,True,3,4,1.513609836215396,8.091654115017482e-05,-0.024233163956118766,0.0027583267486643807,-4.130916080515342e-05
0.01,0.017,0.009,5,False,3,6,215.44934718433237,8.040077821445761e-05,-0.15478720635835153,0.0013790887362911373,-0.0033769389915619427
0.01,0.017,0.009,5,False,3,7,61.71707876461456,8.087261202134523e-05,-0.029705331860120917,-0.0028908365116713935,0.0016720681452189474
0.01,0.017,0.009,5,False,4,2,815.236308512674,8.082592401231347e-05,-0.03742408572507333,0.019378998951691342,-0.005995044256822822
0.01,0.017,0.009,5,True,4,5,0.7313553851848243,8.112383315618494e-05,-0.0016230846935988317,-0.012628006444930383,1.1472133550955557e-05
0.01,0.017,0.009,5,False,4,7,129.1425662161001,8.042689226962391e-05,-0.14160108123893278,0.027463838061331854,-0.0017662409643738985
0.01,0.017,0.009,5,False,5,2,804.2997942474526,8.04023607933829e-05,-0.15843197937446885,0.001482018943508144,-0.004855426209701017
0.01,0.017,0.009,5,False,6,0,298.7006922588997,8.040039884481674e-05,-0.15063672371062947,-0.0035776636771743704,-0.004040831173109533
0.01,0.017,0.009,5,False,6,3,299.91705191987205,8.04007599758069e-05,-0.14521884694627724,-0.00118366745547606,-0.003987516024039638
0.01,0.017,0.009,5,False,6,4,41.21345047353841,8.092710192453856e-05,-0.02307068203734712,-0.0061143581821048705,-0.0012915478976446358
0.01,0.017,0.009,5,True,6,7,1.5346183318357187,8.094143534750819e-05,-0.02136322614186635,-0.006333004516126903,7.971583025254005e-05
0.01,0.017,0.009,5,True,7,8,0.9923243397092747,8.107004044389187e-05,-0.006756051188274271,-0.002905543065211895,-0.00016636927769634062
0.01,0.017,0.009,5,False,7,4,754.1929499753717,8.040256959747466e-05,-0.15601541653947437,-0.006596196113929344,-0.006766291155429474
0.01,0.017,0.009,5,True,0,1,1.0131258002753278,8.092523382556807e-05,-0.02319300788478659,0.0033458708251229035,0.00017615454624659923
0.01,0.017,0.009,5,False,0,3,751.050765015607,8.040098582231167e-05,-0.14442756670467344,0.0003563670536881825,-0.0072879596201436804
0.01,0.017,0.009,5,False,0,6,730.9455365594438,8.040044414157224e-05,-0.14851040661292442,0.0035176526761051853,-0.007212503303639581
0.01,0.017,0.009,5,False,0,7,68.49332994441114,8.097912226211996e-05,-0.017731505245550266,-0.01571894345294905,-0.0018659510126612681
0.01,0.017,0.009,5,False,0,4,88.65362272570783,8.098890086220496e-05,-0.016230480157523798,-0.012137780494269225,-0.002054914974719134
0.01,0.017,0.009,5,True,1,2,1.4305568055057905,8.11938876673997e-05,0.005468978628529562,-0.012273839648978968,-8.413453691643616e-05
0.01,0.017,0.009,5,False,1,7,506.3829013777139,8.043679720247493e-05,-0.13292408090163085,-0.028924805188769432,0.006033074765452658
0.01,0.017,0.009,5,False,2,5,309.7776809690105,8.04027181602464e-05,-0.14087276100154075,0.0009673321295329522,0.004041032822041027
0.01,0.017,0.009,5,False,3,0,228.01677128239712,8.040105546655804e-05,-0.1553094867099675,-0.0022631643766573262,-0.00350571046114506
0.01,0.017,0.009,5,True,3,4,1.513609836215396,8.091654115017482e-05,-0.024233163956118766,0.0027583267486643807,-4.130916080515342e-05
0.01,0.017,0.009,5,False,3,6,215.44934718433237,8.040077821445761e-05,-0.15478720635835153,0.0013790887362911373,-0.0033769389915619427
0.01,0.017,0.009,5,False,3,7,61.71707876461456,8.087261202134523e-05,-0.029705331860120917,-0.0028908365116713935,0.0016720681452189474
0.01,0.017,0.009,5,False,4,2,815.236308512674,8.082592401231347e-05,-0.03742408572507333,0.019378998951691342,-0.005995044256822822
0.01,0.017,0.009,5,True,4,5,0.7313553851848243,8.112383315618494e-05,-0.0016230846935988317,-0.012628006444930383,1.1472133550955557e-05
0.01,0.017,0.009,5,False,4,7,200.44265485120349,8.040160862150888e-05,-0.14491181901219768,-0.004936573607028117,0.001140430567809288
0.01,0.017,0.009,5,False,5,2,804.2997942474526,8.04023607933829e-05,-0.15843197937446885,0.001482018943508144,-0.004855426209701017
0.01,0.017,0.009,5,False,6,0,298.7006922588997,8.040039884481674e-05,-0.15063672371062947,-0.0035776636771743704,-0.004040831173109533
0.01,0.017,0.009,5,False,6,3,299.91705191987205,8.04007599758069e-05,-0.14521884694627724,-0.00118366745547606,-0.003987516024039638
0.01,0.017,0.009,5,False,6,4,41.21345047353841,8.092710192453856e-05,-0.02307068203734712,-0.0061143581821048705,-0.0012915478976446358
0.01,0.017,0.009,5,True,6,7,1.5346183318357187,8.094143534750819e-05,-0.02136322614186635,-0.006333004516126903,7.971583025254005e-05
0.01,0.017,0.009,5,True,7,8,0.9923243397092747,8.107004044389187e-05,-0.006756051188274271,-0.002905543065211895,-0.00016636927769634062
0.01,0.017,0.009,5,False,7,4,754.1929499753717,8.040256959747466e-05,-0.15601541653947437,-0.006596196113929344,-0.006766291155429474
0.01,0.017,0.009,5,True,0,1,1.0131258002753278,8.092523382556807e-05,-0.02319300788478659,0.0033458708251229035,0.00017615454624659923
0.01,0.017,0.009,5,False,0,3,751.050765015607,8.040098582231167e-05,-0.14442756670467344,0.0003563670536881825,-0.0072879596201436804
0.01,0.017,0.009,5,False,0,6,730.9455365594438,8.040044414157224e-05,-0.14851040661292442,0.0035176526761051853,-0.007212503303639581
0.01,0.017,0.009,5,False,0,7,68.49332994441114,8.097912226211996e-05,-0.017731505245550266,-0.01571894345294905,-0.0018659510126612681
0.01,0.017,0.009,5,False,0,4,88.65362272570783,8.098890086220496e-05,-0.016230480157523798,-0.012137780494269225,-0.002054914974719134
0.01,0.017,0.009,5,True,1,2,1.4305568055057905,8.11938876673997e-05,0.005468978628529562,-0.012273839648978968,-8.413453691643616e-05
0.01,0.017,0.009,5,False,1,7,506.3829013777139,8.043679720247493e-05,-0.13292408090163085,-0.028924805188769432,0.006033074765452658
0.01,0.017,0.009,5,False,1,4,643.5632127802776,8.040919996585774e-05,-0.14946152578391436,-0.016807888426325315,0.004852799044616821
0.01,0.017,0.009,5,False,2,5,309.7776809690105,8.04027181602464e-05,-0.14087276100154075,0.0009673321295329522,0.004041032822041027
0.01,0.017,0.009,5,False,3,0,228.01677128239712,8.040105546655804e-05,-0.1553094867099675,-0.0022631643766573262,-0.00350571046114506
0.01,0.017,0.009,5,True,3,4,1.513609836215396,8.091654115017482e-05,-0.024233163956118766,0.0027583267486643807,-4.130916080515342e-05
0.01,0.017,0.009,5,False,3,6,215.44934718433237,8.040077821445761e-05,-0.15478720635835153,0.0013790887362911373,-0.0033769389915619427
0.01,0.017,0.009,5,False,3,7,68.45316483294116,8.090526194130267e-05,-0.02594375151523144,-0.009456461560961294,-0.0014755806470047753
0.01,0.017,0.009,5,False,4,2,815.236308512674,8.082592401231347e-05,-0.03742408572507333,0.019378998951691342,-0.005995044256822822
0.01,0.017,0.009,5,True,4,5,0.7313553851848243,8.112383315618494e-05,-0.0016230846935988317,-0.012628006444930383,1.1472133550955557e-05
0.01,0.017,0.009,5,False,4,7,309.3365040425472,8.040185126976504e-05,-0.1511236201446585,-0.007511803365864011,-0.0004314799035207329
0.01,0.017,0.009,5,False,4,1,193.56790317713163,8.040667231752254e-05,-0.14781643321297736,0.014163532865128956,-0.0010329851318919311
0.01,0.017,0.009,5,False,5,2,804.2997942474526,8.04023607933829e-05,-0.15843197937446885,0.001482018943508144,-0.004855426209701017
0.01,0.017,0.009,5,False,6,0,298.7006922588997,8.040039884481674e-05,-0.15063672371062947,-0.0035776636771743704,-0.004040831173109533
0.01,0.017,0.009,5,False,6,3,299.91705191987205,8.04007599758069e-05,-0.14521884694627724,-0.00118366745547606,-0.003987516024039638
0.01,0.017,0.009,5,False,6,4,41.21345047353841,8.092710192453856e-05,-0.02307068203734712,-0.0061143581821048705,-0.0012915478976446358
0.01,0.017,0.009,5,True,6,7,1.5346183318357187,8.094143534750819e-05,-0.02136322614186635,-0.006333004516126903,7.971583025254005e-05
0.01,0.017,0.009,5,False,6,1,46.5301069580356,8.094575331043079e-05,-0.0208401088020601,0.006126035024716072,0.0010902190086966533
0.01,0.017,0.009,5,True,7,8,0.9923243397092747,8.107004044389187e-05,-0.006756051188274271,-0.002905543065211895,-0.00016636927769634062
0.01,0.017,0.009,5,False,7,4,754.1929499753717,8.040256959747466e-05,-0.15601541653947437,-0.006596196113929344,-0.006766291155429474
0.01,0.017,0.009,5,False,7,1,559.9211745013306,8.042264821089441e-05,-0.1307308671525388,0.017985816691315114,-0.0034808835557465917
0.01,0.017,0.009,5,True,0,1,1.1260866573885508,8.109825755631006e-05,-0.0038884472717795396,0.006564768085425565,1.771279545108393e-05
0.01,0.017,0.009,5,False,0,3,91.35620057726676,8.04007038481177e-05,-0.1465171633557367,0.0032278412711983988,0.0007082990527191456
0.01,0.017,0.009,5,False,0,6,95.72913978002342,8.04019039376264e-05,-0.15684517739518783,0.003528930686801028,0.0008193495281489578
0.01,0.017,0.009,5,False,0,7,68.49332994441114,8.097912226211996e-05,-0.017731505245550266,-0.01571894345294905,-0.0018659510126612681
0.01,0.017,0.009,5,False,0,4,88.65362272570783,8.098890086220496e-05,-0.016230480157523798,-0.012137780494269225,-0.002054914974719134
0.01,0.017,0.009,5,True,1,2,1.4305568055057905,8.11938876673997e-05,0.005468978628529562,-0.012273839648978968,-8.413453691643616e-05
0.01,0.017,0.009,5,False,1,7,506.3829013777139,8.043679720247493e-05,-0.13292408090163085,-0.028924805188769432,0.006033074765452658
0.01,0.017,0.009,5,False,1,4,643.5632127802776,8.040919996585774e-05,-0.14946152578391436,-0.016807888426325315,0.004852799044616821
0.01,0.017,0.009,5,False,2,5,309.7776809690105,8.04027181602464e-05,-0.14087276100154075,0.0009673321295329522,0.004041032822041027
0.01,0.017,0.009,5,False,3,0,26.330055232102474,8.040110050618247e-05,-0.15497497141467795,-0.0031544328939143882,-0.0007141556929299506
0.01,0.017,0.009,5,True,3,4,1.1737628229545056,8.099765527204242e-05,-0.014911480851730751,-0.007802947805279307,0.00010568955645045842
0.01,0.017,0.009,5,False,3,6,25.420132186310305,8.040481897249145e-05,-0.16208296838637873,0.0016167724399250162,-0.0006680354975621349
0.01,0.017,0.009,5,False,3,7,68.45316483294116,8.090526194130267e-05,-0.02594375151523144,-0.009456461560961294,-0.0014755806470047753
0.01,0.017,0.009,5,False,4,2,815.236308512674,8.082592401231347e-05,-0.03742408572507333,0.019378998951691342,-0.005995044256822822
0.01,0.017,0.009,5,True,4,5,0.7313553851848243,8.112383315618494e-05,-0.0016230846935988317,-0.012628006444930383,1.1472133550955557e-05
0.01,0.017,0.009,5,False,4,7,309.3365040425472,8.040185126976504e-05,-0.1511236201446585,-0.007511803365864011,-0.0004314799035207329
0.01,0.017,0.009,5,False,4,1,193.56790317713163,8.040667231752254e-05,-0.14781643321297736,0.014163532865128956,-0.0010329851318919311
0.01,0.017,0.009,5,False,5,2,804.2997942474526,8.04023607933829e-05,-0.15843197937446885,0.001482018943508144,-0.004855426209701017
0.01,0.017,0.009,5,False,6,0,86.2360930911569,8.040221078074711e-05,-0.1421904994072268,-0.0027787946798277993,0.0021573370867496184
0.01,0.017,0.009,5,False,6,3,80.66103927930592,8.040455338956334e-05,-0.1382206001592014,0.0013121152488527145,0.0020924067981115436
0.01,0.017,0.009,5,False,6,4,41.21345047353841,8.092710192453856e-05,-0.02307068203734712,-0.0061143581821048705,-0.0012915478976446358
0.01,0.017,0.009,5,True,6,7,1.976661042910963,8.106019670532866e-05,-0.007858687277511597,0.004642491376313079,-8.917352951828769e-05
0.01,0.017,0.009,5,False,6,1,46.5301069580356,8.094575331043079e-05,-0.0208401088020601,0.006126035024716072,0.0010902190086966533
0.01,0.017,0.009,5,True,7,8,1.7129941331886296,8.114368818680937e-05,0.00022183388901621744,-0.01472465254557918,3.368194208964976e-05
0.01,0.017,0.009,5,False,7,4,754.1929499753717,8.040256959747466e-05,-0.15601541653947437,-0.006596196113929344,-0.006766291155429474
0.01,0.017,0.009,5,False,7,1,559.9211745013306,8.042264821089441e-05,-0.1307308671525388,0.017985816691315114,-0.0034808835557465917
0.01,0.017,0.009,5,True,0,1,0.9249495825818566,8.11049017474173e-05,-0.0030468917199918456,-8.478575850603508e-05,-3.445100441097697e-05
0.01,0.017,0.009,5,False,0,3,195.5326934150168,8.040028691354734e-05,-0.15191782866455908,0.002468634073041426,0.0025917900256850674
0.01,0.017,0.009,5,False,0,6,204.7323612576446,8.04033037236143e-05,-0.1590272669523051,0.004549689700512082,0.0027187143735366236
0.01,0.017,0.009,5,False,0,7,68.49332994441114,8.097912226211996e-05,-0.017731505245550266,-0.01571894345294905,-0.0018659510126612681
0.01,0.017,0.009,5,False,0,4,88.65362272570783,8.098890086220496e-05,-0.016230480157523798,-0.012137780494269225,-0.002054914974719134
0.01,0.017,0.009,5,True,1,2,1.0056577299066547,8.107184883226988e-05,-0.007898384929326468,-0.019743326033768712,1.0778399930865625e-05
0.01,0.017,0.009,5,False,1,7,506.3829013777139,8.043679720247493e-05,-0.13292408090163085,-0.028924805188769432,0.006033074765452658
0.01,0.017,0.009,5,False,1,4,643.5632127802776,8.040919996585774e-05,-0.14946152578391436,-0.016807888426325315,0.004852799044616821
0.01,0.017,0.009,5,False,2,5,309.7776809690105,8.04027181602464e-05,-0.14087276100154075,0.0009673321295329522,0.004041032822041027
0.01,0.017,0.009,5,False,3,0,83.89094992322774,8.040183062069282e-05,-0.14943923978863047,-0.007533227133935748,-0.001440053961634284
0.01,0.017,0.009,5,True,3,4,1.027166360714896,8.104577838518242e-05,-0.009991165605670678,-0.013473842432968328,0.00015084999245867982
0.01,0.017,0.009,5,False,3,6,86.84703136372045,8.040132163016291e-05,-0.15643911626438012,7.86409753048296e-05,-0.0014561395376156332
0.01,0.017,0.009,5,False,3,7,68.45316483294116,8.090526194130267e-05,-0.02594375151523144,-0.009456461560961294,-0.0014755806470047753
0.01,0.017,0.009,5,False,4,2,815.236308512674,8.082592401231347e-05,-0.03742408572507333,0.019378998951691342,-0.005995044256822822
0.01,0.017,0.009,5,True,4,5,1.39399430272139,8.108275841693518e-05,-0.0054105711135446636,-0.0032821812496906695,-0.00013775240702620608
0.01,0.017,0.009,5,False,4,7,309.3365040425472,8.040185126976504e-05,-0.1511236201446585,-0.007511803365864011,-0.0004314799035207329
0.01,0.017,0.009,5,False,4,1,193.56790317713163,8.040667231752254e-05,-0.14781643321297736,0.014163532865128956,-0.0010329851318919311
0.01,0.017,0.009,5,False,5,2,804.2997942474526,8.04023607933829e-05,-0.15843197937446885,0.001482018943508144,-0.004855426209701017
0.01,0.017,0.009,5,False,6,0,86.39126138606346,8.040327807794199e-05,-0.14152266785852397,-0.005435110016249044,0.0017309185742501827
0.01,0.017,0.009,5,False,6,3,81.67076044735757,8.040126194653669e-05,-0.14385429739464012,0.0013676006322382859,0.001587908656179942
0.01,0.017,0.009,5,False,6,4,41.21345047353841,8.092710192453856e-05,-0.02307068203734712,-0.0061143581821048705,-0.0012915478976446358
0.01,0.017,0.009,5,True,6,7,1.7698779563684177,8.104741850509076e-05,-0.009220392656630211,0.003918328924145139,2.4401304022861406e-05
0.01,0.017,0.009,5,False,6,1,46.5301069580356,8.094575331043079e-05,-0.0208401088020601,0.006126035024716072,0.0010902190086966533
0.01,0.017,0.009,5,True,7,8,1.2566128178559384,8.116900010735e-05,0.0025142133047886604,-0.0172698593050835,-3.338294179284705e-05
0.01,0.017,0.009,5,False,7,4,754.1929499753717,8.040256959747466e-05,-0.15601541653947437,-0.006596196113929344,-0.006766291155429474
0.01,0.017,0.009,5,False,7,1,559.9211745013306,8.042264821089441e-05,-0.1307308671525388,0.017985816691315114,-0.0034808835557465917
0.01,0.017,0.009,5,True,0,1,0.9249495825818566,8.11049017474173e-05,-0.0030468917199918456,-8.478575850603508e-05,-3.445100441097697e-05
0.01,0.017,0.009,5,False,0,3,195.5326934150168,8.040028691354734e-05,-0.15191782866455908,0.002468634073041426,0.0025917900256850674
0.01,0.017,0.009,5,False,0,6,204.7323612576446,8.04033037236143e-05,-0.1590272669523051,0.004549689700512082,0.0027187143735366236
0.01,0.017,0.009,5,False,0,7,68.49332994441114,8.097912226211996e-05,-0.017731505245550266,-0.01571894345294905,-0.0018659510126612681
0.01,0.017,0.009,5,False,0,4,88.65362272570783,8.098890086220496e-05,-0.016230480157523798,-0.012137780494269225,-0.002054914974719134
0.01,0.017,0.009,5,True,1,2,1.1274571634257045,8.112403063561085e-05,-0.0020661233029042802,-0.01722767889026302,-1.178762224151018e-05
0.01,0.017,0.009,5,False,1,7,506.3829013777139,8.043679720247493e-05,-0.13292408090163085,-0.028924805188769432,0.006033074765452658
0.01,0.017,0.009,5,False,1,4,643.5632127802776,8.040919996585774e-05,-0.14946152578391436,-0.016807888426325315,0.004852799044616821
0.01,0.017,0.009,5,False,2,5,309.7776809690105,8.04027181602464e-05,-0.14087276100154075,0.0009673321295329522,0.004041032822041027
0.01,0.017,0.009,5,False,3,0,83.89094992322774,8.040183062069282e-05,-0.14943923978863047,-0.007533227133935748,-0.001440053961634284
0.01,0.017,0.009,5,True,3,4,1.027166360714896,8.104577838518242e-05,-0.009991165605670678,-0.013473842432968328,0.00015084999245867982
0.01,0.017,0.009,5,False,3,6,86.84703136372045,8.040132163016291e-05,-0.15643911626438012,7.86409753048296e-05,-0.0014561395376156332
0.01,0.017,0.009,5,False,3,7,68.45316483294116,8.090526194130267e-05,-0.02594375151523144,-0.009456461560961294,-0.0014755806470047753
0.01,0.017,0.009,5,False,4,2,815.236308512674,8.082592401231347e-05,-0.03742408572507333,0.019378998951691342,-0.005995044256822822
0.01,0.017,0.009,5,True,4,5,1.3595724462765382,8.111436903603488e-05,-0.002071374135076926,0.0015390960839647672,-9.771060210840012e-05
0.01,0.017,0.009,5,False,4,7,309.3365040425472,8.040185126976504e-05,-0.1511236201446585,-0.007511803365864011,-0.0004314799035207329
0.01,0.017,0.009,5,False,4,1,193.56790317713163,8.040667231752254e-05,-0.14781643321297736,0.014163532865128956,-0.0010329851318919311
0.01,0.017,0.009,5,False,5,2,804.2997942474526,8.04023607933829e-05,-0.15843197937446885,0.001482018943508144,-0.004855426209701017
0.01,0.017,0.009,5,False,6,0,86.39126138606346,8.040327807794199e-05,-0.14152266785852397,-0.005435110016249044,0.0017309185742501827
0.01,0.017,0.009,5,False,6,3,81.67076044735757,8.040126194653669e-05,-0.14385429739464012,0.0013676006322382859,0.001587908656179942
0.01,0.017,0.009,5,False,6,4,41.21345047353841,8.092710192453856e-05,-0.02307068203734712,-0.0061143581821048705,-0.0012915478976446358
0.01,0.017,0.009,5,True,6,7,1.7698779563684177,8.104741850509076e-05,-0.009220392656630211,0.003918328924145139,2.4401304022861406e-05
0.01,0.017,0.009,5,False,6,1,46.5301069580356,8.094575331043079e-05,-0.0208401088020601,0.006126035024716072,0.0010902190086966533
0.01,0.017,0.009,5,True,7,8,1.2566128178559384,8.116900010735e-05,0.0025142133047886604,-0.0172698593050835,-3.338294179284705e-05
0.01,0.017,0.009,5,False,7,4,754.1929499753717,8.040256959747466e-05,-0.15601541653947437,-0.006596196113929344,-0.006766291155429474
0.01,0.017,0.009,5,False,7,1,559.9211745013306,8.042264821089441e-05,-0.1307308671525388,0.017985816691315114,-0.0034808835557465917
0.01,0.017,0.009,5,True,0,1,0.9249495825818566,8.11049017474173e-05,-0.0030468917199918456,-8.478575850603508e-05,-3.445100441097697e-05
0.01,0.017,0.009,5,False,0,3,195.5326934150168,8.040028691354734e-05,-0.15191782866455908,0.002468634073041426,0.0025917900256850674
0.01,0.017,0.009,5,False,0,6,204.7323612576446,8.04033037236143e-05,-0.1590272669523051,0.004549689700512082,0.0027187143735366236
0.01,0.017,0.009,5,False,0,7,68.49332994441114,8.097912226211996e-05,-0.017731505245550266,-0.01571894345294905,-0.0018659510126612681
0.01,0.017,0.009,5,False,0,4,88.65362272570783,8.098890086220496e-05,-0.016230480157523798,-0.012137780494269225,-0.002054914974719134
0.01,0.017,0.009,5,True,1,2,1.1274571634257045,8.112403063561085e-05,-0.0020661233029042802,-0.01722767889026302,-1.178762224151018e-05
0.01,0.017,0.009,5,False,1,7,506.3829013777139,8.043679720247493e-05,-0.13292408090163085,-0.028924805188769432,0.006033074765452658
0.01,0.017,0.009,5,False,1,4,643.5632127802776,8.040919996585774e-05,-0.14946152578391436,-0.016807888426325315,0.004852799044616821
0.01,0.017,0.009,5,False,2,5,309.7776809690105,8.04027181602464e-05,-0.14087276100154075,0.0009673321295329522,0.004041032822041027
0.01,0.017,0.009,5,False,3,0,83.89094992322774,8.040183062069282e-05,-0.14943923978863047,-0.007533227133935748,-0.001440053961634284
0.01,0.017,0.009,5,True,3,4,1.027166360714896,8.104577838518242e-05,-0.009991165605670678,-0.013473842432968328,0.00015084999245867982
0.01,0.017,0.009,5,False,3,6,86.84703136372045,8.040132163016291e-05,-0.15643911626438012,7.86409753048296e-05,-0.0014561395376156332
0.01,0.017,0.009,5,False,3,7,68.45316483294116,8.090526194130267e-05,-0.02594375151523144,-0.009456461560961294,-0.0014755806470047753
0.01,0.017,0.009,5,False,4,2,815.236308512674,8.082592401231347e-05,-0.03742408572507333,0.019378998951691342,-0.005995044256822822
0.01,0.017,0.009,5,True,4,5,1.3595724462765382,8.111436903603488e-05,-0.002071374135076926,0.0015390960839647672,-9.771060210840012e-05
0.01,0.017,0.009,5,False,4,7,309.3365040425472,8.040185126976504e-05,-0.1511236201446585,-0.007511803365864011,-0.0004314799035207329
0.01,0.017,0.009,5,False,4,1,193.56790317713163,8.040667231752254e-05,-0.14781643321297736,0.014163532865128956,-0.0010329851318919311
0.01,0.017,0.009,5,False,5,2,804.2997942474526,8.04023607933829e-05,-0.15843197937446885,0.001482018943508144,-0.004855426209701017
0.01,0.017,0.009,5,False,6,0,86.39126138606346,8.040327807794199e-05,-0.14152266785852397,-0.005435110016249044,0.0017309185742501827
0.01,0.017,0.009,5,False,6,3,81.67076044735757,8.040126194653669e-05,-0.14385429739464012,0.0013676006322382859,0.001587908656179942
0.01,0.017,0.009,5,False,6,4,41.21345047353841,8.092710192453856e-05,-0.02307068203734712,-0.0061143581821048705,-0.0012915478976446358
0.01,0.017,0.009,5,True,6,7,1.7698779563684177,8.104741850509076e-05,-0.009220392656630211,0.003918328924145139,2.4401304022861406e-05
0.01,0.017,0.009,5,False,6,1,46.5301069580356,8.094575331043079e-05,-0.0208401088020601,0.006126035024716072,0.0010902190086966533
0.01,0.017,0.009,5,True,7,8,1.2566128178559384,8.116900010735e-05,0.0025142133047886604,-0.0172698593050835,-3.338294179284705e-05
0.01,0.017,0.009,5,False,7,4,754.1929499753717,8.040256959747466e-05,-0.15601541653947437,-0.006596196113929344,-0.006766291155429474
0.01,0.017,0.009,5,False,7,1,559.9211745013306,8.042264821089441e-05,-0.1307308671525388,0.017985816691315114,-0.0034808835557465917
0.01,0.017,0.009,5,True,0,1,0.9249495825818566,8.11049017474173e-05,-0.0030468917199918456,-8.478575850603508e-05,-3.445100441097697e-05
0.01,0.017,0.009,5,False,0,3,195.5326934150168,8.040028691354734e-05,-0.15191782866455908,0.002468634073041426,0.0025917900256850674
0.01,0.017,0.009,5,False,0,6,204.7323612576446,8.04033037236143e-05,-0.1590272669523051,0.004549689700512082,0.0027187143735366236
0.01,0.017,0.009,5,False,0,7,68.49332994441114,8.097912226211996e-05,-0.017731505245550266,-0.01571894345294905,-0.0018659510126612681
0.01,0.017,0.009,5,False,0,4,88.65362272570783,8.098890086220496e-05,-0.016230480157523798,-0.012137780494269225,-0.002054914974719134
0.01,0.017,0.009,5,True,1,2,1.1274571634257045,8.112403063561085e-05,-0.0020661233029042802,-0.01722767889026302,-1.178762224151018e-05
0.01,0.017,0.009,5,False,1,7,506.3829013777139,8.043679720247493e-05,-0.13292408090163085,-0.028924805188769432,0.006033074765452658
0.01,0.017,0.009,5,False,1,4,643.5632127802776,8.040919996585774e-05,-0.14946152578391436,-0.016807888426325315,0.004852799044616821
0.01,0.017,0.009,5,False,2,5,309.7776809690105,8.04027181602464e-05,-0.14087276100154075,0.0009673321295329522,0.004041032822041027
0.01,0.017,0.009,5,False,3,0,83.89094992322774,8.040183062069282e-05,-0.14943923978863047,-0.007533227133935748,-0.001440053961634284
0.01,0.017,0.009,5,True,3,4,1.027166360714896,8.104577838518242e-05,-0.009991165605670678,-0.013473842432968328,0.00015084999245867982
0.01,0.017,0.009,5,False,3,6,86.84703136372045,8.040132163016291e-05,-0.15643911626438012,7.86409753048296e-05,-0.0014561395376156332
0.01,0.017,0.009,5,False,3,7,68.45316483294116,8.090526194130267e-05,-0.02594375151523144,-0.009456461560961294,-0.0014755806470047753
0.01,0.017,0.009,5,False,4,2,815.236308512674,8.082592401231347e-05,-0.03742408572507333,0.019378998951691342,-0.005995044256822822
0.01,0.017,0.009,5,True,4,5,1.3595724462765382,8.111436903603488e-05,-0.002071374135076926,0.0015390960839647672,-9.771060210840012e-05
0.01,0.017,0.009,5,False,4,7,309.3365040425472,8.040185126976504e-05,-0.1511236201446585,-0.007511803365864011,-0.0004314799035207329
0.01,0.017,0.009,5,False,4,1,193.56790317713163,8.040667231752254e-05,-0.14781643321297736,0.014163532865128956,-0.0010329851318919311
0.01,0.017,0.009,5,False,5,2,804.2997942474526,8.04023607933829e-05,-0.15843197937446885,0.001482018943508144,-0.004855426209701017
0.01,0.017,0.009,5,False,6,0,86.39126138606346,8.040327807794199e-05,-0.14152266785852397,-0.005435110016249044,0.0017309185742501827
0.01,0.017,0.009,5,False,6,3,81.67076044735757,8.040126194653669e-05,-0.14385429739464012,0.0013676006322382859,0.001587908656179942
0.01,0.017,0.009,5,False,6,4,41.21345047353841,8.092710192453856e-05,-0.02307068203734712,-0.0061143581821048705,-0.0012915478976446358
0.01,0.017,0.009,5,True,6,7,1.7698779563684177,8.104741850509076e-05,-0.009220392656630211,0.003918328924145139,2.4401304022861406e-05
0.01,0.017,0.009,5,False,6,1,46.5301069580356,8.094575331043079e-05,-0.0208401088020601,0.006126035024716072,0.0010902190086966533
0.01,0.017,0.009,5,True,7,8,1.2566128178559384,8.116900010735e-05,0.0025142133047886604,-0.0172698593050835,-3.338294179284705e-05
0.01,0.017,0.009,5,False,7,4,754.1929499753717,8.040256959747466e-05,-0.15601541653947437,-0.006596196113929344,-0.006766291155429474
0.01,0.017,0.009,5,False,7,1,559.9211745013306,8.042264821089441e-05,-0.1307308671525388,0.017985816691315114,-0.0034808835557465917
0.01,0.017,0.009,5,True,0,1,0.9249495825818566,8.11049017474173e-05,-0.0030468917199918456,-8.478575850603508e-05,-3.445100441097697e-05
0.01,0.017,0.009,5,False,0,3,195.5326934150168,8.040028691354734e-05,-0.15191782866455908,0.002468634073041426,0.0025917900256850674
0.01,0.017,0.009,5,False,0,6,204.7323612576446,8.04033037236143e-05,-0.1590272669523051,0.004549689700512082,0.0027187143735366236
0.01,0.017,0.009,5,False,0,7,68.49332994441114,8.097912226211996e-05,-0.017731505245550266,-0.01571894345294905,-0.0018659510126612681
0.01,0.017,0.009,5,False,0,4,88.65362272570783,8.098890086220496e-05,-0.016230480157523798,-0.012137780494269225,-0.002054914974719134
0.01,0.017,0.009,5,True,1,2,1.1274571634257045,8.112403063561085e-05,-0.0020661233029042802,-0.01722767889026302,-1.178762224151018e-05
0.01,0.017,0.009,5,False,1,7,506.3829013777139,8.043679720247493e-05,-0.13292408090163085,-0.028924805188769432,0.006033074765452658
0.01,0.017,0.009,5,False,1,4,643.5632127802776,8.040919996585774e-05,-0.14946152578391436,-0.016807888426325315,0.004852799044616821
0.01,0.017,0.009,5,False,2,5,309.7776809690105,8.04027181602464e-05,-0.14087276100154075,0.0009673321295329522,0.004041032822041027
0.01,0.017,0.009,5,False,3,0,83.89094992322774,8.040183062069282e-05,-0.14943923978863047,-0.007533227133935748,-0.001440053961634284
0.01,0.017,0.009,5,True,3,4,1.027166360714896,8.104577838518242e-05,-0.009991165605670678,-0.013473842432968328,0.00015084999245867982
0.01,0.017,0.009,5,False,3,6,86.84703136372045,8.040132163016291e-05,-0.15643911626438012,7.86409753048296e-05,-0.0014561395376156332
0.01,0.017,0.009,5,False,3,7,68.45316483294116,8.090526194130267e-05,-0.02594375151523144,-0.009456461560961294,-0.0014755806470047753
0.01,0.017,0.009,5,False,4,2,815.236308512674,8.082592401231347e-05,-0.03742408572507333,0.019378998951691342,-0.005995044256822822
0.01,0.017,0.009,5,True,4,5,1.3595724462765382,8.111436903603488e-05,-0.002071374135076926,0.0015390960839647672,-9.771060210840012e-05
0.01,0.017,0.009,5,False,4,7,309.3365040425472,8.040185126976504e-05,-0.1511236201446585,-0.007511803365864011,-0.0004314799035207329
0.01,0.017,0.009,5,False,4,1,193.56790317713163,8.040667231752254e-05,-0.14781643321297736,0.014163532865128956,-0.0010329851318919311
0.01,0.017,0.009,5,False,5,2,804.2997942474526,8.04023607933829e-05,-0.15843197937446885,0.001482018943508144,-0.004855426209701017
0.01,0.017,0.009,5,False,6,0,86.39126138606346,8.040327807794199e-05,-0.14152266785852397,-0.005435110016249044,0.0017309185742501827
0.01,0.017,0.009,5,False,6,3,81.67076044735757,8.040126194653669e-05,-0.14385429739464012,0.0013676006322382859,0.001587908656179942
0.01,0.017,0.009,5,False,6,4,41.21345047353841,8.092710192453856e-05,-0.02307068203734712,-0.0061143581821048705,-0.0012915478976446358
0.01,0.017,0.009,5,True,6,7,1.7698779563684177,8.104741850509076e-05,-0.009220392656630211,0.003918328924145139,2.4401304022861406e-05
0.01,0.017,0.009,5,False,6,1,46.5301069580356,8.094575331043079e-05,-0.0208401088020601,0.006126035024716072,0.0010902190086966533
0.01,0.017,0.009,5,True,7,8,1.2566128178559384,8.116900010735e-05,0.0025142133047886604,-0.0172698593050835,-3.338294179284705e-05
0.01,0.017,0.009,5,False,7,4,754.1929499753717,8.040256959747466e-05,-0.15601541653947437,-0.006596196113929344,-0.006766291155429474
0.01,0.017,0.009,5,False,7,1,559.9211745013306,8.042264821089441e-05,-0.1307308671525388,0.017985816691315114,-0.0034808835557465917
0.01,0.017,0.009,5,True,0,1,0.8672669402821407,8.09361842116064e-05,-0.022060540988581196,-0.0076262802924129585,-0.00012876316395948705
0.01,0.017,0.009,5,False,0,3,1342.608265824803,8.040065590923462e-05,-0.15316513135313067,0.0033253534439723026,0.010004884410756977
0.01,0.017,0.009,5,False,0,6,1345.0514410628386,8.040203729588134e-05,-0.15420241108375324,-0.006762858693772977,0.010029471956437698
0.01,0.017,0.009,5,False,0,7,68.49332994441114,8.097912226211996e-05,-0.017731505245550266,-0.01571894345294905,-0.0018659510126612681
0.01,0.017,0.009,5,False,0,4,88.65362272570783,8.098890086220496e-05,-0.016230480157523798,-0.012137780494269225,-0.002054914974719134
0.01,0.017,0.009,5,True,1,2,1.1274571634257045,8.112403063561085e-05,-0.0020661233029042802,-0.01722767889026302,-1.178762224151018e-05
0.01,0.017,0.009,5,False,1,7,506.3829013777139,8.043679720247493e-05,-0.13292408090163085,-0.028924805188769432,0.006033074765452658
0.01,0.017,0.009,5,False,1,4,643.5632127802776,8.040919996585774e-05,-0.14946152578391436,-0.016807888426325315,0.004852799044616821
0.01,0.017,0.009,5,False,2,5,309.7776809690105,8.04027181602464e-05,-0.14087276100154075,0.0009673321295329522,0.004041032822041027
0.01,0.017,0.009,5,False,3,0,1246.7282231168535,8.040120336441352e-05,-0.1534560039705022,-0.005089539651556592,-0.00942368662817366
0.01,0.017,0.009,5,True,3,4,0.9744897971992001,8.089705920144469e-05,-0.02666468773795663,-0.004061341260951314,1.151925574015153e-05
0.01,0.017,0.009,5,False,3,6,1235.8518176342561,8.040449154120283e-05,-0.16145359131856193,-0.0027190524227507858,-0.009416376478017711
0.01,0.017,0.009,5,False,3,7,68.45316483294116,8.090526194130267e-05,-0.02594375151523144,-0.009456461560961294,-0.0014755806470047753
0.01,0.017,0.009,5,False,4,2,815.236308512674,8.082592401231347e-05,-0.03742408572507333,0.019378998951691342,-0.005995044256822822
0.01,0.017,0.009,5,True,4,5,1.3595724462765382,8.111436903603488e-05,-0.002071374135076926,0.0015390960839647672,-9.771060210840012e-05
0.01,0.017,0.009,5,False,4,7,309.3365040425472,8.040185126976504e-05,-0.1511236201446585,-0.007511803365864011,-0.0004314799035207329
0.01,0.017,0.009,5,False,4,1,193.56790317713163,8.040667231752254e-05,-0.14781643321297736,0.014163532865128956,-0.0010329851318919311
0.01,0.017,0.009,5,False,5,2,804.2997942474526,8.04023607933829e-05,-0.15843197937446885,0.001482018943508144,-0.004855426209701017
0.01,0.017,0.009,5,False,6,0,67.68275019969538,8.040170067922205e-05,-0.14286166977440187,0.0014589284812369396,-0.0018467360695338104
0.01,0.017,0.009,5,False,6,3,76.25568416794249,8.040316553207277e-05,-0.1424970115138114,0.0064545092668721925,-0.0018640135388283854
0.01,0.017,0.009,5,False,6,4,41.21345047353841,8.092710192453856e-05,-0.02307068203734712,-0.0061143581821048705,-0.0012915478976446358
0.01,0.017,0.009,5,True,6,7,1.574783944311093,8.101825171218352e-05,-0.012390017053513148,-0.0020596332270851996,-0.0001339708406856337
0.01,0.017,0.009,5,False,6,1,46.5301069580356,8.094575331043079e-05,-0.0208401088020601,0.006126035024716072,0.0010902190086966533
0.01,0.017,0.009,5,True,7,8,1.5014516364529331,8.115801708240812e-05,0.0018908528124203048,-0.012310493534953544,0.00017655038602424662
0.01,0.017,0.009,5,False,7,4,754.1929499753717,8.040256959747466e-05,-0.15601541653947437,-0.006596196113929344,-0.006766291155429474
0.01,0.017,0.009,5,False,7,1,559.9211745013306,8.042264821089441e-05,-0.1307308671525388,0.017985816691315114,-0.0034808835557465917
0.01,0.017,0.0009,5,True,0,1,1.3497280927070658,8.099541927273172e-05,-0.007250191776926283,0.004830948587874661,8.731255618993679e-05
0.01,0.017,0.0009,5,False,0,3,379.9926838100914,8.040019713830472e-05,-0.15102209980822642,0.0026104700577546116,0.005042794204576539
0.01,0.017,0.0009,5,False,0,6,364.05463704558895,8.040130030587235e-05,-0.14394627424558537,-0.003001299425976339,0.004882486834007
0.01,0.017,0.0009,5,True,1,2,0.820027428285621,8.095627976616126e-05,-0.012476457067577384,-0.012130896949685312,-7.597784002028843e-05
0.01,0.017,0.0009,5,False,3,0,551.4395217814706,8.04002034247171e-05,-0.15156231152428504,-0.0023735654737488685,-0.005766242441682764
0.01,0.017,0.0009,5,True,3,4,1.0387721591399348,8.087592337351342e-05,-0.022815516131253967,-0.011440582554493168,-0.00011949668467638772
0.01,0.017,0.0009,5,False,3,6,541.4301272395585,8.040202433950884e-05,-0.15055619783008128,-0.008375535905533228,-0.0058050757290766175
0.01,0.017,0.0009,5,True,4,5,0.7535080546033782,8.105151744659239e-05,-0.0006497743410708009,-0.0041644186989857855,-2.360086480443623e-05
0.01,0.017,0.0009,5,False,6,0,668.1795100108517,8.040114786762166e-05,-0.15525052922348556,0.003586710142768514,0.0069491707177009735
0.01,0.017,0.0009,5,False,6,3,678.0819091768359,8.040207883255356e-05,-0.15563747299982186,0.0063674846064396065,0.007070644699522466
0.01,0.017,0.0009,5,True,6,7,1.08578840167762,8.092849887712065e-05,-0.01565927631640884,0.007787729221817015,0.00017282403389852428
0.01,0.017,0.0009,5,True,7,8,0.9912552466271813,8.100661805336923e-05,-0.006360572643283677,-0.012338628972118067,6.001146651418379e-06
0.01,0.017,0.0009,5,True,0,1,0.8563267973779837,8.09823601489094e-05,-0.008770128443607299,0.0027476204115831,-4.474401740871604e-05
0.01,0.017,0.0009,5,False,0,3,201.65292874899097,8.04007805143115e-05,-0.15318876750914692,0.004204405010427479,0.003076075896931221
0.01,0.017,0.0009,5,False,0,6,183.64545468565856,8.040033418947654e-05,-0.1511748226019473,-0.003342456444538327,0.002882186429196865
0.01,0.017,0.0009,5,True,1,2,0.6787385137432002,8.092735252022485e-05,-0.015842062199539153,-0.008393440322172504,1.881346812052683e-05
0.01,0.017,0.0009,5,False,3,0,283.1752369356929,8.040111231523386e-05,-0.14696261238849145,-0.00547610238539635,-0.0032460492285593216
0.01,0.017,0.0009,5,True,3,4,1.3666720789487496,8.09192146130469e-05,-0.017382528123398213,-0.01423346290080924,-6.990567384207023e-05
0.01,0.017,0.0009,5,False,3,6,287.3273965721417,8.040318050323638e-05,-0.15131664332144448,-0.010408433965063829,-0.003423765561338531
0.01,0.017,0.0009,5,True,4,5,0.7404110585569418,8.104830341572518e-05,-0.0009859458440602208,-0.0027436511760124474,-1.7186138432670476e-05
0.01,0.017,0.0009,5,False,6,0,978.3176014667976,8.040106370003652e-05,-0.14979209647508218,0.006124008396420442,0.008815603130238993
0.01,0.017,0.0009,5,False,6,3,970.8694149510557,8.040300788811377e-05,-0.1554754471792129,0.008612455391639807,0.00883177628937558
0.01,0.017,0.0009,5,True,6,7,1.5428269066066933,8.093102956222135e-05,-0.015668347248525866,0.012238779641512668,0.00023778765767299242
0.01,0.017,0.0009,5,True,7,8,0.7527617275428018,8.10254664376702e-05,-0.004188078077591599,-0.0130069146510897,1.4294323111573676e-07
0.01,0.017,0.0009,5,True,0,1,0.8563267973779837,8.09823601489094e-05,-0.008770128443607299,0.0027476204115831,-4.474401740871604e-05
0.01,0.017,0.0009,5,False,0,3,201.65292874899097,8.04007805143115e-05,-0.15318876750914692,0.004204405010427479,0.003076075896931221
0.01,0.017,0.0009,5,False,0,6,183.64545468565856,8.040033418947654e-05,-0.1511748226019473,-0.003342456444538327,0.002882186429196865
0.01,0.017,0.0009,5,True,1,2,0.6787385137432002,8.092735252022485e-05,-0.015842062199539153,-0.008393440322172504,1.881346812052683e-05
0.01,0.017,0.0009,5,False,3,0,283.1752369356929,8.040111231523386e-05,-0.14696261238849145,-0.00547610238539635,-0.0032460492285593216
0.01,0.017,0.0009,5,True,3,4,1.3666720789487496,8.09192146130469e-05,-0.017382528123398213,-0.01423346290080924,-6.990567384207023e-05
0.01,0.017,0.0009,5,False,3,6,287.3273965721417,8.040318050323638e-05,-0.15131664332144448,-0.010408433965063829,-0.003423765561338531
0.01,0.017,0.0009,5,True,4,5,0.7404110585569418,8.104830341572518e-05,-0.0009859458440602208,-0.0027436511760124474,-1.7186138432670476e-05
0.01,0.017,0.0009,5,False,6,0,978.3176014667976,8.040106370003652e-05,-0.14979209647508218,0.006124008396420442,0.008815603130238993
0.01,0.017,0.0009,5,False,6,3,970.8694149510557,8.040300788811377e-05,-0.1554754471792129,0.008612455391639807,0.00883177628937558
0.01,0.017,0.0009,5,True,6,7,1.5428269066066933,8.093102956222135e-05,-0.015668347248525866,0.012238779641512668,0.00023778765767299242
0.01,0.017,0.0009,5,True,7,8,0.7527617275428018,8.10254664376702e-05,-0.004188078077591599,-0.0130069146510897,1.4294323111573676e-07
0.01,0.017,0.0009,5,True,0,1,0.8563267973779837,8.09823601489094e-05,-0.008770128443607299,0.0027476204115831,-4.474401740871604e-05
0.01,0.017,0.0009,5,False,0,3,201.65292874899097,8.04007805143115e-05,-0.15318876750914692,0.004204405010427479,0.003076075896931221
0.01,0.017,0.0009,5,False,0,6,183.64545468565856,8.040033418947654e-05,-0.1511748226019473,-0.003342456444538327,0.002882186429196865
0.01,0.017,0.0009,5,True,1,2,0.6787385137432002,8.092735252022485e-05,-0.015842062199539153,-0.008393440322172504,1.881346812052683e-05
0.01,0.017,0.0009,5,False,3,0,283.1752369356929,8.040111231523386e-05,-0.14696261238849145,-0.00547610238539635,-0.0032460492285593216
0.01,0.017,0.0009,5,True,3,4,1.3666720789487496,8.09192146130469e-05,-0.017382528123398213,-0.01423346290080924,-6.990567384207023e-05
0.01,0.017,0.0009,5,False,3,6,287.3273965721417,8.040318050323638e-05,-0.15131664332144448,-0.010408433965063829,-0.003423765561338531
0.01,0.017,0.0009,5,True,4,5,0.7404110585569418,8.104830341572518e-05,-0.0009859458440602208,-0.0027436511760124474,-1.7186138432670476e-05
0.01,0.017,0.0009,5,False,6,0,978.3176014667976,8.040106370003652e-05,-0.14979209647508218,0.006124008396420442,0.008815603130238993
0.01,0.017,0.0009,5,False,6,3,970.8694149510557,8.040300788811377e-05,-0.1554754471792129,0.008612455391639807,0.00883177628937558
0.01,0.017,0.0009,5,True,6,7,1.5428269066066933,8.093102956222135e-05,-0.015668347248525866,0.012238779641512668,0.00023778765767299242
0.01,0.017,0.0009,5,True,7,8,0.7527617275428018,8.10254664376702e-05,-0.004188078077591599,-0.0130069146510897,1.4294323111573676e-07
0.01,0.017,0.0009,5,True,0,1,0.8563267973779837,8.09823601489094e-05,-0.008770128443607299,0.0027476204115831,-4.474401740871604e-05
0.01,0.017,0.0009,5,False,0,3,201.65292874899097,8.04007805143115e-05,-0.15318876750914692,0.004204405010427479,0.003076075896931221
0.01,0.017,0.0009,5,False,0,6,183.64545468565856,8.040033418947654e-05,-0.1511748226019473,-0.003342456444538327,0.002882186429196865
0.01,0.017,0.0009,5,True,1,2,0.6787385137432002,8.092735252022485e-05,-0.015842062199539153,-0.008393440322172504,1.881346812052683e-05
0.01,0.017,0.0009,5,False,3,0,283.1752369356929,8.040111231523386e-05,-0.14696261238849145,-0.00547610238539635,-0.0032460492285593216
0.01,0.017,0.0009,5,True,3,4,1.3666720789487496,8.09192146130469e-05,-0.017382528123398213,-0.01423346290080924,-6.990567384207023e-05
0.01,0.017,0.0009,5,False,3,6,287.3273965721417,8.040318050323638e-05,-0.15131664332144448,-0.010408433965063829,-0.003423765561338531
0.01,0.017,0.0009,5,True,4,5,0.7404110585569418,8.104830341572518e-05,-0.0009859458440602208,-0.0027436511760124474,-1.7186138432670476e-05
0.01,0.017,0.0009,5,False,6,0,978.3176014667976,8.040106370003652e-05,-0.14979209647508218,0.006124008396420442,0.008815603130238993
0.01,0.017,0.0009,5,False,6,3,970.8694149510557,8.040300788811377e-05,-0.1554754471792129,0.008612455391639807,0.00883177628937558
0.01,0.017,0.0009,5,True,6,7,1.5428269066066933,8.093102956222135e-05,-0.015668347248525866,0.012238779641512668,0.00023778765767299242
0.01,0.017,0.0009,5,True,7,8,0.7527617275428018,8.10254664376702e-05,-0.004188078077591599,-0.0130069146510897,1.4294323111573676e-07
0.01,0.017,0.0009,5,True,0,1,0.8563267973779837,8.09823601489094e-05,-0.008770128443607299,0.0027476204115831,-4.474401740871604e-05
0.01,0.017,0.0009,5,False,0,3,201.65292874899097,8.04007805143115e-05,-0.15318876750914692,0.004204405010427479,0.003076075896931221
0.01,0.017,0.0009,5,False,0,6,183.64545468565856,8.040033418947654e-05,-0.1511748226019473,-0.003342456444538327,0.002882186429196865
0.01,0.017,0.0009,5,True,1,2,0.6787385137432002,8.092735252022485e-05,-0.015842062199539153,-0.008393440322172504,1.881346812052683e-05
0.01,0.017,0.0009,5,False,3,0,283.1752369356929,8.040111231523386e-05,-0.14696261238849145,-0.00547610238539635,-0.0032460492285593216
0.01,0.017,0.0009,5,True,3,4,1.3666720789487496,8.09192146130469e-05,-0.017382528123398213,-0.01423346290080924,-6.990567384207023e-05
0.01,0.017,0.0009,5,False,3,6,287.3273965721417,8.040318050323638e-05,-0.15131664332144448,-0.010408433965063829,-0.003423765561338531
0.01,0.017,0.0009,5,True,4,5,0.7404110585569418,8.104830341572518e-05,-0.0009859458440602208,-0.0027436511760124474,-1.7186138432670476e-05
0.01,0.017,0.0009,5,False,6,0,978.3176014667976,8.040106370003652e-05,-0.14979209647508218,0.006124008396420442,0.008815603130238993
0.01,0.017,0.0009,5,False,6,3,970.8694149510557,8.040300788811377e-05,-0.1554754471792129,0.008612455391639807,0.00883177628937558
0.01,0.017,0.0009,5,True,6,7,1.5428269066066933,8.093102956222135e-05,-0.015668347248525866,0.012238779641512668,0.00023778765767299242
0.01,0.017,0.0009,5,True,7,8,0.7527617275428018,8.10254664376702e-05,-0.004188078077591599,-0.0130069146510897,1.4294323111573676e-07
0.01,0.017,0.0009,5,True,0,1,1.2581097121813523,8.094031883947324e-05,-0.013961145915304849,0.002543706023726651,-5.9793372846184856e-05
0.01,0.017,0.0009,5,False,0,3,473.0902274955949,8.04015363274444e-05,-0.1503895835213729,0.007320380604748833,-0.006102067878630469
0.01,0.017,0.0009,5,False,0,6,478.99311601743887,8.040363887333186e-05,-0.14219558662974519,0.008053820008681122,-0.006132485010504001
0.01,0.017,0.0009,5,True,1,2,1.514546345786124,8.108137984429506e-05,0.0027735048706333987,-0.0024916323196130254,-0.00011997031410696858
0.01,0.017,0.0009,5,False,3,0,730.639009571277,8.040175170181343e-05,-0.14499051944721045,-0.006002000360198945,0.007443675840223428
0.01,0.017,0.0009,5,True,3,4,1.0333920758897015,8.095767366646988e-05,-0.011806780427623804,0.0032047827788207472,-7.69651556558986e-05
0.01,0.017,0.0009,5,False,3,6,712.8796336889043,8.04027460215598e-05,-0.14342101371898922,0.0072042787915613015,0.007362674158331674
0.01,0.017,0.0009,5,True,4,5,1.4206362982933385,8.099063466511622e-05,-0.008403945146560307,-0.013692096581795161,8.30068942431267e-05
0.01,0.017,0.0009,5,False,6,0,574.0011100825452,8.04032479168555e-05,-0.1503474638315076,-0.01059515009858607,0.006439881556170694
0.01,0.017,0.0009,5,False,6,3,567.7823326745229,8.040171855017402e-05,-0.15486935894522366,-0.006022526367284256,0.0063892970347875985
0.01,0.017,0.0009,5,True,6,7,0.7535036584291118,8.085634321221372e-05,-0.024987494099203672,-0.0027959091920281387,-0.00010726659906260852
0.01,0.017,0.0009,5,True,7,8,0.9552654068039585,8.107999157868587e-05,0.0024429860856162106,-0.007715339247197513,8.979973612287908e-05
0.01,0.017,0.0009,5,True,0,1,1.0432951925001595,8.089911954678249e-05,-0.01928925598548161,0.00402607168985282,-8.41794879585267e-05
0.01,0.017,0.0009,5,False,0,3,510.04835804703805,8.040076351642957e-05,-0.15417670039882891,0.0031332885100750175,-0.0064960823764704705
0.01,0.017,0.0009,5,False,0,6,518.8599801451912,8.040054042431254e-05,-0.14565969284519106,-0.0008822940744082992,-0.0065543357379313815
0.01,0.017,0.0009,5,True,1,2,1.1427865050073396,8.108516504413949e-05,0.002914274205354531,-0.009636564298397422,-3.4993241495205894e-05
0.01,0.017,0.0009,5,False,3,0,1097.6818122161762,8.040083607815658e-05,-0.1446761482526959,0.001185343761623512,0.009315365224657302
0.01,0.017,0.0009,5,True,3,4,1.5040224273376337,8.095557921037006e-05,-0.012046497248425077,0.002170025554457667,-0.00013847212690943118
0.01,0.017,0.0009,5,False,3,6,1080.2808757183673,8.040340107991537e-05,-0.14048560458526238,0.005206104900580804,0.009244902664649538
0.01,0.017,0.0009,5,True,4,5,1.652851948678369,8.098711808986165e-05,-0.008902572046590068,-0.014420496653890993,0.00011968563506565903
0.01,0.017,0.0009,5,False,6,0,328.798347279598,8.040027106269272e-05,-0.15268196585926397,-0.0017874285772256694,0.004614986134754155
0.01,0.017,0.0009,5,False,6,3,328.1481370377929,8.040178826553014e-05,-0.15773040158607404,-0.0016155219124096634,0.004602776939735907
0.01,0.017,0.0009,5,True,6,7,1.2751461681840166,8.081386032117923e-05,-0.030997904922457378,0.004350657641489102,-0.00012434911208888033
0.01,0.017,0.0009,5,True,7,8,1.2544029376846324,8.112871704738496e-05,0.007871274237455511,-0.006666221109269045,2.8245825949405236e-05
0.01,0.017,0.0009,5,True,0,1,1.0432951925001595,8.089911954678249e-05,-0.01928925598548161,0.00402607168985282,-8.41794879585267e-05
0.01,0.017,0.0009,5,False,0,3,510.04835804703805,8.040076351642957e-05,-0.15417670039882891,0.0031332885100750175,-0.0064960823764704705
0.01,0.017,0.0009,5,False,0,6,518.8599801451912,8.040054042431254e-05,-0.14565969284519106,-0.0008822940744082992,-0.0065543357379313815
0.01,0.017,0.0009,5,True,1,2,1.1427865050073396,8.108516504413949e-05,0.002914274205354531,-0.009636564298397422,-3.4993241495205894e-05
0.01,0.017,0.0009,5,False,3,0,1097.6818122161762,8.040083607815658e-05,-0.1446761482526959,0.001185343761623512,0.009315365224657302
0.01,0.017,0.0009,5,True,3,4,1.5040224273376337,8.095557921037006e-05,-0.012046497248425077,0.002170025554457667,-0.00013847212690943118
0.01,0.017,0.0009,5,False,3,6,1080.2808757183673,8.040340107991537e-05,-0.14048560458526238,0.005206104900580804,0.009244902664649538
0.01,0.017,0.0009,5,True,4,5,1.652851948678369,8.098711808986165e-05,-0.008902572046590068,-0.014420496653890993,0.00011968563506565903
0.01,0.017,0.0009,5,False,6,0,328.798347279598,8.040027106269272e-05,-0.15268196585926397,-0.0017874285772256694,0.004614986134754155
0.01,0.017,0.0009,5,False,6,3,328.1481370377929,8.040178826553014e-05,-0.15773040158607404,-0.0016155219124096634,0.004602776939735907
0.01,0.017,0.0009,5,True,6,7,1.2751461681840166,8.081386032117923e-05,-0.030997904922457378,0.004350657641489102,-0.00012434911208888033
0.01,0.017,0.0009,5,True,7,8,1.2544029376846324,8.112871704738496e-05,0.007871274237455511,-0.006666221109269045,2.8245825949405236e-05
0.01,0.017,0.0009,5,True,0,1,1.0432951925001595,8.089911954678249e-05,-0.01928925598548161,0.00402607168985282,-8.41794879585267e-05
0.01,0.017,0.0009,5,False,0,3,510.04835804703805,8.040076351642957e-05,-0.15417670039882891,0.0031332885100750175,-0.0064960823764704705
0.01,0.017,0.0009,5,False,0,6,518.8599801451912,8.040054042431254e-05,-0.14565969284519106,-0.0008822940744082992,-0.0065543357379313815
0.01,0.017,0.0009,5,True,1,2,1.1427865050073396,8.108516504413949e-05,0.002914274205354531,-0.009636564298397422,-3.4993241495205894e-05
0.01,0.017,0.0009,5,False,3,0,1097.6818122161762,8.040083607815658e-05,-0.1446761482526959,0.001185343761623512,0.009315365224657302
0.01,0.017,0.0009,5,True,3,4,1.5040224273376337,8.095557921037006e-05,-0.012046497248425077,0.002170025554457667,-0.00013847212690943118
0.01,0.017,0.0009,5,False,3,6,1080.2808757183673,8.040340107991537e-05,-0.14048560458526238,0.005206104900580804,0.009244902664649538
0.01,0.017,0.0009,5,True,4,5,1.652851948678369,8.098711808986165e-05,-0.008902572046590068,-0.014420496653890993,0.00011968563506565903
0.01,0.017,0.0009,5,False,6,0,328.798347279598,8.040027106269272e-05,-0.15268196585926397,-0.0017874285772256694,0.004614986134754155
0.01,0.017,0.0009,5,False,6,3,328.1481370377929,8.040178826553014e-05,-0.15773040158607404,-0.0016155219124096634,0.004602776939735907
0.01,0.017,0.0009,5,True,6,7,1.2751461681840166,8.081386032117923e-05,-0.030997904922457378,0.004350657641489102,-0.00012434911208888033
0.01,0.017,0.0009,5,True,7,8,1.2544029376846324,8.112871704738496e-05,0.007871274237455511,-0.006666221109269045,2.8245825949405236e-05
0.01,0.017,0.0009,5,True,0,1,1.0432951925001595,8.089911954678249e-05,-0.01928925598548161,0.00402607168985282,-8.41794879585267e-05
0.01,0.017,0.0009,5,False,0,3,510.04835804703805,8.040076351642957e-05,-0.15417670039882891,0.0031332885100750175,-0.0064960823764704705
0.01,0.017,0.0009,5,False,0,6,518.8599801451912,8.040054042431254e-05,-0.14565969284519106,-0.0008822940744082992,-0.0065543357379313815
0.01,0.017,0.0009,5,True,1,2,1.1427865050073396,8.108516504413949e-05,0.002914274205354531,-0.009636564298397422,-3.4993241495205894e-05
0.01,0.017,0.0009,5,False,3,0,1097.6818122161762,8.040083607815658e-05,-0.1446761482526959,0.001185343761623512,0.009315365224657302
0.01,0.017,0.0009,5,True,3,4,1.5040224273376337,8.095557921037006e-05,-0.012046497248425077,0.002170025554457667,-0.00013847212690943118
0.01,0.017,0.0009,5,False,3,6,1080.2808757183673,8.040340107991537e-05,-0.14048560458526238,0.005206104900580804,0.009244902664649538
0.01,0.017,0.0009,5,True,4,5,1.652851948678369,8.098711808986165e-05,-0.008902572046590068,-0.014420496653890993,0.00011968563506565903
0.01,0.017,0.0009,5,False,6,0,328.798347279598,8.040027106269272e-05,-0.15268196585926397,-0.0017874285772256694,0.004614986134754155
0.01,0.017,0.0009,5,False,6,3,328.1481370377929,8.040178826553014e-05,-0.15773040158607404,-0.0016155219124096634,0.004602776939735907
0.01,0.017,0.0009,5,True,6,7,1.2751461681840166,8.081386032117923e-05,-0.030997904922457378,0.004350657641489102,-0.00012434911208888033
0.01,0.017,0.0009,5,True,7,8,1.2544029376846324,8.112871704738496e-05,0.007871274237455511,-0.006666221109269045,2.8245825949405236e-05
0.01,0.017,0.0009,5,True,0,1,1.0432951925001595,8.089911954678249e-05,-0.01928925598548161,0.00402607168985282,-8.41794879585267e-05
0.01,0.017,0.0009,5,False,0,3,510.04835804703805,8.040076351642957e-05,-0.15417670039882891,0.0031332885100750175,-0.0064960823764704705
0.01,0.017,0.0009,5,False,0,6,518.8599801451912,8.040054042431254e-05,-0.14565969284519106,-0.0008822940744082992,-0.0065543357379313815
0.01,0.017,0.0009,5,True,1,2,1.1427865050073396,8.108516504413949e-05,0.002914274205354531,-0.009636564298397422,-3.4993241495205894e-05
0.01,0.017,0.0009,5,False,3,0,1097.6818122161762,8.040083607815658e-05,-0.1446761482526959,0.001185343761623512,0.009315365224657302
0.01,0.017,0.0009,5,True,3,4,1.5040224273376337,8.095557921037006e-05,-0.012046497248425077,0.002170025554457667,-0.00013847212690943118
0.01,0.017,0.0009,5,False,3,6,1080.2808757183673,8.040340107991537e-05,-0.14048560458526238,0.005206104900580804,0.009244902664649538
0.01,0.017,0.0009,5,True,4,5,1.652851948678369,8.098711808986165e-05,-0.008902572046590068,-0.014420496653890993,0.00011968563506565903
0.01,0.017,0.0009,5,False,6,0,328.798347279598,8.040027106269272e-05,-0.15268196585926397,-0.0017874285772256694,0.004614986134754155
0.01,0.017,0.0009,5,False,6,3,328.1481370377929,8.040178826553014e-05,-0.15773040158607404,-0.0016155219124096634,0.004602776939735907
0.01,0.017,0.0009,5,True,6,7,1.2751461681840166,8.081386032117923e-05,-0.030997904922457378,0.004350657641489102,-0.00012434911208888033
0.01,0.017,0.0009,5,True,7,8,1.2544029376846324,8.112871704738496e-05,0.007871274237455511,-0.006666221109269045,2.8245825949405236e-05
0.01,0.017,0.0009,5,True,0,1,2.2180261842205677,8.089756567336158e-05,-0.019504577886094682,-0.00438216414887598,-0.0001109830574800482
0.01,0.017,0.0009,5,False,0,3,1012.7579353954494,8.040012377213814e-05,-0.14888260362242442,0.0020216946905813153,-0.009062634583898643
0.01,0.017,0.0009,5,False,0,6,518.8599801451912,8.040054042431254e-05,-0.14565969284519106,-0.0008822940744082992,-0.0065543357379313815
0.01,0.017,0.0009,5,True,1,2,1.6190969474877395,8.098341785373731e-05,-0.008862637226351338,-0.00836090577272043,3.969076488312615e-05
0.01,0.017,0.0009,5,False,3,0,963.4977474656029,8.040007970095367e-05,-0.14844754985295258,-0.00118985551096891,0.008335567313069132
0.01,0.017,0.0009,5,True,3,4,1.0266402900474207,8.095357278341854e-05,-0.012330017252315487,0.003756699663768724,9.840908972171386e-05
0.01,0.017,0.0009,5,False,3,6,958.299210191661,8.040357270567105e-05,-0.1392137501615268,-0.0026769159396790197,0.008298903584308697
0.01,0.017,0.0009,5,True,4,5,1.7107826704113662,8.100841115964613e-05,-0.0064083830889841865,-0.015079982077789681,-2.009094123524622e-05
0.01,0.017,0.0009,5,False,6,0,199.62977835490227,8.040305445253437e-05,-0.15867757447011333,0.005516580472324697,-0.0037045550273591666
0.01,0.017,0.0009,5,False,6,3,205.25979519554372,8.040360181708016e-05,-0.15669965735316585,0.008923063343939889,-0.003834365447165554
0.01,0.017,0.0009,5,True,6,7,2.1189568203141493,8.08241274472897e-05,-0.029482920004414687,0.0027962763299028705,4.53512662652586e-05
0.01,0.017,0.0009,5,True,7,8,0.8383753228108217,8.118258867588305e-05,0.012951033401784095,-0.016138411301841446,-8.617786743283242e-05
0.01,0.017,0.0009,5,True,0,1,2.056607787569747,8.084750544735798e-05,-0.026204866738695248,-0.0028115307240360455,-0.00011479902423867472
0.01,0.017,0.0009,5,False,0,3,1235.3132045116658,8.040010790717419e-05,-0.14824192901630745,0.0013043315679487255,-0.010155771192607707
0.01,0.017,0.0009,5,False,0,6,1207.0483958858822,8.040867226059175e-05,-0.13913001714051265,-0.013418795407897822,-0.009908494915208817
0.01,0.017,0.0009,5,True,1,2,1.648984603141137,8.101881696538247e-05,-0.004556744793370293,-0.006980939513198035,4.534754989787422e-05
0.01,0.017,0.0009,5,False,3,0,579.0891022427043,8.040000148432692e-05,-0.1499449206166555,-0.0010690187901130526,0.005942509511582429
0.01,0.017,0.0009,5,True,3,4,1.3342059129064476,8.091569507394749e-05,-0.017089390688478513,0.002042536908822523,0.00017594968307234972
0.01,0.017,0.0009,5,False,3,6,584.5386559775105,8.040149073954844e-05,-0.14509460625572299,-0.005302203224393817,0.0059540610501007014
0.01,0.017,0.0009,5,True,4,5,1.5156220844658022,8.103784766324533e-05,-0.0038175248268355463,-0.02202666679903658,-0.00011658797351996775
0.01,0.017,0.0009,5,False,6,0,209.74505995440913,8.04011948345482e-05,-0.15364300483470997,0.005361752318126068,-0.004044437903399065
0.01,0.017,0.0009,5,False,6,3,213.03482510070944,8.040224642137999e-05,-0.15108836490543953,0.008768287332655717,-0.00407343240228734
0.01,0.017,0.0009,5,True,6,7,2.2329305871134713,8.086486577733824e-05,-0.023810860039802394,0.00205597439894703,2.6212695564811426e-05
0.01,0.017,0.0009,5,True,7,8,0.17176458862006,8.116651106987364e-05,0.011530794103403536,-0.013055770141884386,1.2634272392380508e-05
0.01,0.017,0.0009,5,True,0,1,2.056607787569747,8.084750544735798e-05,-0.026204866738695248,-0.0028115307240360455,-0.00011479902423867472
0.01,0.017,0.0009,5,False,0,3,1235.3132045116658,8.040010790717419e-05,-0.14824192901630745,0.0013043315679487255,-0.010155771192607707
0.01,0.017,0.0009,5,False,0,6,1323.2289609695674,8.04049534288334e-05,-0.14182228266839375,-0.010194710240587778,-0.010574476703690622
0.01,0.017,0.0009,5,True,1,2,1.648984603141137,8.101881696538247e-05,-0.004556744793370293,-0.006980939513198035,4.534754989787422e-05
0.01,0.017,0.0009,5,False,3,0,579.0891022427043,8.040000148432692e-05,-0.1499449206166555,-0.0010690187901130526,0.005942509511582429
0.01,0.017,0.0009,5,True,3,4,1.3342059129064476,8.091569507394749e-05,-0.017089390688478513,0.002042536908822523,0.00017594968307234972
0.01,0.017,0.0009,5,False,3,6,584.5386559775105,8.040149073954844e-05,-0.14509460625572299,-0.005302203224393817,0.0059540610501007014
0.01,0.017,0.0009,5,True,4,5,1.5156220844658022,8.103784766324533e-05,-0.0038175248268355463,-0.02202666679903658,-0.00011658797351996775
0.01,0.017,0.0009,5,False,6,0,209.74505995440913,8.04011948345482e-05,-0.15364300483470997,0.005361752318126068,-0.004044437903399065
0.01,0.017,0.0009,5,False,6,3,213.03482510070944,8.040224642137999e-05,-0.15108836490543953,0.008768287332655717,-0.00407343240228734
0.01,0.017,0.0009,5,True,6,7,2.2329305871134713,8.086486577733824e-05,-0.023810860039802394,0.00205597439894703,2.6212695564811426e-05
0.01,0.017,0.0009,5,True,7,8,0.17176458862006,8.116651106987364e-05,0.011530794103403536,-0.013055770141884386,1.2634272392380508e-05
0.01,0.017,0.0009,5,True,0,1,2.056607787569747,8.084750544735798e-05,-0.026204866738695248,-0.0028115307240360455,-0.00011479902423867472
0.01,0.017,0.0009,5,False,0,3,1235.3132045116658,8.040010790717419e-05,-0.14824192901630745,0.0013043315679487255,-0.010155771192607707
0.01,0.017,0.0009,5,False,0,6,1323.2289609695674,8.04049534288334e-05,-0.14182228266839375,-0.010194710240587778,-0.010574476703690622
0.01,0.017,0.0009,5,True,1,2,1.648984603141137,8.101881696538247e-05,-0.004556744793370293,-0.006980939513198035,4.534754989787422e-05
0.01,0.017,0.0009,5,False,3,0,579.0891022427043,8.040000148432692e-05,-0.1499449206166555,-0.0010690187901130526,0.005942509511582429
0.01,0.017,0.0009,5,True,3,4,1.3342059129064476,8.091569507394749e-05,-0.017089390688478513,0.002042536908822523,0.00017594968307234972
0.01,0.017,0.0009,5,False,3,6,584.5386559775105,8.040149073954844e-05,-0.14509460625572299,-0.005302203224393817,0.0059540610501007014
0.01,0.017,0.0009,5,True,4,5,1.5156220844658022,8.103784766324533e-05,-0.0038175248268355463,-0.02202666679903658,-0.00011658797351996775
0.01,0.017,0.0009,5,False,6,0,209.74505995440913,8.04011948345482e-05,-0.15364300483470997,0.005361752318126068,-0.004044437903399065
0.01,0.017,0.0009,5,False,6,3,213.03482510070944,8.040224642137999e-05,-0.15108836490543953,0.008768287332655717,-0.00407343240228734
0.01,0.017,0.0009,5,True,6,7,2.2329305871134713,8.086486577733824e-05,-0.023810860039802394,0.00205597439894703,2.6212695564811426e-05
0.01,0.017,0.0009,5,True,7,8,0.17176458862006,8.116651106987364e-05,0.011530794103403536,-0.013055770141884386,1.2634272392380508e-05
0.01,0.017,0.0009,5,False,7,5,660.837629492568,8.096053755769555e-05,-0.02513384955589427,0.06011808036714594,-0.00674501970435402
0.01,0.017,0.0009,5,True,0,1,2.056607787569747,8.084750544735798e-05,-0.026204866738695248,-0.0028115307240360455,-0.00011479902423867472
0.01,0.017,0.0009,5,False,0,3,1235.3132045116658,8.040010790717419e-05,-0.14824192901630745,0.0013043315679487255,-0.010155771192607707
0.01,0.017,0.0009,5,False,0,6,1323.2289609695674,8.04049534288334e-05,-0.14182228266839375,-0.010194710240587778,-0.010574476703690622
0.01,0.017,0.0009,5,True,1,2,1.648984603141137,8.101881696538247e-05,-0.004556744793370293,-0.006980939513198035,4.534754989787422e-05
0.01,0.017,0.0009,5,False,3,0,579.0891022427043,8.040000148432692e-05,-0.1499449206166555,-0.0010690187901130526,0.005942509511582429
0.01,0.017,0.0009,5,True,3,4,1.3342059129064476,8.091569507394749e-05,-0.017089390688478513,0.002042536908822523,0.00017594968307234972
0.01,0.017,0.0009,5,False,3,6,584.5386559775105,8.040149073954844e-05,-0.14509460625572299,-0.005302203224393817,0.0059540610501007014
0.01,0.017,0.0009,5,True,4,5,1.5156220844658022,8.103784766324533e-05,-0.0038175248268355463,-0.02202666679903658,-0.00011658797351996775
0.01,0.017,0.0009,5,False,5,8,1095.193691280694,8.042415945113262e-05,-0.12557216191430032,-0.015235092620264802,0.005277845946301667
0.01,0.017,0.0009,5,False,6,0,209.74505995440913,8.04011948345482e-05,-0.15364300483470997,0.005361752318126068,-0.004044437903399065
0.01,0.017,0.0009,5,False,6,3,213.03482510070944,8.040224642137999e-05,-0.15108836490543953,0.008768287332655717,-0.00407343240228734
0.01,0.017,0.0009,5,True,6,7,2.2329305871134713,8.086486577733824e-05,-0.023810860039802394,0.00205597439894703,2.6212695564811426e-05
0.01,0.017,0.0009,5,True,7,8,0.17176458862006,8.116651106987364e-05,0.011530794103403536,-0.013055770141884386,1.2634272392380508e-05
0.01,0.017,0.0009,5,False,7,5,616.1677916561672,8.10251351211605e-05,-0.017354345564833357,0.061838877103247605,-0.006521178022430831
0.01,0.017,0.0009,5,True,0,1,2.056607787569747,8.084750544735798e-05,-0.026204866738695248,-0.0028115307240360455,-0.00011479902423867472
0.01,0.017,0.0009,5,False,0,3,1235.3132045116658,8.040010790717419e-05,-0.14824192901630745,0.0013043315679487255,-0.010155771192607707
0.01,0.017,0.0009,5,False,0,6,1323.2289609695674,8.04049534288334e-05,-0.14182228266839375,-0.010194710240587778,-0.010574476703690622
0.01,0.017,0.0009,5,True,1,2,1.648984603141137,8.101881696538247e-05,-0.004556744793370293,-0.006980939513198035,4.534754989787422e-05
0.01,0.017,0.0009,5,False,3,0,579.0891022427043,8.040000148432692e-05,-0.1499449206166555,-0.0010690187901130526,0.005942509511582429
0.01,0.017,0.0009,5,True,3,4,1.3342059129064476,8.091569507394749e-05,-0.017089390688478513,0.002042536908822523,0.00017594968307234972
0.01,0.017,0.0009,5,False,3,6,584.5386559775105,8.040149073954844e-05,-0.14509460625572299,-0.005302203224393817,0.0059540610501007014
0.01,0.017,0.0009,5,True,4,5,1.5156220844658022,8.103784766324533e-05,-0.0038175248268355463,-0.02202666679903658,-0.00011658797351996775
0.01,0.017,0.0009,5,False,4,8,772.1038184272572,8.111210282011564e-05,-0.009509030276823663,-0.06827002984053165,0.007491750486201406
0.01,0.017,0.0009,5,False,5,8,1300.8131216123613,8.041392444965591e-05,-0.1318806825242787,-0.01224068679983702,0.006036980044321695
0.01,0.017,0.0009,5,False,6,0,209.74505995440913,8.04011948345482e-05,-0.15364300483470997,0.005361752318126068,-0.004044437903399065
0.01,0.017,0.0009,5,False,6,3,213.03482510070944,8.040224642137999e-05,-0.15108836490543953,0.008768287332655717,-0.00407343240228734
0.01,0.017,0.0009,5,True,6,7,2.2329305871134713,8.086486577733824e-05,-0.023810860039802394,0.00205597439894703,2.6212695564811426e-05
0.01,0.017,0.0009,5,True,7,8,0.17176458862006,8.116651106987364e-05,0.011530794103403536,-0.013055770141884386,1.2634272392380508e-05
0.01,0.017,0.0009,5,False,7,5,616.1677916561672,8.10251351211605e-05,-0.017354345564833357,0.061838877103247605,-0.006521178022430831
0.01,0.017,0.0009,5,True,0,1,0.8520238482193662,8.082842250171061e-05,-0.028853990176998405,0.0017297143422528906,-4.778861785420474e-06
0.01,0.017,0.0009,5,False,0,3,441.3572263046165,8.040033863529534e-05,-0.1533428268399282,-0.001237370938808071,-0.005404631602192663
0.01,0.017,0.0009,5,False,0,6,1323.2289609695674,8.04049534288334e-05,-0.14182228266839375,-0.010194710240587778,-0.010574476703690622
0.01,0.017,0.0009,5,True,1,2,0.4005457755408866,8.111704160155075e-05,0.00620938496929932,-0.012899486528279238,-9.787584962827945e-07
0.01,0.017,0.0009,5,False,3,0,165.44314831713353,8.040047245716535e-05,-0.14743042244232393,0.0032692285454011846,-0.003472133022400114
0.01,0.017,0.0009,5,True,3,4,0.6829792213728693,8.086722805119804e-05,-0.023475120609016173,0.0005695961444823246,6.558516634061547e-05
0.01,0.017,0.0009,5,False,3,6,167.06650133939397,8.040165834271401e-05,-0.14601215658383163,0.006482174122751236,-0.0034290305851554233
0.01,0.017,0.0009,5,True,4,5,1.1872701477792056,8.102257905290123e-05,-0.00404231371915452,0.005265768257351345,-0.00015782648507950707
0.01,0.017,0.0009,5,False,4,8,832.116227914567,8.105750022168045e-05,-0.015327799296175346,-0.06626583210823957,0.007760551207370472
0.01,0.017,0.0009,5,False,4,1,671.1919947574955,8.04311766925399e-05,-0.12944973302937693,-0.025434643624623658,0.007379162917182614
0.01,0.017,0.0009,5,False,5,8,1300.8131216123613,8.041392444965591e-05,-0.1318806825242787,-0.01224068679983702,0.006036980044321695
0.01,0.017,0.0009,5,False,6,0,293.6954404706952,8.040049635628087e-05,-0.1501496477099848,-0.004253003487128094,0.004089058360585971
0.01,0.017,0.0009,5,False,6,3,287.44515378616813,8.04016121698032e-05,-0.15223102032667196,-0.007166731863871226,0.004051003361361192
0.01,0.017,0.0009,5,True,6,7,0.6168428603780108,8.084766181901202e-05,-0.02695517904174656,-0.014088334603965363,7.541518226044241e-05
0.01,0.017,0.0009,5,True,7,8,1.3027039239615825,8.108757928047095e-05,0.0031069424888232914,-0.010798721558889484,-6.102426508132936e-05
0.01,0.017,0.0009,5,False,7,5,616.1677916561672,8.10251351211605e-05,-0.017354345564833357,0.061838877103247605,-0.006521178022430831
0.001,0.0017,0.017,5,True,0,1,1.8970177303321887,1.209540588605628e-06,-0.02090796650724685,0.0013231782520408248,0.00018866915737225757
0.001,0.0017,0.017,5,False,0,3,480.38896858363603,1.2000002549603893e-06,-0.15035080710916734,-0.0002207236559805971,0.007293468427845777
0.001,0.0017,0.017,5,False,0,6,470.20854175387467,1.200001273670578e-06,-0.15141514071378262,6.914712463166326e-05,0.0071505883940169105
0.001,0.0017,0.017,5,True,1,2,1.3303011041761035,1.2128253820123252e-06,-0.0007485936509783751,-0.011348990012576728,0.00012352937970428086
0.001,0.0017,0.017,5,False,3,0,375.68999381999373,1.2000002751069061e-06,-0.14963828773549542,0.00028379964052919115,0.005762371231177934
0.001,0.0017,0.017,5,False,3,1,60.06644871199829,1.2095137997132075e-06,-0.021587399014544123,-0.010625707219773118,-0.0014083152321534415
0.001,0.0017,0.017,5,True,3,4,1.7672874342353182,1.2097347807022191e-06,-0.019593965761537293,-1.980129363808988e-05,-0.00029180844366981753
0.001,0.0017,0.017,5,False,3,6,346.46874805324757,1.2000010981086734e-06,-0.15106862588927578,0.00048700204379076143,0.005553603927603671
0.001,0.0017,0.017,5,False,4,1,1869.7260711304102,1.200070633107429e-06,-0.1426331446590072,-0.006890245031246758,0.016473234770009358
0.001,0.0017,0.017,5,True,4,5,0.6313316689980826,1.2129114320600087e-06,-0.0002219029943466399,-0.011040135165676632,-0.00015610242342864206
0.001,0.0017,0.017,5,False,6,0,3038.3069627575287,1.2000011422098995e-06,-0.14904420651097045,0.0009140616285242091,0.022354089031927038
0.001,0.0017,0.017,5,False,6,3,3021.93323220221,1.200001031657847e-06,-0.1490327198592836,0.0005593815763784793,0.022288201735470158
0.001,0.0017,0.017,5,True,6,7,1.1035047645008125,1.2097217749987705e-06,-0.019680709916469526,0.00042125318630300147,5.273570297049712e-05
0.001,0.0017,0.017,5,True,7,8,2.1241472731429583,1.212995309385172e-06,0.00029174846019624373,-0.010672676039428052,2.176694906735919e-05
0.001,0.0017,0.017,5,True,0,1,1.9877733277757783,1.2095716153993626e-06,-0.020698548071308512,0.0013367042626206281,0.0001512809533616251
0.001,0.0017,0.017,5,False,0,3,826.0404098284537,1.2000008197284706e-06,-0.15059919683294914,0.0008117956664535416,0.010703230960358414
0.001,0.0017,0.017,5,False,0,6,813.926911702518,1.2000010811089068e-06,-0.15112625144593628,0.0005085834058085818,0.010530980613572695
0.001,0.0017,0.017,5,True,1,2,1.2752260610822828,1.2128127729350916e-06,-0.0007951954368273548,-0.010986027942176676,6.857548981785632e-05
0.001,0.0017,0.017,5,False,3,0,423.9719078464003,1.2000005760420716e-06,-0.1498415996721683,-0.0007169714629799422,0.007770596737581091
0.001,0.0017,0.017,5,False,3,1,60.06644871199829,1.2095137997132075e-06,-0.021587399014544123,-0.010625707219773118,-0.0014083152321534415
0.001,0.0017,0.017,5,True,3,4,0.9695007270756948,1.2097121615221602e-06,-0.019747146115366744,-0.0006281580044597221,-0.00016567308687471123
0.001,0.0017,0.017,5,False,3,6,404.18327099399323,1.2000007319425382e-06,-0.15078266758554346,-0.00023252391748361463,0.00762165483015555
0.001,0.0017,0.017,5,False,4,1,1869.7260711304102,1.200070633107429e-06,-0.1426331446590072,-0.006890245031246758,0.016473234770009358
0.001,0.0017,0.017,5,True,4,5,0.9947018398175869,1.2129818142205275e-06,0.00024598383719385495,-0.010218117848222349,-0.000237521981366282
0.001,0.0017,0.017,5,False,6,0,2981.87218797102,1.200000676638534e-06,-0.14921769803440688,0.0003467105390888327,0.022082086306504104
0.001,0.0017,0.017,5,False,6,3,2983.2216357130587,1.2000007238930443e-06,-0.14966935188842928,0.0007358587513626852,0.02210539474587357
0.001,0.0017,0.017,5,True,6,7,0.4185286751591809,1.2097050098688359e-06,-0.01979244240722503,-0.000177775872705617,-3.4859682089574295e-05
0.001,0.0017,0.017,5,True,7,8,1.285841807114193,1.2129538091479812e-06,0.0001190937469867906,-0.009661373876749082,-8.15194489647057e-05
0.001,0.0017,0.017,5,True,0,1,1.9877733277757783,1.2095716153993626e-06,-0.020698548071308512,0.0013367042626206281,0.0001512809533616251
0.001,0.0017,0.017,5,False,0,3,826.0404098284537,1.2000008197284706e-06,-0.15059919683294914,0.0008117956664535416,0.010703230960358414
0.001,0.0017,0.017,5,False,0,6,813.926911702518,1.2000010811089068e-06,-0.15112625144593628,0.0005085834058085818,0.010530980613572695
0.001,0.0017,0.017,5,True,1,2,1.2752260610822828,1.2128127729350916e-06,-0.0007951954368273548,-0.010986027942176676,6.857548981785632e-05
0.001,0.0017,0.017,5,False,3,0,423.9719078464003,1.2000005760420716e-06,-0.1498415996721683,-0.0007169714629799422,0.007770596737581091
0.001,0.0017,0.017,5,False,3,1,60.06644871199829,1.2095137997132075e-06,-0.021587399014544123,-0.010625707219773118,-0.0014083152321534415
0.001,0.0017,0.017,5,True,3,4,0.9695007270756948,1.2097121615221602e-06,-0.019747146115366744,-0.0006281580044597221,-0.00016567308687471123
0.001,0.0017,0.017,5,False,3,6,404.18327099399323,1.2000007319425382e-06,-0.15078266758554346,-0.00023252391748361463,0.00762165483015555
0.001,0.0017,0.017,5,False,4,1,1869.7260711304102,1.200070633107429e-06,-0.1426331446590072,-0.006890245031246758,0.016473234770009358
0.001,0.0017,0.017,5,True,4,5,0.9947018398175869,1.2129818142205275e-06,0.00024598383719385495,-0.010218117848222349,-0.000237521981366282
0.001,0.0017,0.017,5,False,6,0,2981.87218797102,1.200000676638534e-06,-0.14921769803440688,0.0003467105390888327,0.022082086306504104
0.001,0.0017,0.017,5,False,6,3,2983.2216357130587,1.2000007238930443e-06,-0.14966935188842928,0.0007358587513626852,0.02210539474587357
0.001,0.0017,0.017,5,True,6,7,0.4185286751591809,1.2097050098688359e-06,-0.01979244240722503,-0.000177775872705617,-3.4859682089574295e-05
0.001,0.0017,0.017,5,True,7,8,1.285841807114193,1.2129538091479812e-06,0.0001190937469867906,-0.009661373876749082,-8.15194489647057e-05
0.001,0.0017,0.017,5,True,0,1,1.9877733277757783,1.2095716153993626e-06,-0.020698548071308512,0.0013367042626206281,0.0001512809533616251
0.001,0.0017,0.017,5,False,0,3,826.0404098284537,1.2000008197284706e-06,-0.15059919683294914,0.0008117956664535416,0.010703230960358414
0.001,0.0017,0.017,5,False,0,6,813.926911702518,1.2000010811089068e-06,-0.15112625144593628,0.0005085834058085818,0.010530980613572695
0.001,0.0017,0.017,5,True,1,2,1.2752260610822828,1.2128127729350916e-06,-0.0007951954368273548,-0.010986027942176676,6.857548981785632e-05
0.001,0.0017,0.017,5,False,3,0,423.9719078464003,1.2000005760420716e-06,-0.1498415996721683,-0.0007169714629799422,0.007770596737581091
0.001,0.0017,0.017,5,False,3,1,60.06644871199829,1.2095137997132075e-06,-0.021587399014544123,-0.010625707219773118,-0.0014083152321534415
0.001,0.0017,0.017,5,True,3,4,0.9695007270756948,1.2097121615221602e-06,-0.019747146115366744,-0.0006281580044597221,-0.00016567308687471123
0.001,0.0017,0.017,5,False,3,6,404.18327099399323,1.2000007319425382e-06,-0.15078266758554346,-0.00023252391748361463,0.00762165483015555
0.001,0.0017,0.017,5,False,4,1,1869.7260711304102,1.200070633107429e-06,-0.1426331446590072,-0.006890245031246758,0.016473234770009358
0.001,0.0017,0.017,5,True,4,5,0.9947018398175869,1.2129818142205275e-06,0.00024598383719385495,-0.010218117848222349,-0.000237521981366282
0.001,0.0017,0.017,5,False,6,0,2981.87218797102,1.200000676638534e-06,-0.14921769803440688,0.0003467105390888327,0.022082086306504104
0.001,0.0017,0.017,5,False,6,3,2983.2216357130587,1.2000007238930443e-06,-0.14966935188842928,0.0007358587513626852,0.02210539474587357
0.001,0.0017,0.017,5,True,6,7,0.4185286751591809,1.2097050098688359e-06,-0.01979244240722503,-0.000177775872705617,-3.4859682089574295e-05
0.001,0.0017,0.017,5,True,7,8,1.285841807114193,1.2129538091479812e-06,0.0001190937469867906,-0.009661373876749082,-8.15194489647057e-05
0.001,0.0017,0.017,5,True,0,1,1.9877733277757783,1.2095716153993626e-06,-0.020698548071308512,0.0013367042626206281,0.0001512809533616251
0.001,0.0017,0.017,5,False,0,3,826.0404098284537,1.2000008197284706e-06,-0.15059919683294914,0.0008117956664535416,0.010703230960358414
0.001,0.0017,0.017,5,False,0,6,813.926911702518,1.2000010811089068e-06,-0.15112625144593628,0.0005085834058085818,0.010530980613572695
0.001,0.0017,0.017,5,True,1,2,1.2752260610822828,1.2128127729350916e-06,-0.0007951954368273548,-0.010986027942176676,6.857548981785632e-05
0.001,0.0017,0.017,5,False,3,0,423.9719078464003,1.2000005760420716e-06,-0.1498415996721683,-0.0007169714629799422,0.007770596737581091
0.001,0.0017,0.017,5,False,3,1,60.06644871199829,1.2095137997132075e-06,-0.021587399014544123,-0.010625707219773118,-0.0014083152321534415
0.001,0.0017,0.017,5,True,3,4,0.9695007270756948,1.2097121615221602e-06,-0.019747146115366744,-0.0006281580044597221,-0.00016567308687471123
0.001,0.0017,0.017,5,False,3,6,404.18327099399323,1.2000007319425382e-06,-0.15078266758554346,-0.00023252391748361463,0.00762165483015555
0.001,0.0017,0.017,5,False,4,1,1869.7260711304102,1.200070633107429e-06,-0.1426331446590072,-0.006890245031246758,0.016473234770009358
0.001,0.0017,0.017,5,True,4,5,0.9947018398175869,1.2129818142205275e-06,0.00024598383719385495,-0.010218117848222349,-0.000237521981366282
0.001,0.0017,0.017,5,False,6,0,2981.87218797102,1.200000676638534e-06,-0.14921769803440688,0.0003467105390888327,0.022082086306504104
0.001,0.0017,0.017,5,False,6,3,2983.2216357130587,1.2000007238930443e-06,-0.14966935188842928,0.0007358587513626852,0.02210539474587357
0.001,0.0017,0.017,5,True,6,7,0.4185286751591809,1.2097050098688359e-06,-0.01979244240722503,-0.000177775872705617,-3.4859682089574295e-05
0.001,0.0017,0.017,5,True,7,8,1.285841807114193,1.2129538091479812e-06,0.0001190937469867906,-0.009661373876749082,-8.15194489647057e-05
0.001,0.0017,0.017,5,True,0,1,1.9877733277757783,1.2095716153993626e-06,-0.020698548071308512,0.0013367042626206281,0.0001512809533616251
0.001,0.0017,0.017,5,False,0,3,826.0404098284537,1.2000008197284706e-06,-0.15059919683294914,0.0008117956664535416,0.010703230960358414
0.001,0.0017,0.017,5,False,0,6,813.926911702518,1.2000010811089068e-06,-0.15112625144593628,0.0005085834058085818,0.010530980613572695
0.001,0.0017,0.017,5,True,1,2,1.2752260610822828,1.2128127729350916e-06,-0.0007951954368273548,-0.010986027942176676,6.857548981785632e-05
0.001,0.0017,0.017,5,False,3,0,423.9719078464003,1.2000005760420716e-06,-0.1498415996721683,-0.0007169714629799422,0.007770596737581091
0.001,0.0017,0.017,5,False,3,1,60.06644871199829,1.2095137997132075e-06,-0.021587399014544123,-0.010625707219773118,-0.0014083152321534415
0.001,0.0017,0.017,5,True,3,4,0.9695007270756948,1.2097121615221602e-06,-0.019747146115366744,-0.0006281580044597221,-0.00016567308687471123
0.001,0.0017,0.017,5,False,3,6,404.18327099399323,1.2000007319425382e-06,-0.15078266758554346,-0.00023252391748361463,0.00762165483015555
0.001,0.0017,0.017,5,False,4,1,1869.7260711304102,1.200070633107429e-06,-0.1426331446590072,-0.006890245031246758,0.016473234770009358
0.001,0.0017,0.017,5,True,4,5,0.9947018398175869,1.2129818142205275e-06,0.00024598383719385495,-0.010218117848222349,-0.000237521981366282
0.001,0.0017,0.017,5,False,6,0,2981.87218797102,1.200000676638534e-06,-0.14921769803440688,0.0003467105390888327,0.022082086306504104
0.001,0.0017,0.017,5,False,6,3,2983.2216357130587,1.2000007238930443e-06,-0.14966935188842928,0.0007358587513626852,0.02210539474587357
0.001,0.0017,0.017,5,True,6,7,0.4185286751591809,1.2097050098688359e-06,-0.01979244240722503,-0.000177775872705617,-3.4859682089574295e-05
0.001,0.0017,0.017,5,True,7,8,1.285841807114193,1.2129538091479812e-06,0.0001190937469867906,-0.009661373876749082,-8.15194489647057e-05
0.001,0.0017,0.017,5,False,7,1,1314.7352180167359,1.200262683526262e-06,-0.13168166440531068,-0.009890619845486786,0.014151281739760074
0.001,0.0017,0.017,5,True,0,1,0.715076023433903,1.2097792255992235e-06,-0.019297257012719428,-0.00034977920874026925,5.950553804174984e-05
0.001,0.0017,0.017,5,False,0,3,551.7572533032155,1.2000014148915214e-06,-0.14875418018727393,-0.000778240284993002,0.008508748176136694
0.001,0.0017,0.017,5,False,0,6,581.5381975441841,1.2000012636492276e-06,-0.14907806508843258,-0.0009298663535095171,0.008652469720063017
0.001,0.0017,0.017,5,True,1,2,1.8900719357238178,1.2129506382458818e-06,6.658753774501761e-05,-0.010191954609094566,-0.0002605293681286973
0.001,0.0017,0.017,5,False,3,0,285.8661675075394,1.2000013952460995e-06,-0.1503326969296079,0.0014171906852276802,-0.004324942854631213
0.001,0.0017,0.017,5,False,3,1,60.06644871199829,1.2095137997132075e-06,-0.021587399014544123,-0.010625707219773118,-0.0014083152321534415
0.001,0.0017,0.017,5,True,3,4,0.8476208037930251,1.2096477284346157e-06,-0.020179245096212085,0.0003648618789641228,-1.0564143509804483e-05
0.001,0.0017,0.017,5,False,3,6,300.2994206456453,1.2000003231541536e-06,-0.15031972580106842,0.00012359018149483677,-0.004006926627146807
0.001,0.0017,0.017,5,False,4,1,1869.7260711304102,1.200070633107429e-06,-0.1426331446590072,-0.006890245031246758,0.016473234770009358
0.001,0.0017,0.017,5,True,4,5,0.6921589322677243,1.2128772964143898e-06,-0.00034813437963836485,-0.010003036770376185,-1.899013646250816e-05
0.001,0.0017,0.017,5,False,6,0,304.5871805617288,1.2000012383458952e-06,-0.15066978639160464,0.001102848146968799,0.004661043640275839
0.001,0.0017,0.017,5,False,6,3,325.59955414797025,1.2000003236410224e-06,-0.1496614698173776,6.207352391976136e-05,0.0048353383238285245
0.001,0.0017,0.017,5,True,6,7,0.9911713664417949,1.2097949860139041e-06,-0.019191154284068732,-0.00013596589926992113,0.00018512165247051596
0.001,0.0017,0.017,5,True,7,8,1.5829896326393604,1.212614688832554e-06,-0.0019401171903918202,-0.01072389986036981,-0.00015740453098073967
0.001,0.0017,0.017,5,False,7,1,1491.472793146008,1.2004397414725745e-06,-0.12618153586597788,-0.013754527504646105,0.015466894288812984
0.001,0.0017,0.017,5,False,8,2,228.44799428096803,1.2008497335174906e-06,-0.11484997964908146,0.013492290238687137,-0.002507361180480284
0.001,0.0017,0.017,5,True,0,1,0.6882658807638264,1.2098575603563978e-06,-0.018774266306583094,9.819821635125195e-05,3.808464322464117e-05
0.001,0.0017,0.017,5,False,0,3,293.5225978324005,1.2000008921537236e-06,-0.149107878258762,-0.0006779148141023199,0.005337299665803938
0.001,0.0017,0.017,5,False,0,6,311.89201061322206,1.2000014007798073e-06,-0.14869321028868138,-0.000416630941734639,0.0053161298817155835
0.001,0.0017,0.017,5,True,1,2,1.885327739265992,1.2129986976939772e-06,0.0003395563368606504,-0.010285337677648934,-0.0002878069536590644
0.001,0.0017,0.017,5,False,3,0,446.8391825712498,1.2000008983647985e-06,-0.15011573551617696,0.0011199382379326723,-0.007383426998405262
0.001,0.0017,0.017,5,False,3,1,60.06644871199829,1.2095137997132075e-06,-0.021587399014544123,-0.010625707219773118,-0.0014083152321534415
0.001,0.0017,0.017,5,True,3,4,0.3886710086184158,1.2097742133068305e-06,-0.019330072624839247,0.0005084250846106804,5.625402925663098e-05
0.001,0.0017,0.017,5,False,3,6,459.10622021341067,1.2000003856330656e-06,-0.14948422253446256,9.63769613054074e-06,-0.007253598509472602
0.001,0.0017,0.017,5,False,4,1,1869.7260711304102,1.200070633107429e-06,-0.1426331446590072,-0.006890245031246758,0.016473234770009358
0.001,0.0017,0.017,5,True,4,5,0.5705983155281371,1.2128356970201186e-06,-0.0006317460538468269,-0.010592009899762667,-9.170724489369564e-05
0.001,0.0017,0.017,5,False,6,0,160.4159179634831,1.2000013552828411e-06,-0.15113916806433908,0.000702967565459504,0.0009775833217239784
0.001,0.0017,0.017,5,False,6,3,164.4980562366945,1.2000003886374932e-06,-0.15047618436082127,-0.00021277324409047077,0.0011285815947387366
0.001,0.0017,0.017,5,True,6,7,1.0366846403099197,1.2097719402341298e-06,-0.01934604205953805,-0.0004953014016438511,8.919537234907631e-05
0.001,0.0017,0.017,5,True,7,8,1.4365812634880375,1.2125097678657098e-06,-0.002554290205461677,-0.010647384744150806,-0.00013137437090339368
0.001,0.0017,0.017,5,False,7,1,1491.472793146008,1.2004397414725745e-06,-0.12618153586597788,-0.013754527504646105,0.015466894288812984
0.001,0.0017,0.017,5,False,8,2,258.93367433071273,1.2012714741937127e-06,-0.10536581746384034,0.013429946114634026,-0.005055578113815644
0.001,0.0017,0.017,5,True,0,1,0.6882658807638264,1.2098575603563978e-06,-0.018774266306583094,9.819821635125195e-05,3.808464322464117e-05
0.001,0.0017,0.017,5,False,0,3,293.5225978324005,1.2000008921537236e-06,-0.149107878258762,-0.0006779148141023199,0.005337299665803938
0.001,0.0017,0.017,5,False,0,6,311.89201061322206,1.2000014007798073e-06,-0.14869321028868138,-0.000416630941734639,0.0053161298817155835
0.001,0.0017,0.017,5,True,1,2,1.885327739265992,1.2129986976939772e-06,0.0003395563368606504,-0.010285337677648934,-0.0002878069536590644
0.001,0.0017,0.017,5,False,3,0,446.8391825712498,1.2000008983647985e-06,-0.15011573551617696,0.0011199382379326723,-0.007383426998405262
0.001,0.0017,0.017,5,False,3,1,60.06644871199829,1.2095137997132075e-06,-0.021587399014544123,-0.010625707219773118,-0.0014083152321534415
0.001,0.0017,0.017,5,True,3,4,0.3886710086184158,1.2097742133068305e-06,-0.019330072624839247,0.0005084250846106804,5.625402925663098e-05
0.001,0.0017,0.017,5,False,3,6,459.10622021341067,1.2000003856330656e-06,-0.14948422253446256,9.63769613054074e-06,-0.007253598509472602
0.001,0.0017,0.017,5,False,4,1,1869.7260711304102,1.200070633107429e-06,-0.1426331446590072,-0.006890245031246758,0.016473234770009358
0.001,0.0017,0.017,5,True,4,5,0.5705983155281371,1.2128356970201186e-06,-0.0006317460538468269,-0.010592009899762667,-9.170724489369564e-05
0.001,0.0017,0.017,5,False,6,0,160.4159179634831,1.2000013552828411e-06,-0.15113916806433908,0.000702967565459504,0.0009775833217239784
0.001,0.0017,0.017,5,False,6,3,164.4980562366945,1.2000003886374932e-06,-0.15047618436082127,-0.00021277324409047077,0.0011285815947387366
0.001,0.0017,0.017,5,True,6,7,1.0366846403099197,1.2097719402341298e-06,-0.01934604205953805,-0.0004953014016438511,8.919537234907631e-05
0.001,0.0017,0.017,5,True,7,8,1.4365812634880375,1.2125097678657098e-06,-0.002554290205461677,-0.010647384744150806,-0.00013137437090339368
0.001,0.0017,0.017,5,False,7,1,1491.472793146008,1.2004397414725745e-06,-0.12618153586597788,-0.013754527504646105,0.015466894288812984
0.001,0.0017,0.017,5,False,8,2,258.93367433071273,1.2012714741937127e-06,-0.10536581746384034,0.013429946114634026,-0.005055578113815644
0.001,0.0017,0.017,5,True,0,1,0.6882658807638264,1.2098575603563978e-06,-0.018774266306583094,9.819821635125195e-05,3.808464322464117e-05
0.001,0.0017,0.017,5,False,0,3,293.5225978324005,1.2000008921537236e-06,-0.149107878258762,-0.0006779148141023199,0.005337299665803938
0.001,0.0017,0.017,5,False,0,4,28.738836915635382,1.209621677341085e-06,-0.020701194956779835,0.008973794916838418,0.00097801356497019
0.001,0.0017,0.017,5,False,0,6,311.89201061322206,1.2000014007798073e-06,-0.14869321028868138,-0.000416630941734639,0.0053161298817155835
0.001,0.0017,0.017,5,False,0,7,82.88425138192285,1.2097316285430214e-06,-0.02103468855056807,0.018803619730271313,0.0027064132885179625
0.001,0.0017,0.017,5,True,1,2,1.885327739265992,1.2129986976939772e-06,0.0003395563368606504,-0.010285337677648934,-0.0002878069536590644
0.001,0.0017,0.017,5,False,1,4,886.4962108910726,1.200040382671506e-06,-0.14472335466721375,0.005422946370011283,-0.010772934934325249
0.001,0.0017,0.017,5,False,3,0,446.8391825712498,1.2000008983647985e-06,-0.15011573551617696,0.0011199382379326723,-0.007383426998405262
0.001,0.0017,0.017,5,False,3,1,59.177779018790794,1.2095640060252078e-06,-0.0212904791153854,-0.01110413528416959,-0.0013312922474893417
0.001,0.0017,0.017,5,True,3,4,0.3886710086184158,1.2097742133068305e-06,-0.019330072624839247,0.0005084250846106804,5.625402925663098e-05
0.001,0.0017,0.017,5,False,3,6,459.10622021341067,1.2000003856330656e-06,-0.14948422253446256,9.63769613054074e-06,-0.007253598509472602
0.001,0.0017,0.017,5,False,4,1,1296.0784000099925,1.2000749067835203e-06,-0.14724352078628453,-0.010100678846326925,0.01100553018206582
0.001,0.0017,0.017,5,True,4,5,0.5705983155281371,1.2128356970201186e-06,-0.0006317460538468269,-0.010592009899762667,-9.170724489369564e-05
0.001,0.0017,0.017,5,False,6,0,160.4159179634831,1.2000013552828411e-06,-0.15113916806433908,0.000702967565459504,0.0009775833217239784
0.001,0.0017,0.017,5,False,6,3,164.4980562366945,1.2000003886374932e-06,-0.15047618436082127,-0.00021277324409047077,0.0011285815947387366
0.001,0.0017,0.017,5,True,6,7,1.0366846403099197,1.2097719402341298e-06,-0.01934604205953805,-0.0004953014016438511,8.919537234907631e-05
0.001,0.0017,0.017,5,True,7,8,1.4365812634880375,1.2125097678657098e-06,-0.002554290205461677,-0.010647384744150806,-0.00013137437090339368
0.001,0.0017,0.017,5,False,7,1,1491.472793146008,1.2004397414725745e-06,-0.12618153586597788,-0.013754527504646105,0.015466894288812984
0.001,0.0017,0.017,5,False,8,2,258.93367433071273,1.2012714741937127e-06,-0.10536581746384034,0.013429946114634026,-0.005055578113815644
0.001,0.0017,0.017,5,True,0,1,0.6882658807638264,1.2098575603563978e-06,-0.018774266306583094,9.819821635125195e-05,3.808464322464117e-05
0.001,0.0017,0.017,5,False,0,3,293.5225978324005,1.2000008921537236e-06,-0.149107878258762,-0.0006779148141023199,0.005337299665803938
0.001,0.0017,0.017,5,False,0,4,20.18484488064005,1.2096001786164848e-06,-0.02069687210907332,0.006748980444302251,0.0008229517416080804
0.001,0.0017,0.017,5,False,0,6,311.89201061322206,1.2000014007798073e-06,-0.14869321028868138,-0.000416630941734639,0.0053161298817155835
0.001,0.0017,0.017,5,False,0,7,73.57885828079381,1.2097790002051276e-06,-0.021389623882237488,0.02321130456428839,0.0032037552983254286
0.001,0.0017,0.017,5,True,1,2,1.885327739265992,1.2129986976939772e-06,0.0003395563368606504,-0.010285337677648934,-0.0002878069536590644
0.001,0.0017,0.017,5,False,1,4,596.6439719472501,1.2000241133765236e-06,-0.1477333757246581,0.00535435769901723,-0.008986383824880395
0.001,0.0017,0.017,5,False,1,7,939.0202140486845,1.200136799528964e-06,-0.15779195400611595,0.012518735370828196,0.007951217057914652
0.001,0.0017,0.017,5,False,3,0,446.8391825712498,1.2000008983647985e-06,-0.15011573551617696,0.0011199382379326723,-0.007383426998405262
0.001,0.0017,0.017,5,False,3,1,59.177779018790794,1.2095640060252078e-06,-0.0212904791153854,-0.01110413528416959,-0.0013312922474893417
0.001,0.0017,0.017,5,True,3,4,0.3886710086184158,1.2097742133068305e-06,-0.019330072624839247,0.0005084250846106804,5.625402925663098e-05
0.001,0.0017,0.017,5,False,3,6,459.10622021341067,1.2000003856330656e-06,-0.14948422253446256,9.63769613054074e-06,-0.007253598509472602
0.001,0.0017,0.017,5,False,4,1,1296.0784000099925,1.2000749067835203e-06,-0.14724352078628453,-0.010100678846326925,0.01100553018206582
0.001,0.0017,0.017,5,True,4,5,0.5705983155281371,1.2128356970201186e-06,-0.0006317460538468269,-0.010592009899762667,-9.170724489369564e-05
0.001,0.0017,0.017,5,False,6,0,160.4159179634831,1.2000013552828411e-06,-0.15113916806433908,0.000702967565459504,0.0009775833217239784
0.001,0.0017,0.017,5,False,6,3,164.4980562366945,1.2000003886374932e-06,-0.15047618436082127,-0.00021277324409047077,0.0011285815947387366
0.001,0.0017,0.017,5,True,6,7,1.0366846403099197,1.2097719402341298e-06,-0.01934604205953805,-0.0004953014016438511,8.919537234907631e-05
0.001,0.0017,0.017,5,False,6,1,59.63771989814245,1.209584127449193e-06,-0.021691489672939716,-0.016367184815575517,-0.0022173661200839373
0.001,0.0017,0.017,5,True,7,8,1.4365812634880375,1.2125097678657098e-06,-0.002554290205461677,-0.010647384744150806,-0.00013137437090339368
0.001,0.0017,0.017,5,False,7,1,1491.472793146008,1.2004397414725745e-06,-0.12618153586597788,-0.013754527504646105,0.015466894288812984
0.001,0.0017,0.017,5,False,8,2,258.93367433071273,1.2012714741937127e-06,-0.10536581746384034,0.013429946114634026,-0.005055578113815644
0.001,0.0017,0.017,5,True,0,1,0.6882658807638264,1.2098575603563978e-06,-0.018774266306583094,9.819821635125195e-05,3.808464322464117e-05
0.001,0.0017,0.017,5,False,0,3,293.5225978324005,1.2000008921537236e-06,-0.149107878258762,-0.0006779148141023199,0.005337299665803938
0.001,0.0017,0.017,5,False,0,4,20.18484488064005,1.2096001786164848e-06,-0.02069687210907332,0.006748980444302251,0.0008229517416080804
0.001,0.0017,0.017,5,False,0,6,311.89201061322206,1.2000014007798073e-06,-0.14869321028868138,-0.000416630941734639,0.0053161298817155835
0.001,0.0017,0.017,5,False,0,7,73.57885828079381,1.2097790002051276e-06,-0.021389623882237488,0.02321130456428839,0.0032037552983254286
0.001,0.0017,0.017,5,True,1,2,1.885327739265992,1.2129986976939772e-06,0.0003395563368606504,-0.010285337677648934,-0.0002878069536590644
0.001,0.0017,0.017,5,False,1,4,596.6439719472501,1.2000241133765236e-06,-0.1477333757246581,0.00535435769901723,-0.008986383824880395
0.001,0.0017,0.017,5,False,1,7,1182.8430094303676,1.2001371767266777e-06,-0.15964552489798495,0.010972943308390007,0.004560915051375917
0.001,0.0017,0.017,5,False,3,0,446.8391825712498,1.2000008983647985e-06,-0.15011573551617696,0.0011199382379326723,-0.007383426998405262
0.001,0.0017,0.017,5,False,3,1,59.177779018790794,1.2095640060252078e-06,-0.0212904791153854,-0.01110413528416959,-0.0013312922474893417
0.001,0.0017,0.017,5,True,3,4,0.3886710086184158,1.2097742133068305e-06,-0.019330072624839247,0.0005084250846106804,5.625402925663098e-05
0.001,0.0017,0.017,5,False,3,6,459.10622021341067,1.2000003856330656e-06,-0.14948422253446256,9.63769613054074e-06,-0.007253598509472602
0.001,0.0017,0.017,5,False,4,1,1296.0784000099925,1.2000749067835203e-06,-0.14724352078628453,-0.010100678846326925,0.01100553018206582
0.001,0.0017,0.017,5,True,4,5,0.5705983155281371,1.2128356970201186e-06,-0.0006317460538468269,-0.010592009899762667,-9.170724489369564e-05
0.001,0.0017,0.017,5,False,6,0,160.4159179634831,1.2000013552828411e-06,-0.15113916806433908,0.000702967565459504,0.0009775833217239784
0.001,0.0017,0.017,5,False,6,3,164.4980562366945,1.2000003886374932e-06,-0.15047618436082127,-0.00021277324409047077,0.0011285815947387366
0.001,0.0017,0.017,5,True,6,7,1.0366846403099197,1.2097719402341298e-06,-0.01934604205953805,-0.0004953014016438511,8.919537234907631e-05
0.001,0.0017,0.017,5,False,6,1,86.96763925376777,1.2094895416311667e-06,-0.0220502894737875,-0.013398458721894555,-0.001887220044813652
0.001,0.0017,0.017,5,True,7,8,1.4365812634880375,1.2125097678657098e-06,-0.002554290205461677,-0.010647384744150806,-0.00013137437090339368
0.001,0.0017,0.017,5,False,7,1,572.3682732225033,1.20027697298583e-06,-0.13912970618902046,-0.01804556088893716,0.00848661353590311
0.001,0.0017,0.017,5,False,8,2,258.93367433071273,1.2012714741937127e-06,-0.10536581746384034,0.013429946114634026,-0.005055578113815644
0.001,0.0017,0.017,5,True,0,1,0.8126805981462063,1.209721006600541e-06,-0.019688273184449323,0.0007212649001032174,-4.114571489488961e-05
0.001,0.0017,0.017,5,False,0,3,1048.614621504309,1.2000006656253705e-06,-0.1499227877568407,0.0008603368789964223,-0.012536678514254128
0.001,0.0017,0.017,5,False,0,4,20.18484488064005,1.2096001786164848e-06,-0.02069687210907332,0.006748980444302251,0.0008229517416080804
0.001,0.0017,0.017,5,False,0,6,1085.0430159399357,1.2000004012524554e-06,-0.14929678708336847,-0.00036488446741930877,-0.012768214180341558
0.001,0.0017,0.017,5,False,0,7,73.57885828079381,1.2097790002051276e-06,-0.021389623882237488,0.02321130456428839,0.0032037552983254286
0.001,0.0017,0.017,5,True,1,2,1.38750671276135,1.2129107178904494e-06,-0.00018127478572823067,-0.010403820668095394,-0.00021425202957661547
0.001,0.0017,0.017,5,False,1,4,596.6439719472501,1.2000241133765236e-06,-0.1477333757246581,0.00535435769901723,-0.008986383824880395
0.001,0.0017,0.017,5,False,1,7,1182.8430094303676,1.2001371767266777e-06,-0.15964552489798495,0.010972943308390007,0.004560915051375917
0.001,0.0017,0.017,5,False,3,0,1483.316209523255,1.2000006481137808e-06,-0.15029661440781833,-0.0007897760559387618,-0.015372847562074953
0.001,0.0017,0.017,5,False,3,1,59.177779018790794,1.2095640060252078e-06,-0.0212904791153854,-0.01110413528416959,-0.0013312922474893417
0.001,0.0017,0.017,5,True,3,4,0.5444913617645737,1.209715447358956e-06,-0.0197238416232118,-0.0006104005485062156,0.00013258140683580433
0.001,0.0017,0.017,5,False,3,6,1560.347148825528,1.200001143137935e-06,-0.1496445600701891,-0.0012740416135264586,-0.015740873551063364
0.001,0.0017,0.017,5,False,4,1,1296.0784000099925,1.2000749067835203e-06,-0.14724352078628453,-0.010100678846326925,0.01100553018206582
0.001,0.0017,0.017,5,True,4,5,0.4516853450977556,1.2128610078442267e-06,-0.00045342297278266,-0.010155435849080886,-8.792294153948356e-06
0.001,0.0017,0.017,5,False,6,0,1137.5089018331842,1.200000423460488e-06,-0.15068716091050136,0.00044621083352334095,-0.013536557505080525
0.001,0.0017,0.017,5,False,6,3,1156.523759075389,1.2000009639899064e-06,-0.1505112177151298,0.0010658806305611172,-0.01367304782797093
0.001,0.0017,0.017,5,True,6,7,0.7802650438529629,1.209630234643313e-06,-0.02029924730805779,0.0010141021425269434,0.0001434062752796276
0.001,0.0017,0.017,5,False,6,1,86.96763925376777,1.2094895416311667e-06,-0.0220502894737875,-0.013398458721894555,-0.001887220044813652
0.001,0.0017,0.017,5,True,7,8,1.2702708051321978,1.2128924058364206e-06,-0.00027010576001774663,-0.010147133814273112,0.00023264571448234887
0.001,0.0017,0.017,5,False,7,1,896.9057956837372,1.2001050560565863e-06,-0.14919489860199392,-0.010638317611768014,0.010004572949902873
0.001,0.0017,0.017,5,False,8,2,258.93367433071273,1.2012714741937127e-06,-0.10536581746384034,0.013429946114634026,-0.005055578113815644
0.001,0.0017,0.017,5,True,0,1,0.9068449123192686,1.209718302896031e-06,-0.01970523053322622,0.0005213983565976669,-9.968855974911209e-05
0.001,0.0017,0.017,5,False,0,3,1191.2152139128088,1.2000003199338593e-06,-0.1502832805339048,0.0005268018977793896,-0.013873739964326134
0.001,0.0017,0.017,5,False,0,4,20.18484488064005,1.2096001786164848e-06,-0.02069687210907332,0.006748980444302251,0.0008229517416080804
0.001,0.0017,0.017,5,False,0,6,1261.8049145036616,1.2000003813861102e-06,-0.14943909500632144,-0.0005544801778853311,-0.014320078302512036
0.001,0.0017,0.017,5,False,0,7,73.57885828079381,1.2097790002051276e-06,-0.021389623882237488,0.02321130456428839,0.0032037552983254286
0.001,0.0017,0.017,5,True,1,2,1.0957425188418797,1.2129077365697656e-06,-0.00019102236186091778,-0.010293703256394561,-0.00011897053607341028
0.001,0.0017,0.017,5,False,1,4,596.6439719472501,1.2000241133765236e-06,-0.1477333757246581,0.00535435769901723,-0.008986383824880395
0.001,0.0017,0.017,5,False,1,7,1182.8430094303676,1.2001371767266777e-06,-0.15964552489798495,0.010972943308390007,0.004560915051375917
0.001,0.0017,0.017,5,False,3,0,1649.5149673776898,1.200000332045238e-06,-0.14982660028016495,-0.0005928766278326331,-0.016424777894109146
0.001,0.0017,0.017,5,False,3,1,59.177779018790794,1.2095640060252078e-06,-0.0212904791153854,-0.01110413528416959,-0.0013312922474893417
0.001,0.0017,0.017,5,True,3,4,0.5693703674455303,1.2097270853366045e-06,-0.01964578063073797,-0.0005971054625844482,0.000195329899030868
0.001,0.0017,0.017,5,False,3,6,1752.196551366369,1.2000011574076793e-06,-0.14935510678616215,-0.0012074624958525412,-0.016913948911221267
0.001,0.0017,0.017,5,False,4,1,1296.0784000099925,1.2000749067835203e-06,-0.14724352078628453,-0.010100678846326925,0.01100553018206582
0.001,0.0017,0.017,5,True,4,5,0.6311778159348653,1.2128249103374905e-06,-0.0006489978248626563,-0.009919401032000836,-2.2599482495121536e-05
0.001,0.0017,0.017,5,False,6,0,1089.832503832357,1.2000003617223979e-06,-0.1505435967021404,0.0005365826972131026,-0.013089064383527648
0.001,0.0017,0.017,5,False,6,3,1099.6112897708613,1.2000011373086136e-06,-0.15094851416272162,0.000966785408895414,-0.013131897062452585
0.001,0.0017,0.017,5,True,6,7,0.6933539697333677,1.209610210904778e-06,-0.02043411439688603,0.0010183708808656241,0.0001714398189127277
0.001,0.0017,0.017,5,False,6,1,86.96763925376777,1.2094895416311667e-06,-0.0220502894737875,-0.013398458721894555,-0.001887220044813652
0.001,0.0017,0.017,5,True,7,8,1.081341635468808,1.2129101939962237e-06,-0.00015641536100306034,-0.009998743530009986,0.0001896968046036853
0.001,0.0017,0.017,5,False,7,1,896.9057956837372,1.2001050560565863e-06,-0.14919489860199392,-0.010638317611768014,0.010004572949902873
0.001,0.0017,0.017,5,False,8,2,258.93367433071273,1.2012714741937127e-06,-0.10536581746384034,0.013429946114634026,-0.005055578113815644
0.001,0.0017,0.017,5,True,0,1,0.9068449123192686,1.209718302896031e-06,-0.01970523053322622,0.0005213983565976669,-9.968855974911209e-05
0.001,0.0017,0.017,5,False,0,3,1191.2152139128088,1.2000003199338593e-06,-0.1502832805339048,0.0005268018977793896,-0.013873739964326134
0.001,0.0017,0.017,5,False,0,4,20.18484488064005,1.2096001786164848e-06,-0.02069687210907332,0.006748980444302251,0.0008229517416080804
0.001,0.0017,0.017,5,False,0,6,1261.8049145036616,1.2000003813861102e-06,-0.14943909500632144,-0.0005544801778853311,-0.014320078302512036
0.001,0.0017,0.017,5,False,0,7,73.57885828079381,1.2097790002051276e-06,-0.021389623882237488,0.02321130456428839,0.0032037552983254286
0.001,0.0017,0.017,5,True,1,2,1.0957425188418797,1.2129077365697656e-06,-0.00019102236186091778,-0.010293703256394561,-0.00011897053607341028
0.001,0.0017,0.017,5,False,1,4,596.6439719472501,1.2000241133765236e-06,-0.1477333757246581,0.00535435769901723,-0.008986383824880395
0.001,0.0017,0.017,5,False,1,7,1182.8430094303676,1.2001371767266777e-06,-0.15964552489798495,0.010972943308390007,0.004560915051375917
0.001,0.0017,0.017,5,False,3,0,1649.5149673776898,1.200000332045238e-06,-0.14982660028016495,-0.0005928766278326331,-0.016424777894109146
0.001,0.0017,0.017,5,False,3,1,56.11731491741492,1.209706769596027e-06,-0.021238287050387047,-0.019302427437641555,-0.002730661034940003
0.001,0.0017,0.017,5,True,3,4,0.5693703674455303,1.2097270853366045e-06,-0.01964578063073797,-0.0005971054625844482,0.000195329899030868
0.001,0.0017,0.017,5,False,3,6,1752.196551366369,1.2000011574076793e-06,-0.14935510678616215,-0.0012074624958525412,-0.016913948911221267
0.001,0.0017,0.017,5,False,4,1,361.849645782628,1.2002109143174897e-06,-0.14096377070918192,-0.016737491351802348,0.006250146324867455
0.001,0.0017,0.017,5,True,4,5,0.6311778159348653,1.2128249103374905e-06,-0.0006489978248626563,-0.009919401032000836,-2.2599482495121536e-05
0.001,0.0017,0.017,5,False,6,0,1089.832503832357,1.2000003617223979e-06,-0.1505435967021404,0.0005365826972131026,-0.013089064383527648
0.001,0.0017,0.017,5,False,6,3,1099.6112897708613,1.2000011373086136e-06,-0.15094851416272162,0.000966785408895414,-0.013131897062452585
0.001,0.0017,0.017,5,True,6,7,0.6933539697333677,1.209610210904778e-06,-0.02043411439688603,0.0010183708808656241,0.0001714398189127277
0.001,0.0017,0.017,5,False,6,1,86.96763925376777,1.2094895416311667e-06,-0.0220502894737875,-0.013398458721894555,-0.001887220044813652
0.001,0.0017,0.017,5,True,7,8,1.081341635468808,1.2129101939962237e-06,-0.00015641536100306034,-0.009998743530009986,0.0001896968046036853
0.001,0.0017,0.017,5,False,7,1,896.9057956837372,1.2001050560565863e-06,-0.14919489860199392,-0.010638317611768014,0.010004572949902873
0.001,0.0017,0.017,5,False,8,2,258.93367433071273,1.2012714741937127e-06,-0.10536581746384034,0.013429946114634026,-0.005055578113815644
0.001,0.0017,0.017,5,True,0,1,0.9068449123192686,1.209718302896031e-06,-0.01970523053322622,0.0005213983565976669,-9.968855974911209e-05
0.001,0.0017,0.017,5,False,0,3,1191.2152139128088,1.2000003199338593e-06,-0.1502832805339048,0.0005268018977793896,-0.013873739964326134
0.001,0.0017,0.017,5,False,0,4,57.05248043676677,1.209776610802933e-06,-0.021035547645097564,0.021096934919206778,0.002881683362908213
0.001,0.0017,0.017,5,False,0,6,1261.8049145036616,1.2000003813861102e-06,-0.14943909500632144,-0.0005544801778853311,-0.014320078302512036
0.001,0.0017,0.017,5,False,0,7,73.57885828079381,1.2097790002051276e-06,-0.021389623882237488,0.02321130456428839,0.0032037552983254286
0.001,0.0017,0.017,5,True,1,2,1.0957425188418797,1.2129077365697656e-06,-0.00019102236186091778,-0.010293703256394561,-0.00011897053607341028
0.001,0.0017,0.017,5,False,1,4,207.40239428160885,1.200222066469851e-06,-0.14376750782759576,0.01849135313448352,-0.0033439072786451466
0.001,0.0017,0.017,5,False,1,7,1182.8430094303676,1.2001371767266777e-06,-0.15964552489798495,0.010972943308390007,0.004560915051375917
0.001,0.0017,0.017,5,False,3,0,1649.5149673776898,1.200000332045238e-06,-0.14982660028016495,-0.0005928766278326331,-0.016424777894109146
0.001,0.0017,0.017,5,False,3,1,53.23940269000902,1.2097871372599134e-06,-0.020922910802234684,-0.02083723475203214,-0.0027799292350111303
0.001,0.0017,0.017,5,True,3,4,0.5693703674455303,1.2097270853366045e-06,-0.01964578063073797,-0.0005971054625844482,0.000195329899030868
0.001,0.0017,0.017,5,False,3,6,1752.196551366369,1.2000011574076793e-06,-0.14935510678616215,-0.0012074624958525412,-0.016913948911221267
0.001,0.0017,0.017,5,False,4,1,765.3039744691312,1.2002203715517783e-06,-0.13862322924292797,-0.01574840376482394,0.009817663366618146
0.001,0.0017,0.017,5,True,4,5,0.6311778159348653,1.2128249103374905e-06,-0.0006489978248626563,-0.009919401032000836,-2.2599482495121536e-05
0.001,0.0017,0.017,5,False,4,7,464.046081558983,1.2000883877972442e-06,-0.1417863938216107,-0.005880012822914203,0.0022836340664865763
0.001,0.0017,0.017,5,False,6,0,1089.832503832357,1.2000003617223979e-06,-0.1505435967021404,0.0005365826972131026,-0.013089064383527648
0.001,0.0017,0.017,5,False,6,3,1099.6112897708613,1.2000011373086136e-06,-0.15094851416272162,0.000966785408895414,-0.013131897062452585
0.001,0.0017,0.017,5,True,6,7,0.6933539697333677,1.209610210904778e-06,-0.02043411439688603,0.0010183708808656241,0.0001714398189127277
0.001,0.0017,0.017,5,False,6,1,86.96763925376777,1.2094895416311667e-06,-0.0220502894737875,-0.013398458721894555,-0.001887220044813652
0.001,0.0017,0.017,5,True,7,8,1.081341635468808,1.2129101939962237e-06,-0.00015641536100306034,-0.009998743530009986,0.0001896968046036853
0.001,0.0017,0.017,5,False,7,1,896.9057956837372,1.2001050560565863e-06,-0.14919489860199392,-0.010638317611768014,0.010004572949902873
0.001,0.0017,0.017,5,False,8,2,258.93367433071273,1.2012714741937127e-06,-0.10536581746384034,0.013429946114634026,-0.005055578113815644
0.001,0.0017,0.009,5,True,0,1,0.9523161190390615,1.2094866484800486e-06,-0.019823415053341415,0.0006111730813102332,0.000183586948509365
0.001,0.0017,0.009,5,False,0,3,79.64464399183505,1.2000001699752e-06,-0.1499093399117599,0.000253752630475528,0.004707145715205433
0.001,0.0017,0.009,5,False,0,6,71.87593730917919,1.2000004397081949e-06,-0.15056962168838572,0.000493980308714865,0.0040785028474237695
0.001,0.0017,0.009,5,True,1,2,0.6659082816682187,1.2125221326225974e-06,-0.0008158915336515469,-0.010619389431505819,-0.0002643156780474803
0.001,0.0017,0.009,5,False,3,0,1151.4529507847897,1.2000002326333148e-06,-0.14990123760214596,-0.0004344497147511649,0.019398370082071115
0.001,0.0017,0.009,5,True,3,4,0.6115073712146452,1.2093712312959048e-06,-0.020617202049925842,0.0004099240331829672,-0.00022367472808714533
0.001,0.0017,0.009,5,False,3,6,1163.1332039236815,1.2000003458781909e-06,-0.1506224318230255,5.2935135572410785e-06,0.019265677764843444
0.001,0.0017,0.009,5,True,4,5,1.9390121419670319,1.2127269723904986e-06,0.00044299053530585394,-0.010076487956887247,0.00020037076929897086
0.001,0.0017,0.009,5,False,6,0,1871.5101793114081,1.200000445777795e-06,-0.14928578902048967,-0.00026567204655427443,0.025774203834589764
0.001,0.0017,0.009,5,False,6,3,1958.2308499164778,1.2000002795068188e-06,-0.14950526652675178,9.662229933854862e-05,0.02627015446101173
0.001,0.0017,0.009,5,True,6,7,1.1348341809302824,1.2093424323494491e-06,-0.02081635422947402,-0.0004485829378394303,-0.00018043811354125555
0.001,0.0017,0.009,5,True,7,8,1.1544719695168066,1.2126718523916708e-06,0.0001621583031882711,-0.009346462676201078,2.4214509402141754e-05
0.001,0.0017,0.009,5,True,0,1,1.0903257943924136,1.2095351658618471e-06,-0.019491160968484057,0.0006949509815252526,0.000248971193956074
0.001,0.0017,0.009,5,False,0,3,139.54505951659468,1.2000002426406502e-06,-0.15004607185254776,0.0003899385559301219,0.007948245690600337
0.001,0.0017,0.009,5,False,0,6,130.46120505957228,1.2000005214783166e-06,-0.14999773975276534,0.0009208799505650021,0.007454527253379703
0.001,0.0017,0.009,5,True,1,2,1.1089331553757904,1.2125263618840234e-06,-0.0007422717272945538,-0.009903618833437593,-0.0002210093596125611
0.001,0.0017,0.009,5,False,3,0,1281.7698167062395,1.200000307496686e-06,-0.149765282154426,-0.00047894613813499927,0.024876209465795624
0.001,0.0017,0.009,5,True,3,4,1.1687399711041433,1.209482124527748e-06,-0.019855307187088795,0.0004358656147727607,-1.4320447108267836e-05
0.001,0.0017,0.009,5,False,3,6,1301.569821966605,1.2000003245915397e-06,-0.14993758856360087,0.0003734057180089256,0.025102840888323232
0.001,0.0017,0.009,5,True,4,5,1.8194101554952689,1.212621324904169e-06,-0.0001946118266267599,-0.010209404102927665,-8.422802033664505e-05
0.001,0.0017,0.009,5,False,6,0,3415.3884386975856,1.2000004318161174e-06,-0.14962012869566557,-0.0007235851725758953,0.038663140038118174
0.001,0.0017,0.009,5,False,6,3,3541.642823856147,1.2000004428722102e-06,-0.14984400396181596,-0.0005971925424213801,0.03938348989787616
0.001,0.0017,0.009,5,True,6,7,1.0854226313547921,1.2093723091388554e-06,-0.020611240550307105,-0.0006671257697703272,-0.00040878190817779283
0.001,0.0017,0.009,5,True,7,8,1.0103253261151215,1.2126958263729947e-06,0.0003134431862371806,-0.009207475877300081,8.94745427886465e-05
0.001,0.0017,0.009,5,True,0,1,1.0903257943924136,1.2095351658618471e-06,-0.019491160968484057,0.0006949509815252526,0.000248971193956074
0.001,0.0017,0.009,5,False,0,3,139.54505951659468,1.2000002426406502e-06,-0.15004607185254776,0.0003899385559301219,0.007948245690600337
0.001,0.0017,0.009,5,False,0,6,130.46120505957228,1.2000005214783166e-06,-0.14999773975276534,0.0009208799505650021,0.007454527253379703
0.001,0.0017,0.009,5,True,1,2,1.1089331553757904,1.2125263618840234e-06,-0.0007422717272945538,-0.009903618833437593,-0.0002210093596125611
0.001,0.0017,0.009,5,False,3,0,1281.7698167062395,1.200000307496686e-06,-0.149765282154426,-0.00047894613813499927,0.024876209465795624
0.001,0.0017,0.009,5,True,3,4,1.1687399711041433,1.209482124527748e-06,-0.019855307187088795,0.0004358656147727607,-1.4320447108267836e-05
0.001,0.0017,0.009,5,False,3,6,1301.569821966605,1.2000003245915397e-06,-0.14993758856360087,0.0003734057180089256,0.025102840888323232
0.001,0.0017,0.009,5,True,4,5,1.8194101554952689,1.212621324904169e-06,-0.0001946118266267599,-0.010209404102927665,-8.422802033664505e-05
0.001,0.0017,0.009,5,False,6,0,3415.3884386975856,1.2000004318161174e-06,-0.14962012869566557,-0.0007235851725758953,0.038663140038118174
0.001,0.0017,0.009,5,False,6,3,3541.642823856147,1.2000004428722102e-06,-0.14984400396181596,-0.0005971925424213801,0.03938348989787616
0.001,0.0017,0.009,5,True,6,7,1.0854226313547921,1.2093723091388554e-06,-0.020611240550307105,-0.0006671257697703272,-0.00040878190817779283
0.001,0.0017,0.009,5,True,7,8,1.0103253261151215,1.2126958263729947e-06,0.0003134431862371806,-0.009207475877300081,8.94745427886465e-05
0.001,0.0017,0.009,5,True,0,1,1.0903257943924136,1.2095351658618471e-06,-0.019491160968484057,0.0006949509815252526,0.000248971193956074
0.001,0.0017,0.009,5,False,0,3,139.54505951659468,1.2000002426406502e-06,-0.15004607185254776,0.0003899385559301219,0.007948245690600337
0.001,0.0017,0.009,5,False,0,6,130.46120505957228,1.2000005214783166e-06,-0.14999773975276534,0.0009208799505650021,0.007454527253379703
0.001,0.0017,0.009,5,True,1,2,1.1089331553757904,1.2125263618840234e-06,-0.0007422717272945538,-0.009903618833437593,-0.0002210093596125611
0.001,0.0017,0.009,5,False,3,0,1281.7698167062395,1.200000307496686e-06,-0.149765282154426,-0.00047894613813499927,0.024876209465795624
0.001,0.0017,0.009,5,True,3,4,1.1687399711041433,1.209482124527748e-06,-0.019855307187088795,0.0004358656147727607,-1.4320447108267836e-05
0.001,0.0017,0.009,5,False,3,6,1301.569821966605,1.2000003245915397e-06,-0.14993758856360087,0.0003734057180089256,0.025102840888323232
0.001,0.0017,0.009,5,True,4,5,1.8194101554952689,1.212621324904169e-06,-0.0001946118266267599,-0.010209404102927665,-8.422802033664505e-05
0.001,0.0017,0.009,5,False,6,0,3415.3884386975856,1.2000004318161174e-06,-0.14962012869566557,-0.0007235851725758953,0.038663140038118174
0.001,0.0017,0.009,5,False,6,3,3541.642823856147,1.2000004428722102e-06,-0.14984400396181596,-0.0005971925424213801,0.03938348989787616
0.001,0.0017,0.009,5,True,6,7,1.0854226313547921,1.2093723091388554e-06,-0.020611240550307105,-0.0006671257697703272,-0.00040878190817779283
0.001,0.0017,0.009,5,True,7,8,1.0103253261151215,1.2126958263729947e-06,0.0003134431862371806,-0.009207475877300081,8.94745427886465e-05
0.001,0.0017,0.009,5,True,0,1,1.0903257943924136,1.2095351658618471e-06,-0.019491160968484057,0.0006949509815252526,0.000248971193956074
0.001,0.0017,0.009,5,False,0,3,139.54505951659468,1.2000002426406502e-06,-0.15004607185254776,0.0003899385559301219,0.007948245690600337
0.001,0.0017,0.009,5,False,0,6,130.46120505957228,1.2000005214783166e-06,-0.14999773975276534,0.0009208799505650021,0.007454527253379703
0.001,0.0017,0.009,5,True,1,2,1.1089331553757904,1.2125263618840234e-06,-0.0007422717272945538,-0.009903618833437593,-0.0002210093596125611
0.001,0.0017,0.009,5,False,3,0,1281.7698167062395,1.200000307496686e-06,-0.149765282154426,-0.00047894613813499927,0.024876209465795624
0.001,0.0017,0.009,5,True,3,4,1.1687399711041433,1.209482124527748e-06,-0.019855307187088795,0.0004358656147727607,-1.4320447108267836e-05
0.001,0.0017,0.009,5,False,3,6,1301.569821966605,1.2000003245915397e-06,-0.14993758856360087,0.0003734057180089256,0.025102840888323232
0.001,0.0017,0.009,5,True,4,5,1.8194101554952689,1.212621324904169e-06,-0.0001946118266267599,-0.010209404102927665,-8.422802033664505e-05
0.001,0.0017,0.009,5,False,6,0,3415.3884386975856,1.2000004318161174e-06,-0.14962012869566557,-0.0007235851725758953,0.038663140038118174
0.001,0.0017,0.009,5,False,6,3,3541.642823856147,1.2000004428722102e-06,-0.14984400396181596,-0.0005971925424213801,0.03938348989787616
0.001,0.0017,0.009,5,True,6,7,1.0854226313547921,1.2093723091388554e-06,-0.020611240550307105,-0.0006671257697703272,-0.00040878190817779283
0.001,0.0017,0.009,5,True,7,8,1.0103253261151215,1.2126958263729947e-06,0.0003134431862371806,-0.009207475877300081,8.94745427886465e-05
0.001,0.0017,0.009,5,True,0,1,1.0903257943924136,1.2095351658618471e-06,-0.019491160968484057,0.0006949509815252526,0.000248971193956074
0.001,0.0017,0.009,5,False,0,3,139.54505951659468,1.2000002426406502e-06,-0.15004607185254776,0.0003899385559301219,0.007948245690600337
0.001,0.0017,0.009,5,False,0,6,130.46120505957228,1.2000005214783166e-06,-0.14999773975276534,0.0009208799505650021,0.007454527253379703
0.001,0.0017,0.009,5,True,1,2,1.1089331553757904,1.2125263618840234e-06,-0.0007422717272945538,-0.009903618833437593,-0.0002210093596125611
0.001,0.0017,0.009,5,False,3,0,1281.7698167062395,1.200000307496686e-06,-0.149765282154426,-0.00047894613813499927,0.024876209465795624
0.001,0.0017,0.009,5,True,3,4,1.1687399711041433,1.209482124527748e-06,-0.019855307187088795,0.0004358656147727607,-1.4320447108267836e-05
0.001,0.0017,0.009,5,False,3,6,1301.569821966605,1.2000003245915397e-06,-0.14993758856360087,0.0003734057180089256,0.025102840888323232
0.001,0.0017,0.009,5,True,4,5,1.8194101554952689,1.212621324904169e-06,-0.0001946118266267599,-0.010209404102927665,-8.422802033664505e-05
0.001,0.0017,0.009,5,False,6,0,3415.3884386975856,1.2000004318161174e-06,-0.14962012869566557,-0.0007235851725758953,0.038663140038118174
0.001,0.0017,0.009,5,False,6,3,3541.642823856147,1.2000004428722102e-06,-0.14984400396181596,-0.0005971925424213801,0.03938348989787616
0.001,0.0017,0.009,5,True,6,7,1.0854226313547921,1.2093723091388554e-06,-0.020611240550307105,-0.0006671257697703272,-0.00040878190817779283
0.001,0.0017,0.009,5,True,7,8,1.0103253261151215,1.2126958263729947e-06,0.0003134431862371806,-0.009207475877300081,8.94745427886465e-05
0.001,0.0017,0.009,5,True,0,1,0.8332319327963681,1.2094674950791944e-06,-0.01995381001455625,-3.785611449340325e-05,-2.988783847715289e-05
0.001,0.0017,0.009,5,False,0,3,5929.634272936972,1.2000003201215853e-06,-0.15028011800320834,-0.00026991595028397176,0.054211602028305446
0.001,0.0017,0.009,5,False,0,6,5826.2042786234,1.2000001494338763e-06,-0.15012608847624967,0.0003573358933259177,0.05383184454070015
0.001,0.0017,0.009,5,True,1,2,1.5194086666121067,1.2126211471161788e-06,-0.00016334740297652744,-0.009715682935583808,-0.0003262167432439063
0.001,0.0017,0.009,5,False,3,0,1290.528709552787,1.2000003506397637e-06,-0.14965131587692793,0.00030175561997626435,-0.017209000131432006
0.001,0.0017,0.009,5,True,3,4,1.3598799034761857,1.209554764076476e-06,-0.01935757333122303,0.0006941213571048671,-0.00020099900017136007
0.001,0.0017,0.009,5,False,3,6,1328.422482318298,1.2000003592078654e-06,-0.14955550663224101,0.0004442882201683602,-0.017717348898702304
0.001,0.0017,0.009,5,True,4,5,1.4695071392688153,1.2124615135612054e-06,-0.0011379504965235699,-0.010020173248541398,6.670366584096003e-05
0.001,0.0017,0.009,5,False,6,0,4854.463901893027,1.200000099161428e-06,-0.1499047753342356,-0.00018306615568462888,0.04833259301585786
0.001,0.0017,0.009,5,False,6,3,4814.880318989106,1.2000003643553045e-06,-0.14981662457795727,-0.0006096572778788438,0.04820400173617684
0.001,0.0017,0.009,5,True,6,7,0.7480055534342943,1.2094114381298582e-06,-0.020339618761723095,0.0002247503900565175,-0.0002400062364471881
0.001,0.0017,0.009,5,True,7,8,1.3002041688973864,1.2125347972205572e-06,-0.000745102193955732,-0.010687357524809784,-0.00015818933279941188
0.001,0.0017,0.009,5,True,0,1,1.0430327948154887,1.2095643672325875e-06,-0.01929175795917845,-0.0004948270498314123,-0.00011196004924750852
0.001,0.0017,0.009,5,False,0,3,6841.692221876447,1.200000362556437e-06,-0.14956167301659026,-0.000291477281308847,0.0600983142331916
0.001,0.0017,0.009,5,False,0,6,6678.403274155566,1.2000002343101936e-06,-0.14961941167869675,-0.00018611607577283216,0.05937498049535144
0.001,0.0017,0.009,5,True,1,2,1.437163224121229,1.212671920568361e-06,0.0001914037803317461,-0.008871691291526042,-0.0002844267607182868
0.001,0.0017,0.009,5,False,3,0,2010.1121000652547,1.2000002981770057e-06,-0.14964833589345158,0.00015515236022273373,-0.028219157410374222
0.001,0.0017,0.009,5,True,3,4,1.6035532515346258,1.2095947066255252e-06,-0.01908491915104877,0.0006961206520999356,-0.0002674215242395727
0.001,0.0017,0.009,5,False,3,6,2084.529312898968,1.2000000353401163e-06,-0.14991535586318497,-0.0001380552933103175,-0.029008837008328178
0.001,0.0017,0.009,5,True,4,5,1.4470891387379634,1.2124426895743487e-06,-0.0012353054917455498,-0.009785514974961919,5.4179472467252805e-05
0.001,0.0017,0.009,5,False,6,0,3099.9735672478846,1.200000203232104e-06,-0.15005182238342088,0.00033817128413393774,0.035958191756171654
0.001,0.0017,0.009,5,False,6,3,3073.5438827009607,1.2000000352304245e-06,-0.15016124844373152,-1.5783002254029406e-06,0.035891845896063486
0.001,0.0017,0.009,5,True,6,7,0.45210106952816853,1.2094061034781976e-06,-0.020380404495714433,0.0010838276264919227,-4.2506693801036766e-05
0.001,0.0017,0.009,5,True,7,8,1.2311212723450606,1.2125047644622023e-06,-0.0009070123401977566,-0.010436608988150022,-0.0001959118088634851
0.001,0.0017,0.009,5,True,0,1,1.0430327948154887,1.2095643672325875e-06,-0.01929175795917845,-0.0004948270498314123,-0.00011196004924750852
0.001,0.0017,0.009,5,False,0,3,6841.692221876447,1.200000362556437e-06,-0.14956167301659026,-0.000291477281308847,0.0600983142331916
0.001,0.0017,0.009,5,False,0,6,6678.403274155566,1.2000002343101936e-06,-0.14961941167869675,-0.00018611607577283216,0.05937498049535144
0.001,0.0017,0.009,5,True,1,2,1.437163224121229,1.212671920568361e-06,0.0001914037803317461,-0.008871691291526042,-0.0002844267607182868
0.001,0.0017,0.009,5,False,3,0,2010.1121000652547,1.2000002981770057e-06,-0.14964833589345158,0.00015515236022273373,-0.028219157410374222
0.001,0.0017,0.009,5,True,3,4,1.6035532515346258,1.2095947066255252e-06,-0.01908491915104877,0.0006961206520999356,-0.0002674215242395727
0.001,0.0017,0.009,5,False,3,6,2084.529312898968,1.2000000353401163e-06,-0.14991535586318497,-0.0001380552933103175,-0.029008837008328178
0.001,0.0017,0.009,5,True,4,5,1.4470891387379634,1.2124426895743487e-06,-0.0012353054917455498,-0.009785514974961919,5.4179472467252805e-05
0.001,0.0017,0.009,5,False,6,0,3099.9735672478846,1.200000203232104e-06,-0.15005182238342088,0.00033817128413393774,0.035958191756171654
0.001,0.0017,0.009,5,False,6,3,3073.5438827009607,1.2000000352304245e-06,-0.15016124844373152,-1.5783002254029406e-06,0.035891845896063486
0.001,0.0017,0.009,5,True,6,7,0.45210106952816853,1.2094061034781976e-06,-0.020380404495714433,0.0010838276264919227,-4.2506693801036766e-05
0.001,0.0017,0.009,5,True,7,8,1.2311212723450606,1.2125047644622023e-06,-0.0009070123401977566,-0.010436608988150022,-0.0001959118088634851
0.001,0.0017,0.009,5,True,0,1,1.0430327948154887,1.2095643672325875e-06,-0.01929175795917845,-0.0004948270498314123,-0.00011196004924750852
0.001,0.0017,0.009,5,False,0,3,6841.692221876447,1.200000362556437e-06,-0.14956167301659026,-0.000291477281308847,0.0600983142331916
0.001,0.0017,0.009,5,False,0,6,6678.403274155566,1.2000002343101936e-06,-0.14961941167869675,-0.00018611607577283216,0.05937498049535144
0.001,0.0017,0.009,5,True,1,2,1.437163224121229,1.212671920568361e-06,0.0001914037803317461,-0.008871691291526042,-0.0002844267607182868
0.001,0.0017,0.009,5,False,3,0,2010.1121000652547,1.2000002981770057e-06,-0.14964833589345158,0.00015515236022273373,-0.028219157410374222
0.001,0.0017,0.009,5,True,3,4,1.6035532515346258,1.2095947066255252e-06,-0.01908491915104877,0.0006961206520999356,-0.0002674215242395727
0.001,0.0017,0.009,5,False,3,6,2084.529312898968,1.2000000353401163e-06,-0.14991535586318497,-0.0001380552933103175,-0.029008837008328178
0.001,0.0017,0.009,5,False,3,7,24.415939466184668,1.2092000437891552e-06,-0.02195735472735583,-0.006046385820895319,-0.0027756763638003236
0.001,0.0017,0.009,5,True,4,5,1.4470891387379634,1.2124426895743487e-06,-0.0012353054917455498,-0.009785514974961919,5.4179472467252805e-05
0.001,0.0017,0.009,5,False,4,7,6430.7132053912665,1.200021218978647e-06,-0.1455220983604677,-0.0034606306910282096,0.03050412861526052
0.001,0.0017,0.009,5,False,6,0,3099.9735672478846,1.200000203232104e-06,-0.15005182238342088,0.00033817128413393774,0.035958191756171654
0.001,0.0017,0.009,5,False,6,3,3073.5438827009607,1.2000000352304245e-06,-0.15016124844373152,-1.5783002254029406e-06,0.035891845896063486
0.001,0.0017,0.009,5,False,6,4,26.191859215881653,1.20942080368925e-06,-0.020430171552648306,0.0060331133121845435,0.0025336741527645563
0.001,0.0017,0.009,5,True,6,7,0.45210106952816853,1.2094061034781976e-06,-0.020380404495714433,0.0010838276264919227,-4.2506693801036766e-05
0.001,0.0017,0.009,5,True,7,8,1.2311212723450606,1.2125047644622023e-06,-0.0009070123401977566,-0.010436608988150022,-0.0001959118088634851
0.001,0.0017,0.009,5,False,7,4,3441.189651412834,1.2000215535499015e-06,-0.15327725712225265,0.004686122454654264,0.021110857703113498
0.001,0.0017,0.009,5,True,0,1,1.0430327948154887,1.2095643672325875e-06,-0.01929175795917845,-0.0004948270498314123,-0.00011196004924750852
0.001,0.0017,0.009,5,False,0,3,6841.692221876447,1.200000362556437e-06,-0.14956167301659026,-0.000291477281308847,0.0600983142331916
0.001,0.0017,0.009,5,False,0,6,6678.403274155566,1.2000002343101936e-06,-0.14961941167869675,-0.00018611607577283216,0.05937498049535144
0.001,0.0017,0.009,5,True,1,2,1.437163224121229,1.212671920568361e-06,0.0001914037803317461,-0.008871691291526042,-0.0002844267607182868
0.001,0.0017,0.009,5,False,3,0,2010.1121000652547,1.2000002981770057e-06,-0.14964833589345158,0.00015515236022273373,-0.028219157410374222
0.001,0.0017,0.009,5,True,3,4,1.6035532515346258,1.2095947066255252e-06,-0.01908491915104877,0.0006961206520999356,-0.0002674215242395727
0.001,0.0017,0.009,5,False,3,6,2084.529312898968,1.2000000353401163e-06,-0.14991535586318497,-0.0001380552933103175,-0.029008837008328178
0.001,0.0017,0.009,5,False,3,7,24.415939466184668,1.2092000437891552e-06,-0.02195735472735583,-0.006046385820895319,-0.0027756763638003236
0.001,0.0017,0.009,5,True,4,5,1.4470891387379634,1.2124426895743487e-06,-0.0012353054917455498,-0.009785514974961919,5.4179472467252805e-05
0.001,0.0017,0.009,5,False,4,7,5187.131051873976,1.2000360752988947e-06,-0.14388517086901628,0.0020156162980005205,0.00965909127860431
0.001,0.0017,0.009,5,False,6,0,3099.9735672478846,1.200000203232104e-06,-0.15005182238342088,0.00033817128413393774,0.035958191756171654
0.001,0.0017,0.009,5,False,6,3,3073.5438827009607,1.2000000352304245e-06,-0.15016124844373152,-1.5783002254029406e-06,0.035891845896063486
0.001,0.0017,0.009,5,False,6,4,26.191859215881653,1.20942080368925e-06,-0.020430171552648306,0.0060331133121845435,0.0025336741527645563
0.001,0.0017,0.009,5,True,6,7,0.45210106952816853,1.2094061034781976e-06,-0.020380404495714433,0.0010838276264919227,-4.2506693801036766e-05
0.001,0.0017,0.009,5,True,7,8,1.2311212723450606,1.2125047644622023e-06,-0.0009070123401977566,-0.010436608988150022,-0.0001959118088634851
0.001,0.0017,0.009,5,False,7,4,3441.189651412834,1.2000215535499015e-06,-0.15327725712225265,0.004686122454654264,0.021110857703113498
0.001,0.0017,0.009,5,True,0,1,1.0430327948154887,1.2095643672325875e-06,-0.01929175795917845,-0.0004948270498314123,-0.00011196004924750852
0.001,0.0017,0.009,5,False,0,3,6841.692221876447,1.200000362556437e-06,-0.14956167301659026,-0.000291477281308847,0.0600983142331916
0.001,0.0017,0.009,5,False,0,6,6678.403274155566,1.2000002343101936e-06,-0.14961941167869675,-0.00018611607577283216,0.05937498049535144
0.001,0.0017,0.009,5,True,1,2,1.437163224121229,1.212671920568361e-06,0.0001914037803317461,-0.008871691291526042,-0.0002844267607182868
0.001,0.0017,0.009,5,False,3,0,2010.1121000652547,1.2000002981770057e-06,-0.14964833589345158,0.00015515236022273373,-0.028219157410374222
0.001,0.0017,0.009,5,True,3,4,1.6035532515346258,1.2095947066255252e-06,-0.01908491915104877,0.0006961206520999356,-0.0002674215242395727
0.001,0.0017,0.009,5,False,3,6,2084.529312898968,1.2000000353401163e-06,-0.14991535586318497,-0.0001380552933103175,-0.029008837008328178
0.001,0.0017,0.009,5,False,3,7,24.415939466184668,1.2092000437891552e-06,-0.02195735472735583,-0.006046385820895319,-0.0027756763638003236
0.001,0.0017,0.009,5,True,4,5,1.4470891387379634,1.2124426895743487e-06,-0.0012353054917455498,-0.009785514974961919,5.4179472467252805e-05
0.001,0.0017,0.009,5,False,4,7,5187.131051873976,1.2000360752988947e-06,-0.14388517086901628,0.0020156162980005205,0.00965909127860431
0.001,0.0017,0.009,5,False,6,0,3099.9735672478846,1.200000203232104e-06,-0.15005182238342088,0.00033817128413393774,0.035958191756171654
0.001,0.0017,0.009,5,False,6,3,3073.5438827009607,1.2000000352304245e-06,-0.15016124844373152,-1.5783002254029406e-06,0.035891845896063486
0.001,0.0017,0.009,5,False,6,4,26.191859215881653,1.20942080368925e-06,-0.020430171552648306,0.0060331133121845435,0.0025336741527645563
0.001,0.0017,0.009,5,True,6,7,0.45210106952816853,1.2094061034781976e-06,-0.020380404495714433,0.0010838276264919227,-4.2506693801036766e-05
0.001,0.0017,0.009,5,True,7,8,1.2311212723450606,1.2125047644622023e-06,-0.0009070123401977566,-0.010436608988150022,-0.0001959118088634851
0.001,0.0017,0.009,5,False,7,4,3441.189651412834,1.2000215535499015e-06,-0.15327725712225265,0.004686122454654264,0.021110857703113498
0.001,0.0017,0.009,5,True,0,1,0.8176183893186277,1.2094510403800214e-06,-0.020067653626769186,-0.0006109684576347603,0.0004322280693603749
0.001,0.0017,0.009,5,False,0,3,1258.601610997894,1.2000020139046798e-06,-0.14880330717165238,-0.001257587466169246,0.01854667139700002
0.001,0.0017,0.009,5,False,0,6,1221.1993861459898,1.2000002693054566e-06,-0.149988675636417,-0.00045765341496215993,0.017765283160045605
0.001,0.0017,0.009,5,True,1,2,0.7024308143740059,1.2128650728426277e-06,0.001247516873875657,-0.010272490233561561,0.00026769815309696715
0.001,0.0017,0.009,5,False,3,0,1016.495605395188,1.2000028437783475e-06,-0.15024749371862794,0.002149351041126643,-0.015842187894803544
0.001,0.0017,0.009,5,True,3,4,1.2046578626280218,1.2094802624225727e-06,-0.019870928789921537,0.000993013963535974,0.00022119349065384254
0.001,0.0017,0.009,5,False,3,6,1004.8427233375421,1.200001428434093e-06,-0.1507257647798163,0.0013442494219490606,-0.015720452960499207
0.001,0.0017,0.009,5,False,3,7,24.415939466184668,1.2092000437891552e-06,-0.02195735472735583,-0.006046385820895319,-0.0027756763638003236
0.001,0.0017,0.009,5,True,4,5,0.40619625001809734,1.2126043999261168e-06,-0.00024846427877331205,-0.009499681555230875,-0.00023276790366655195
0.001,0.0017,0.009,5,False,4,7,5187.131051873976,1.2000360752988947e-06,-0.14388517086901628,0.0020156162980005205,0.00965909127860431
0.001,0.0017,0.009,5,False,6,0,2076.335426950358,1.2000003236087856e-06,-0.14961473717824103,0.00041261647924387016,-0.0312274008429593
0.001,0.0017,0.009,5,False,6,3,1963.243318199516,1.200001382972044e-06,-0.1498340738894262,-0.0014882432878186385,-0.03032427767166874
0.001,0.0017,0.009,5,False,6,4,26.191859215881653,1.20942080368925e-06,-0.020430171552648306,0.0060331133121845435,0.0025336741527645563
0.001,0.0017,0.009,5,True,6,7,0.8567506865521709,1.2095852827702998e-06,-0.01914922761057111,-0.0006865965705538361,-0.00019903832102948242
0.001,0.0017,0.009,5,True,7,8,1.1553372922498741,1.2127546431625217e-06,0.0006378037666610178,-0.009601563508744153,-0.00011539331355011751
0.001,0.0017,0.009,5,False,7,4,3441.189651412834,1.2000215535499015e-06,-0.15327725712225265,0.004686122454654264,0.021110857703113498
0.001,0.0017,0.009,5,True,0,1,0.761114302296088,1.2094558582849592e-06,-0.02003379144399059,-0.0003645701431401405,0.0003239535658553661
0.001,0.0017,0.009,5,False,0,3,733.4310196543925,1.200001807832748e-06,-0.14893936919376205,-0.0012469971704268947,0.005201905378732884
0.001,0.0017,0.009,5,False,0,6,726.8986297794287,1.2000003047412603e-06,-0.14996716362696785,-0.0005070575230881103,0.004526533442130449
0.001,0.0017,0.009,5,True,1,2,1.0069090299762276,1.2127990471099185e-06,0.0008529879085671242,-0.010326007004404732,0.0004362834592761167
0.001,0.0017,0.009,5,False,3,0,659.707441364213,1.2000018537505654e-06,-0.1508017854968809,0.0014592248064180184,-0.0037405265553200648
0.001,0.0017,0.009,5,True,3,4,1.2597391900234818,1.2094407194827057e-06,-0.02014357095372796,0.0010859342073731403,0.00028975859012414957
0.001,0.0017,0.009,5,False,3,6,628.1318246429479,1.2000012889469536e-06,-0.150720026091727,0.0012424282748944968,-0.0036278099544259966
0.001,0.0017,0.009,5,False,3,7,24.415939466184668,1.2092000437891552e-06,-0.02195735472735583,-0.006046385820895319,-0.0027756763638003236
0.001,0.0017,0.009,5,True,4,5,1.0500108997298303,1.212629708968542e-06,-0.00011255246496349779,-0.00972739674081823,-0.000439680299588957
0.001,0.0017,0.009,5,False,4,7,5187.131051873976,1.2000360752988947e-06,-0.14388517086901628,0.0020156162980005205,0.00965909127860431
0.001,0.0017,0.009,5,False,6,0,3425.2414964772956,1.2000003027974404e-06,-0.14971942422283455,0.0004189955306918406,-0.04115658644687702
0.001,0.0017,0.009,5,False,6,3,3324.2237847160204,1.2000011479351273e-06,-0.14988164574384313,-0.0013284351693491454,-0.04036849790933558
0.001,0.0017,0.009,5,False,6,4,26.191859215881653,1.20942080368925e-06,-0.020430171552648306,0.0060331133121845435,0.0025336741527645563
0.001,0.0017,0.009,5,True,6,7,0.8664135308960068,1.2096112247189144e-06,-0.018971351461861127,-0.0004780175883159486,-0.00020253153867550602
0.001,0.0017,0.009,5,True,7,8,1.0216133591313252,1.2126835950413044e-06,0.0001841852539065645,-0.010090027914945987,-0.0001512315169593489
0.001,0.0017,0.009,5,False,7,4,3441.189651412834,1.2000215535499015e-06,-0.15327725712225265,0.004686122454654264,0.021110857703113498
0.001,0.0017,0.009,5,True,0,1,0.761114302296088,1.2094558582849592e-06,-0.02003379144399059,-0.0003645701431401405,0.0003239535658553661
0.001,0.0017,0.009,5,False,0,3,733.4310196543925,1.200001807832748e-06,-0.14893936919376205,-0.0012469971704268947,0.005201905378732884
0.001,0.0017,0.009,5,False,0,6,726.8986297794287,1.2000003047412603e-06,-0.14996716362696785,-0.0005070575230881103,0.004526533442130449
0.001,0.0017,0.009,5,True,1,2,1.0069090299762276,1.2127990471099185e-06,0.0008529879085671242,-0.010326007004404732,0.0004362834592761167
0.001,0.0017,0.009,5,False,3,0,659.707441364213,1.2000018537505654e-06,-0.1508017854968809,0.0014592248064180184,-0.0037405265553200648
0.001,0.0017,0.009,5,True,3,4,1.2597391900234818,1.2094407194827057e-06,-0.02014357095372796,0.0010859342073731403,0.00028975859012414957
0.001,0.0017,0.009,5,False,3,6,628.1318246429479,1.2000012889469536e-06,-0.150720026091727,0.0012424282748944968,-0.0036278099544259966
0.001,0.0017,0.009,5,False,3,7,24.415939466184668,1.2092000437891552e-06,-0.02195735472735583,-0.006046385820895319,-0.0027756763638003236
0.001,0.0017,0.009,5,True,4,5,1.0500108997298303,1.212629708968542e-06,-0.00011255246496349779,-0.00972739674081823,-0.000439680299588957
0.001,0.0017,0.009,5,False,4,7,5187.131051873976,1.2000360752988947e-06,-0.14388517086901628,0.0020156162980005205,0.00965909127860431
0.001,0.0017,0.009,5,False,6,0,3425.2414964772956,1.2000003027974404e-06,-0.14971942422283455,0.0004189955306918406,-0.04115658644687702
0.001,0.0017,0.009,5,False,6,3,3324.2237847160204,1.2000011479351273e-06,-0.14988164574384313,-0.0013284351693491454,-0.04036849790933558
0.001,0.0017,0.009,5,False,6,4,26.191859215881653,1.20942080368925e-06,-0.020430171552648306,0.0060331133121845435,0.0025336741527645563
0.001,0.0017,0.009,5,True,6,7,0.8664135308960068,1.2096112247189144e-06,-0.018971351461861127,-0.0004780175883159486,-0.00020253153867550602
0.001,0.0017,0.009,5,True,7,8,1.0216133591313252,1.2126835950413044e-06,0.0001841852539065645,-0.010090027914945987,-0.0001512315169593489
0.001,0.0017,0.009,5,False,7,4,3441.189651412834,1.2000215535499015e-06,-0.15327725712225265,0.004686122454654264,0.021110857703113498
0.001,0.0017,0.009,5,True,0,1,0.761114302296088,1.2094558582849592e-06,-0.02003379144399059,-0.0003645701431401405,0.0003239535658553661
0.001,0.0017,0.009,5,False,0,3,733.4310196543925,1.200001807832748e-06,-0.14893936919376205,-0.0012469971704268947,0.005201905378732884
0.001,0.0017,0.009,5,False,0,6,726.8986297794287,1.2000003047412603e-06,-0.14996716362696785,-0.0005070575230881103,0.004526533442130449
0.001,0.0017,0.009,5,True,1,2,1.0069090299762276,1.2127990471099185e-06,0.0008529879085671242,-0.010326007004404732,0.0004362834592761167
0.001,0.0017,0.009,5,False,3,0,659.707441364213,1.2000018537505654e-06,-0.1508017854968809,0.0014592248064180184,-0.0037405265553200648
0.001,0.0017,0.009,5,True,3,4,1.2597391900234818,1.2094407194827057e-06,-0.02014357095372796,0.0010859342073731403,0.00028975859012414957
0.001,0.0017,0.009,5,False,3,6,628.1318246429479,1.2000012889469536e-06,-0.150720026091727,0.0012424282748944968,-0.0036278099544259966
0.001,0.0017,0.009,5,False,3,7,24.415939466184668,1.2092000437891552e-06,-0.02195735472735583,-0.006046385820895319,-0.0027756763638003236
0.001,0.0017,0.009,5,True,4,5,1.0500108997298303,1.212629708968542e-06,-0.00011255246496349779,-0.00972739674081823,-0.000439680299588957
0.001,0.0017,0.009,5,False,4,7,5187.131051873976,1.2000360752988947e-06,-0.14388517086901628,0.0020156162980005205,0.00965909127860431
0.001,0.0017,0.009,5,False,6,0,3425.2414964772956,1.2000003027974404e-06,-0.14971942422283455,0.0004189955306918406,-0.04115658644687702
0.001,0.0017,0.009,5,False,6,3,3324.2237847160204,1.2000011479351273e-06,-0.14988164574384313,-0.0013284351693491454,-0.04036849790933558
0.001,0.0017,0.009,5,False,6,4,26.191859215881653,1.20942080368925e-06,-0.020430171552648306,0.0060331133121845435,0.0025336741527645563
0.001,0.0017,0.009,5,True,6,7,0.8664135308960068,1.2096112247189144e-06,-0.018971351461861127,-0.0004780175883159486,-0.00020253153867550602
0.001,0.0017,0.009,5,True,7,8,1.0216133591313252,1.2126835950413044e-06,0.0001841852539065645,-0.010090027914945987,-0.0001512315169593489
0.001,0.0017,0.009,5,False,7,4,3441.189651412834,1.2000215535499015e-06,-0.15327725712225265,0.004686122454654264,0.021110857703113498
0.001,0.0017,0.009,5,True,0,1,0.761114302296088,1.2094558582849592e-06,-0.02003379144399059,-0.0003645701431401405,0.0003239535658553661
0.001,0.0017,0.009,5,False,0,3,733.4310196543925,1.200001807832748e-06,-0.14893936919376205,-0.0012469971704268947,0.005201905378732884
0.001,0.0017,0.009,5,False,0,6,726.8986297794287,1.2000003047412603e-06,-0.14996716362696785,-0.0005070575230881103,0.004526533442130449
0.001,0.0017,0.009,5,True,1,2,1.0069090299762276,1.2127990471099185e-06,0.0008529879085671242,-0.010326007004404732,0.0004362834592761167
0.001,0.0017,0.009,5,False,3,0,659.707441364213,1.2000018537505654e-06,-0.1508017854968809,0.0014592248064180184,-0.0037405265553200648
0.001,0.0017,0.009,5,True,3,4,1.2597391900234818,1.2094407194827057e-06,-0.02014357095372796,0.0010859342073731403,0.00028975859012414957
0.001,0.0017,0.009,5,False,3,6,628.1318246429479,1.2000012889469536e-06,-0.150720026091727,0.0012424282748944968,-0.0036278099544259966
0.001,0.0017,0.009,5,False,3,7,24.415939466184668,1.2092000437891552e-06,-0.02195735472735583,-0.006046385820895319,-0.0027756763638003236
0.001,0.0017,0.009,5,True,4,5,1.0500108997298303,1.212629708968542e-06,-0.00011255246496349779,-0.00972739674081823,-0.000439680299588957
0.001,0.0017,0.009,5,False,4,7,5187.131051873976,1.2000360752988947e-06,-0.14388517086901628,0.0020156162980005205,0.00965909127860431
0.001,0.0017,0.009,5,False,6,0,3425.2414964772956,1.2000003027974404e-06,-0.14971942422283455,0.0004189955306918406,-0.04115658644687702
0.001,0.0017,0.009,5,False,6,3,3324.2237847160204,1.2000011479351273e-06,-0.14988164574384313,-0.0013284351693491454,-0.04036849790933558
0.001,0.0017,0.009,5,False,6,4,26.191859215881653,1.20942080368925e-06,-0.020430171552648306,0.0060331133121845435,0.0025336741527645563
0.001,0.0017,0.009,5,True,6,7,0.8664135308960068,1.2096112247189144e-06,-0.018971351461861127,-0.0004780175883159486,-0.00020253153867550602
0.001,0.0017,0.009,5,True,7,8,1.0216133591313252,1.2126835950413044e-06,0.0001841852539065645,-0.010090027914945987,-0.0001512315169593489
0.001,0.0017,0.009,5,False,7,4,3441.189651412834,1.2000215535499015e-06,-0.15327725712225265,0.004686122454654264,0.021110857703113498
0.001,0.0017,0.009,5,True,0,1,0.761114302296088,1.2094558582849592e-06,-0.02003379144399059,-0.0003645701431401405,0.0003239535658553661
0.001,0.0017,0.009,5,False,0,3,733.4310196543925,1.200001807832748e-06,-0.14893936919376205,-0.0012469971704268947,0.005201905378732884
0.001,0.0017,0.009,5,False,0,6,726.8986297794287,1.2000003047412603e-06,-0.14996716362696785,-0.0005070575230881103,0.004526533442130449
0.001,0.0017,0.009,5,True,1,2,1.0069090299762276,1.2127990471099185e-06,0.0008529879085671242,-0.010326007004404732,0.0004362834592761167
0.001,0.0017,0.009,5,False,3,0,659.707441364213,1.2000018537505654e-06,-0.1508017854968809,0.0014592248064180184,-0.0037405265553200648
0.001,0.0017,0.009,5,True,3,4,1.2597391900234818,1.2094407194827057e-06,-0.02014357095372796,0.0010859342073731403,0.00028975859012414957
0.001,0.0017,0.009,5,False,3,6,628.1318246429479,1.2000012889469536e-06,-0.150720026091727,0.0012424282748944968,-0.0036278099544259966
0.001,0.0017,0.009,5,False,3,7,24.415939466184668,1.2092000437891552e-06,-0.02195735472735583,-0.006046385820895319,-0.0027756763638003236
0.001,0.0017,0.009,5,True,4,5,1.0500108997298303,1.212629708968542e-06,-0.00011255246496349779,-0.00972739674081823,-0.000439680299588957
0.001,0.0017,0.009,5,False,4,7,5187.131051873976,1.2000360752988947e-06,-0.14388517086901628,0.0020156162980005205,0.00965909127860431
0.001,0.0017,0.009,5,False,6,0,3425.2414964772956,1.2000003027974404e-06,-0.14971942422283455,0.0004189955306918406,-0.04115658644687702
0.001,0.0017,0.009,5,False,6,3,3324.2237847160204,1.2000011479351273e-06,-0.14988164574384313,-0.0013284351693491454,-0.04036849790933558
0.001,0.0017,0.009,5,False,6,4,26.191859215881653,1.20942080368925e-06,-0.020430171552648306,0.0060331133121845435,0.0025336741527645563
0.001,0.0017,0.009,5,True,6,7,0.8664135308960068,1.2096112247189144e-06,-0.018971351461861127,-0.0004780175883159486,-0.00020253153867550602
0.001,0.0017,0.009,5,True,7,8,1.0216133591313252,1.2126835950413044e-06,0.0001841852539065645,-0.010090027914945987,-0.0001512315169593489
0.001,0.0017,0.009,5,False,7,4,3441.189651412834,1.2000215535499015e-06,-0.15327725712225265,0.004686122454654264,0.021110857703113498
0.001,0.0017,0.009,5,True,0,1,0.935994892060652,1.209523842236492e-06,-0.019568573232260016,-0.0005629886950342384,-0.00013060303563345002
0.001,0.0017,0.009,5,False,0,3,6469.020622357825,1.2000005673206121e-06,-0.14999429322250196,-0.0009069064608929929,-0.057492182182344406
0.001,0.0017,0.009,5,False,0,6,6638.760192036243,1.2000006952889471e-06,-0.14913287077510487,-5.8875463811205515e-05,-0.058237836316753146
0.001,0.0017,0.009,5,True,1,2,1.8449544410357224,1.2129253691947446e-06,0.0016347007014626586,-0.009784535865567795,4.98784083632267e-05
0.001,0.0017,0.009,5,False,3,0,5995.978124892664,1.200000438870942e-06,-0.1507415089372988,-0.0001208240185282074,0.05553636033347859
0.001,0.0017,0.009,5,True,3,4,1.8942975697884143,1.2093569222066642e-06,-0.020717915787515487,0.0004490013688971793,0.00011695119443963013
0.001,0.0017,0.009,5,False,3,6,6010.079479874645,1.2000019437893488e-06,-0.15137125617571398,0.001003473612196021,0.055636170498482074
0.001,0.0017,0.009,5,False,3,7,24.415939466184668,1.2092000437891552e-06,-0.02195735472735583,-0.006046385820895319,-0.0027756763638003236
0.001,0.0017,0.009,5,True,4,5,1.4412722503625859,1.2127238131111076e-06,0.0003366253404547585,-0.011282731420511964,5.000910556220583e-05
0.001,0.0017,0.009,5,False,4,7,5187.131051873976,1.2000360752988947e-06,-0.14388517086901628,0.0020156162980005205,0.00965909127860431
0.001,0.0017,0.009,5,False,6,0,10612.88744117659,1.200001225855216e-06,-0.15132763491396042,0.00024241835853912425,-0.07539770325155817
0.001,0.0017,0.009,5,False,6,3,10387.532055606429,1.2000019215711853e-06,-0.15165039526594212,-0.00034475793340645375,-0.07455223895212282
0.001,0.0017,0.009,5,False,6,4,26.191859215881653,1.20942080368925e-06,-0.020430171552648306,0.0060331133121845435,0.0025336741527645563
0.001,0.0017,0.009,5,True,6,7,1.8633936366754358,1.209363470702725e-06,-0.02067132126513098,-5.0500324512444986e-05,0.00018728289836377374
0.001,0.0017,0.009,5,True,7,8,1.9897672473567183,1.2126160928944058e-06,-0.00021609598793691218,-0.010062932280764332,0.0005340836116780282
0.001,0.0017,0.009,5,False,7,4,3441.189651412834,1.2000215535499015e-06,-0.15327725712225265,0.004686122454654264,0.021110857703113498
0.001,0.0017,0.0009,5,True,0,1,3.4033395200386614,1.2074220758663027e-06,-0.019211636969508884,0.0008440919986631632,0.0013233544895004886
0.001,0.0017,0.0009,5,False,0,3,54138.19870244559,1.2000011824136799e-06,-0.1487158754076894,0.0009181904878778857,-0.46504462932072627
0.001,0.0017,0.0009,5,False,0,6,53535.65972969188,1.2000003883817e-06,-0.14935075564298278,-6.43909548424807e-05,-0.4628164956312983
0.001,0.0017,0.0009,5,True,1,2,2.9383320471580636,1.209840412466339e-06,0.0001997744882346667,-0.01095163836154789,-0.0023962856381520656
0.001,0.0017,0.0009,5,False,3,0,24612.11411285818,1.2000017248040493e-06,-0.14941165250032964,-0.0018733168344130596,0.2767058858454931
0.001,0.0017,0.0009,5,True,3,4,2.2141572279328336,1.207429037638199e-06,-0.019149082714969297,-0.0006894134419782103,-0.0022276653451609504
0.001,0.0017,0.0009,5,False,3,6,24891.71901808232,1.2000011146857231e-06,-0.14897750079144362,-0.0010537685764043106,0.27667011162588045
0.001,0.0017,0.0009,5,True,4,5,1.8347534638354108,1.209893903061034e-06,0.0007229166372144552,-0.009275787631642133,-3.504107046836485e-05
0.001,0.0017,0.0009,5,False,6,0,11416.95036635726,1.2000003653437077e-06,-0.1505069838823193,-0.0003327604795048743,-0.1155154907737697
0.001,0.0017,0.0009,5,False,6,3,11448.805235588376,1.2000007766330684e-06,-0.15004661363896946,0.0011419237229251989,-0.11777939453288316
0.001,0.0017,0.0009,5,True,6,7,1.8903289368126923,1.207306806503973e-06,-0.020230837721498494,0.0005827035486279347,-0.0007260985155666975
0.001,0.0017,0.0009,5,True,7,8,2.560406883852359,1.2097650696197275e-06,-0.0003256950553445377,-0.010178576758548967,0.0003480194150657644
0.001,0.0017,0.0009,5,True,0,1,2.3616479185397408,1.20748180973642e-06,-0.018690493071582416,0.0014085215940821789,0.0019191654581963552
0.001,0.0017,0.0009,5,False,0,3,40882.07318608462,1.200001205713577e-06,-0.14883739882919322,0.0011077091467632213,-0.3896185076977256
0.001,0.0017,0.0009,5,False,0,6,40473.265638653684,1.2000008134219963e-06,-0.14880689028094932,0.000505710871769083,-0.38821264214938206
0.001,0.0017,0.0009,5,True,1,2,3.2401144587922013,1.2097445611696918e-06,-0.00046694397686748517,-0.009951574442233765,-0.0012458951388935942
0.001,0.0017,0.0009,5,False,3,0,16023.551309106135,1.2000014345936448e-06,-0.14952072923768095,-0.0017100590629353543,0.18449984792333135
0.001,0.0017,0.0009,5,True,3,4,2.7583293399385918,1.2073768413532663e-06,-0.01960834032206832,3.6147892909032274e-05,-0.0027136045051910983
0.001,0.0017,0.0009,5,False,3,6,16226.80746169318,1.2000004093961112e-06,-0.14943362124013013,-0.0005630133130853939,0.18320776197102795
0.001,0.0017,0.0009,5,True,4,5,1.2468962939813832,1.2099977670342535e-06,0.0015158635540560331,-0.009263100002284282,-0.0009469108218164042
0.001,0.0017,0.0009,5,False,6,0,3786.994336294278,1.2000007998581797e-06,-0.15074345534586203,-0.0010451950155738654,-0.05934987146684396
0.001,0.0017,0.0009,5,False,6,3,3816.4852008194925,1.2000003414140981e-06,-0.1504550033394918,0.00050975749924569,-0.06204782296771147
0.001,0.0017,0.0009,5,True,6,7,1.773025901461996,1.2072199838164223e-06,-0.02100501278995946,0.0007315213512687936,-0.0011667145819452588
0.001,0.0017,0.0009,5,True,7,8,2.2098771781315905,1.2097923138566646e-06,-6.97525357571591e-05,-0.009471376666884131,-0.0008108396453023649
0.001,0.0017,0.0009,5,True,0,1,2.3616479185397408,1.20748180973642e-06,-0.018690493071582416,0.0014085215940821789,0.0019191654581963552
0.001,0.0017,0.0009,5,False,0,3,40882.07318608462,1.200001205713577e-06,-0.14883739882919322,0.0011077091467632213,-0.3896185076977256
0.001,0.0017,0.0009,5,False,0,6,40473.265638653684,1.2000008134219963e-06,-0.14880689028094932,0.000505710871769083,-0.38821264214938206
0.001,0.0017,0.0009,5,True,1,2,3.2401144587922013,1.2097445611696918e-06,-0.00046694397686748517,-0.009951574442233765,-0.0012458951388935942
0.001,0.0017,0.0009,5,False,3,0,16023.551309106135,1.2000014345936448e-06,-0.14952072923768095,-0.0017100590629353543,0.18449984792333135
0.001,0.0017,0.0009,5,True,3,4,2.7583293399385918,1.2073768413532663e-06,-0.01960834032206832,3.6147892909032274e-05,-0.0027136045051910983
0.001,0.0017,0.0009,5,False,3,6,16226.80746169318,1.2000004093961112e-06,-0.14943362124013013,-0.0005630133130853939,0.18320776197102795
0.001,0.0017,0.0009,5,True,4,5,1.2468962939813832,1.2099977670342535e-06,0.0015158635540560331,-0.009263100002284282,-0.0009469108218164042
0.001,0.0017,0.0009,5,False,6,0,3786.994336294278,1.2000007998581797e-06,-0.15074345534586203,-0.0010451950155738654,-0.05934987146684396
0.001,0.0017,0.0009,5,False,6,3,3816.4852008194925,1.2000003414140981e-06,-0.1504550033394918,0.00050975749924569,-0.06204782296771147
0.001,0.0017,0.0009,5,True,6,7,1.773025901461996,1.2072199838164223e-06,-0.02100501278995946,0.0007315213512687936,-0.0011667145819452588
0.001,0.0017,0.0009,5,True,7,8,2.2098771781315905,1.2097923138566646e-06,-6.97525357571591e-05,-0.009471376666884131,-0.0008108396453023649
0.001,0.0017,0.0009,5,True,0,1,2.3616479185397408,1.20748180973642e-06,-0.018690493071582416,0.0014085215940821789,0.0019191654581963552
0.001,0.0017,0.0009,5,False,0,3,40882.07318608462,1.200001205713577e-06,-0.14883739882919322,0.0011077091467632213,-0.3896185076977256
0.001,0.0017,0.0009,5,False,0,6,40473.265638653684,1.2000008134219963e-06,-0.14880689028094932,0.000505710871769083,-0.38821264214938206
0.001,0.0017,0.0009,5,True,1,2,3.2401144587922013,1.2097445611696918e-06,-0.00046694397686748517,-0.009951574442233765,-0.0012458951388935942
0.001,0.0017,0.0009,5,False,3,0,16023.551309106135,1.2000014345936448e-06,-0.14952072923768095,-0.0017100590629353543,0.18449984792333135
0.001,0.0017,0.0009,5,True,3,4,2.7583293399385918,1.2073768413532663e-06,-0.01960834032206832,3.6147892909032274e-05,-0.0027136045051910983
0.001,0.0017,0.0009,5,False,3,6,16226.80746169318,1.2000004093961112e-06,-0.14943362124013013,-0.0005630133130853939,0.18320776197102795
0.001,0.0017,0.0009,5,True,4,5,1.2468962939813832,1.2099977670342535e-06,0.0015158635540560331,-0.009263100002284282,-0.0009469108218164042
0.001,0.0017,0.0009,5,False,6,0,3786.994336294278,1.2000007998581797e-06,-0.15074345534586203,-0.0010451950155738654,-0.05934987146684396
0.001,0.0017,0.0009,5,False,6,3,3816.4852008194925,1.2000003414140981e-06,-0.1504550033394918,0.00050975749924569,-0.06204782296771147
0.001,0.0017,0.0009,5,True,6,7,1.773025901461996,1.2072199838164223e-06,-0.02100501278995946,0.0007315213512687936,-0.0011667145819452588
0.001,0.0017,0.0009,5,True,7,8,2.2098771781315905,1.2097923138566646e-06,-6.97525357571591e-05,-0.009471376666884131,-0.0008108396453023649
0.001,0.0017,0.0009,5,True,0,1,2.3616479185397408,1.20748180973642e-06,-0.018690493071582416,0.0014085215940821789,0.0019191654581963552
0.001,0.0017,0.0009,5,False,0,3,40882.07318608462,1.200001205713577e-06,-0.14883739882919322,0.0011077091467632213,-0.3896185076977256
0.001,0.0017,0.0009,5,False,0,6,40473.265638653684,1.2000008134219963e-06,-0.14880689028094932,0.000505710871769083,-0.38821264214938206
0.001,0.0017,0.0009,5,True,1,2,3.2401144587922013,1.2097445611696918e-06,-0.00046694397686748517,-0.009951574442233765,-0.0012458951388935942
0.001,0.0017,0.0009,5,False,3,0,16023.551309106135,1.2000014345936448e-06,-0.14952072923768095,-0.0017100590629353543,0.18449984792333135
0.001,0.0017,0.0009,5,True,3,4,2.7583293399385918,1.2073768413532663e-06,-0.01960834032206832,3.6147892909032274e-05,-0.0027136045051910983
0.001,0.0017,0.0009,5,False,3,6,16226.80746169318,1.2000004093961112e-06,-0.14943362124013013,-0.0005630133130853939,0.18320776197102795
0.001,0.0017,0.0009,5,True,4,5,1.2468962939813832,1.2099977670342535e-06,0.0015158635540560331,-0.009263100002284282,-0.0009469108218164042
0.001,0.0017,0.0009,5,False,6,0,3786.994336294278,1.2000007998581797e-06,-0.15074345534586203,-0.0010451950155738654,-0.05934987146684396
0.001,0.0017,0.0009,5,False,6,3,3816.4852008194925,1.2000003414140981e-06,-0.1504550033394918,0.00050975749924569,-0.06204782296771147
0.001,0.0017,0.0009,5,True,6,7,1.773025901461996,1.2072199838164223e-06,-0.02100501278995946,0.0007315213512687936,-0.0011667145819452588
0.001,0.0017,0.0009,5,True,7,8,2.2098771781315905,1.2097923138566646e-06,-6.97525357571591e-05,-0.009471376666884131,-0.0008108396453023649
0.001,0.0017,0.0009,5,True,0,1,2.3616479185397408,1.20748180973642e-06,-0.018690493071582416,0.0014085215940821789,0.0019191654581963552
0.001,0.0017,0.0009,5,False,0,3,40882.07318608462,1.200001205713577e-06,-0.14883739882919322,0.0011077091467632213,-0.3896185076977256
0.001,0.0017,0.0009,5,False,0,6,40473.265638653684,1.2000008134219963e-06,-0.14880689028094932,0.000505710871769083,-0.38821264214938206
0.001,0.0017,0.0009,5,True,1,2,3.2401144587922013,1.2097445611696918e-06,-0.00046694397686748517,-0.009951574442233765,-0.0012458951388935942
0.001,0.0017,0.0009,5,False,3,0,16023.551309106135,1.2000014345936448e-06,-0.14952072923768095,-0.0017100590629353543,0.18449984792333135
0.001,0.0017,0.0009,5,True,3,4,2.7583293399385918,1.2073768413532663e-06,-0.01960834032206832,3.6147892909032274e-05,-0.0027136045051910983
0.001,0.0017,0.0009,5,False,3,6,16226.80746169318,1.2000004093961112e-06,-0.14943362124013013,-0.0005630133130853939,0.18320776197102795
0.001,0.0017,0.0009,5,True,4,5,1.2468962939813832,1.2099977670342535e-06,0.0015158635540560331,-0.009263100002284282,-0.0009469108218164042
0.001,0.0017,0.0009,5,False,6,0,3786.994336294278,1.2000007998581797e-06,-0.15074345534586203,-0.0010451950155738654,-0.05934987146684396
0.001,0.0017,0.0009,5,False,6,3,3816.4852008194925,1.2000003414140981e-06,-0.1504550033394918,0.00050975749924569,-0.06204782296771147
0.001,0.0017,0.0009,5,True,6,7,1.773025901461996,1.2072199838164223e-06,-0.02100501278995946,0.0007315213512687936,-0.0011667145819452588
0.001,0.0017,0.0009,5,True,7,8,2.2098771781315905,1.2097923138566646e-06,-6.97525357571591e-05,-0.009471376666884131,-0.0008108396453023649
0.001,0.0017,0.0009,5,True,0,1,1.8592007358040454,1.207477409775986e-06,-0.01872226789273484,-0.0001527048793948703,0.0014578580068670146
0.001,0.0017,0.0009,5,False,0,3,3601.4373937592545,1.2000001168321878e-06,-0.1504116968806587,2.2786732963363708e-05,0.0442611162721485
0.001,0.0017,0.0009,5,False,0,6,3732.5173377290216,1.200000673205876e-06,-0.14888733675647303,-0.00018143791570748836,0.046946291609664376
0.001,0.0017,0.0009,5,True,1,2,1.1381155668671643,1.209680984046556e-06,-0.0010238387776395324,-0.010904251632369324,-0.0001654897859467757
0.001,0.0017,0.0009,5,False,3,0,29244.127402139693,1.2000001473580046e-06,-0.14961834399558066,-0.00031793994262691635,-0.3154502863139007
0.001,0.0017,0.0009,5,True,3,4,1.8328442402951566,1.2074447734318294e-06,-0.01901036115820818,-0.00046648484982103876,-0.001873532656771099
0.001,0.0017,0.0009,5,False,3,6,29053.100699792274,1.200001222677218e-06,-0.14903705339444465,-0.0013108841301827383,-0.3155435729710167
0.001,0.0017,0.0009,5,True,4,5,3.702547604541335,1.209701390594414e-06,-0.0008385293238999458,-0.010510403895273671,0.0004960062735843915
0.001,0.0017,0.0009,5,False,6,0,5106.897517304194,1.2000007431970645e-06,-0.15115397370528533,0.0003394442362159625,-0.024304462841157986
0.001,0.0017,0.0009,5,False,6,3,5354.032102672415,1.2000011591696747e-06,-0.15152415522937493,0.0004037246639103737,-0.02708292483606538
0.001,0.0017,0.0009,5,True,6,7,2.6708019078690795,1.2072825459507875e-06,-0.020445049499698782,0.00041236087467450173,-0.00238752053046952
0.001,0.0017,0.0009,5,True,7,8,3.587543691961777,1.2098032872635408e-06,-3.685178132141946e-05,-0.010264703996889921,-0.0025595232161151373
0.001,0.0017,0.0009,5,True,0,1,2.686308658989378,1.2074674547900096e-06,-0.018810116735927255,0.0002175437833390261,0.00010274656648695855
0.001,0.0017,0.0009,5,False,0,3,2307.1459677696344,1.2000001369878221e-06,-0.15017363507871329,0.00030754833056811947,0.06463761451110409
0.001,0.0017,0.0009,5,False,0,6,2462.8284179945267,1.2000013491304245e-06,-0.1483357459420562,-0.0003250325326162344,0.0664090347238565
0.001,0.0017,0.0009,5,True,1,2,1.3095430546062776,1.2097894034163292e-06,-0.00018826206151472687,-0.0109077686343647,-0.0006181957294145557
0.001,0.0017,0.0009,5,False,3,0,33273.81015971771,1.2000001448729941e-06,-0.15002378661590002,-0.00037946075771845886,-0.3650708141330619
0.001,0.0017,0.0009,5,True,3,4,2.07028915384655,1.2074484065138336e-06,-0.018978269609617272,-0.0004296651255558718,-0.002288892589499613
0.001,0.0017,0.0009,5,False,3,6,33057.17644768794,1.2000019039111461e-06,-0.14905910520394824,-0.0018384056300263453,-0.36452998381870516
0.001,0.0017,0.0009,5,True,4,5,3.499537826135719,1.2097000616778218e-06,-0.0008362743190308667,-0.010330611707282462,0.001381614508795087
0.001,0.0017,0.0009,5,False,6,0,4731.49300804249,1.200001413070074e-06,-0.15169909610296353,0.000386246910360434,0.03233192692846147
0.001,0.0017,0.0009,5,False,6,3,5036.403036723973,1.2000018979718942e-06,-0.15191095563405396,0.0007735225015468829,0.03110133702968165
0.001,0.0017,0.0009,5,True,6,7,2.6022737677751104,1.207227076114295e-06,-0.020938662630268622,0.0003146136280970492,-0.0027204285909317363
0.001,0.0017,0.0009,5,True,7,8,3.009279642077977,1.2098232947248453e-06,0.00016696829950024888,-0.009496224951835275,-0.001860074615266664
0.001,0.0017,0.0009,5,True,0,1,2.686308658989378,1.2074674547900096e-06,-0.018810116735927255,0.0002175437833390261,0.00010274656648695855
0.001,0.0017,0.0009,5,False,0,3,2307.1459677696344,1.2000001369878221e-06,-0.15017363507871329,0.00030754833056811947,0.06463761451110409
0.001,0.0017,0.0009,5,False,0,6,2462.8284179945267,1.2000013491304245e-06,-0.1483357459420562,-0.0003250325326162344,0.0664090347238565
0.001,0.0017,0.0009,5,True,1,2,1.3095430546062776,1.2097894034163292e-06,-0.00018826206151472687,-0.0109077686343647,-0.0006181957294145557
0.001,0.0017,0.0009,5,False,1,7,59378.68055117204,1.200130323463311e-06,-0.137277431268262,-0.008077745933850642,0.4651454202822947
0.001,0.0017,0.0009,5,False,3,0,33273.81015971771,1.2000001448729941e-06,-0.15002378661590002,-0.00037946075771845886,-0.3650708141330619
0.001,0.0017,0.0009,5,True,3,4,2.07028915384655,1.2074484065138336e-06,-0.018978269609617272,-0.0004296651255558718,-0.002288892589499613
0.001,0.0017,0.0009,5,False,3,6,33057.17644768794,1.2000019039111461e-06,-0.14905910520394824,-0.0018384056300263453,-0.36452998381870516
0.001,0.0017,0.0009,5,True,4,5,3.499537826135719,1.2097000616778218e-06,-0.0008362743190308667,-0.010330611707282462,0.001381614508795087
0.001,0.0017,0.0009,5,False,6,0,4731.49300804249,1.200001413070074e-06,-0.15169909610296353,0.000386246910360434,0.03233192692846147
0.001,0.0017,0.0009,5,False,6,3,5036.403036723973,1.2000018979718942e-06,-0.15191095563405396,0.0007735225015468829,0.03110133702968165
0.001,0.0017,0.0009,5,True,6,7,2.6022737677751104,1.207227076114295e-06,-0.020938662630268622,0.0003146136280970492,-0.0027204285909317363
0.001,0.0017,0.0009,5,True,7,8,3.009279642077977,1.2098232947248453e-06,0.00016696829950024888,-0.009496224951835275,-0.001860074615266664
0.001,0.0017,0.0009,5,True,0,1,2.686308658989378,1.2074674547900096e-06,-0.018810116735927255,0.0002175437833390261,0.00010274656648695855
0.001,0.0017,0.0009,5,False,0,3,2307.1459677696344,1.2000001369878221e-06,-0.15017363507871329,0.00030754833056811947,0.06463761451110409
0.001,0.0017,0.0009,5,False,0,6,2462.8284179945267,1.2000013491304245e-06,-0.1483357459420562,-0.0003250325326162344,0.0664090347238565
0.001,0.0017,0.0009,5,True,1,2,1.3095430546062776,1.2097894034163292e-06,-0.00018826206151472687,-0.0109077686343647,-0.0006181957294145557
0.001,0.0017,0.0009,5,False,1,7,59378.68055117204,1.200130323463311e-06,-0.137277431268262,-0.008077745933850642,0.4651454202822947
0.001,0.0017,0.0009,5,False,3,0,33273.81015971771,1.2000001448729941e-06,-0.15002378661590002,-0.00037946075771845886,-0.3650708141330619
0.001,0.0017,0.0009,5,True,3,4,2.07028915384655,1.2074484065138336e-06,-0.018978269609617272,-0.0004296651255558718,-0.002288892589499613
0.001,0.0017,0.0009,5,False,3,6,33057.17644768794,1.2000019039111461e-06,-0.14905910520394824,-0.0018384056300263453,-0.36452998381870516
0.001,0.0017,0.0009,5,True,4,5,3.499537826135719,1.2097000616778218e-06,-0.0008362743190308667,-0.010330611707282462,0.001381614508795087
0.001,0.0017,0.0009,5,False,6,0,4731.49300804249,1.200001413070074e-06,-0.15169909610296353,0.000386246910360434,0.03233192692846147
0.001,0.0017,0.0009,5,False,6,3,5036.403036723973,1.2000018979718942e-06,-0.15191095563405396,0.0007735225015468829,0.03110133702968165
0.001,0.0017,0.0009,5,True,6,7,2.6022737677751104,1.207227076114295e-06,-0.020938662630268622,0.0003146136280970492,-0.0027204285909317363
0.001,0.0017,0.0009,5,True,7,8,3.009279642077977,1.2098232947248453e-06,0.00016696829950024888,-0.009496224951835275,-0.001860074615266664
0.001,0.0017,0.0009,5,False,7,1,33087.027815799025,1.2001316858040547e-06,-0.13672995699882026,0.007833564497150045,-0.267970109049185
0.001,0.0017,0.0009,5,False,8,5,31059.435177945135,1.201492176395967e-06,-0.09405955185037415,0.003040510151197674,0.15734103172361458
0.001,0.0017,0.0009,5,True,0,1,2.686308658989378,1.2074674547900096e-06,-0.018810116735927255,0.0002175437833390261,0.00010274656648695855
0.001,0.0017,0.0009,5,False,0,3,2307.1459677696344,1.2000001369878221e-06,-0.15017363507871329,0.00030754833056811947,0.06463761451110409
0.001,0.0017,0.0009,5,False,0,6,2462.8284179945267,1.2000013491304245e-06,-0.1483357459420562,-0.0003250325326162344,0.0664090347238565
0.001,0.0017,0.0009,5,True,1,2,1.3095430546062776,1.2097894034163292e-06,-0.00018826206151472687,-0.0109077686343647,-0.0006181957294145557
0.001,0.0017,0.0009,5,False,1,7,59378.68055117204,1.200130323463311e-06,-0.137277431268262,-0.008077745933850642,0.4651454202822947
0.001,0.0017,0.0009,5,False,3,0,33273.81015971771,1.2000001448729941e-06,-0.15002378661590002,-0.00037946075771845886,-0.3650708141330619
0.001,0.0017,0.0009,5,True,3,4,2.07028915384655,1.2074484065138336e-06,-0.018978269609617272,-0.0004296651255558718,-0.002288892589499613
0.001,0.0017,0.0009,5,False,3,6,33057.17644768794,1.2000019039111461e-06,-0.14905910520394824,-0.0018384056300263453,-0.36452998381870516
0.001,0.0017,0.0009,5,True,4,5,3.499537826135719,1.2097000616778218e-06,-0.0008362743190308667,-0.010330611707282462,0.001381614508795087
0.001,0.0017,0.0009,5,False,6,0,4731.49300804249,1.200001413070074e-06,-0.15169909610296353,0.000386246910360434,0.03233192692846147
0.001,0.0017,0.0009,5,False,6,3,5036.403036723973,1.2000018979718942e-06,-0.15191095563405396,0.0007735225015468829,0.03110133702968165
0.001,0.0017,0.0009,5,True,6,7,2.6022737677751104,1.207227076114295e-06,-0.020938662630268622,0.0003146136280970492,-0.0027204285909317363
0.001,0.0017,0.0009,5,True,7,8,3.009279642077977,1.2098232947248453e-06,0.00016696829950024888,-0.009496224951835275,-0.001860074615266664
0.001,0.0017,0.0009,5,False,7,4,45808.30784988184,1.2001935912267928e-06,-0.1319291265961756,0.006766019217379584,-0.05803962784060063
0.001,0.0017,0.0009,5,False,7,1,33450.6533763084,1.2005205132715227e-06,-0.12314807748810172,0.019456966053204513,-0.36597516201615443
0.001,0.0017,0.0009,5,False,8,5,42212.94402211723,1.2006782369389547e-06,-0.11272718521856753,0.00855017891577534,0.034117748178520195
0.001,0.0017,0.0009,5,True,0,1,2.686308658989378,1.2074674547900096e-06,-0.018810116735927255,0.0002175437833390261,0.00010274656648695855
0.001,0.0017,0.0009,5,False,0,3,2307.1459677696344,1.2000001369878221e-06,-0.15017363507871329,0.00030754833056811947,0.06463761451110409
0.001,0.0017,0.0009,5,False,0,6,2462.8284179945267,1.2000013491304245e-06,-0.1483357459420562,-0.0003250325326162344,0.0664090347238565
0.001,0.0017,0.0009,5,True,1,2,1.3095430546062776,1.2097894034163292e-06,-0.00018826206151472687,-0.0109077686343647,-0.0006181957294145557
0.001,0.0017,0.0009,5,False,1,7,59378.68055117204,1.200130323463311e-06,-0.137277431268262,-0.008077745933850642,0.4651454202822947
0.001,0.0017,0.0009,5,False,3,0,33273.81015971771,1.2000001448729941e-06,-0.15002378661590002,-0.00037946075771845886,-0.3650708141330619
0.001,0.0017,0.0009,5,True,3,4,2.07028915384655,1.2074484065138336e-06,-0.018978269609617272,-0.0004296651255558718,-0.002288892589499613
0.001,0.0017,0.0009,5,False,3,6,33057.17644768794,1.2000019039111461e-06,-0.14905910520394824,-0.0018384056300263453,-0.36452998381870516
0.001,0.0017,0.0009,5,True,4,5,3.499537826135719,1.2097000616778218e-06,-0.0008362743190308667,-0.010330611707282462,0.001381614508795087
0.001,0.0017,0.0009,5,False,6,0,4731.49300804249,1.200001413070074e-06,-0.15169909610296353,0.000386246910360434,0.03233192692846147
0.001,0.0017,0.0009,5,False,6,3,5036.403036723973,1.2000018979718942e-06,-0.15191095563405396,0.0007735225015468829,0.03110133702968165
0.001,0.0017,0.0009,5,True,6,7,2.6022737677751104,1.207227076114295e-06,-0.020938662630268622,0.0003146136280970492,-0.0027204285909317363
0.001,0.0017,0.0009,5,True,7,8,3.009279642077977,1.2098232947248453e-06,0.00016696829950024888,-0.009496224951835275,-0.001860074615266664
0.001,0.0017,0.0009,5,False,7,4,46722.36190921366,1.2003763659168544e-06,-0.12646319867954148,0.015696279695780586,-0.20082601724628102
0.001,0.0017,0.0009,5,False,7,1,33450.6533763084,1.2005205132715227e-06,-0.12314807748810172,0.019456966053204513,-0.36597516201615443
0.001,0.0017,0.0009,5,False,8,5,42212.94402211723,1.2006782369389547e-06,-0.11272718521856753,0.00855017891577534,0.034117748178520195
0.001,0.0017,0.0009,5,True,0,1,3.929359796995334,1.207410923243639e-06,-0.019307609826995312,-0.0001598582664829666,-0.003489605819270927
0.001,0.0017,0.0009,5,False,0,3,13284.977867531557,1.2000002916990555e-06,-0.1495485100634628,0.0005189645914886325,-0.21864795587726862
0.001,0.0017,0.0009,5,False,0,6,13357.797991905321,1.2000004563777546e-06,-0.1492123517960407,0.0005616131732626183,-0.21970421256343944
0.001,0.0017,0.0009,5,True,1,2,3.38744836779196,1.2097645816074755e-06,-0.00030402975745063665,-0.009822743821174025,0.0008331439155006488
0.001,0.0017,0.0009,5,False,1,7,59378.68055117204,1.200130323463311e-06,-0.137277431268262,-0.008077745933850642,0.4651454202822947
0.001,0.0017,0.0009,5,False,3,0,10993.582842699185,1.2000002033960444e-06,-0.15030298682929838,-0.00039924533316944906,-0.16500321450860922
0.001,0.0017,0.0009,5,True,3,4,1.5704451027071245,1.207232054651797e-06,-0.02089392851991552,-7.374354918945695e-05,0.0015902029156521652
0.001,0.0017,0.0009,5,False,3,6,10966.824749124413,1.2000001048618578e-06,-0.1496408653760904,0.00019793947599035092,-0.16425934086758112
0.001,0.0017,0.0009,5,True,4,5,3.167253625586116,1.209878471782686e-06,0.0005199441632854158,-0.01056317861536079,0.00202029842148376
0.001,0.0017,0.0009,5,False,4,8,1802.8658791241492,1.2060811149274237e-06,-0.03219574887565604,-0.010126410931031612,0.009764762823670916
0.001,0.0017,0.0009,5,False,6,0,2055.9637236439808,1.2000004257652588e-06,-0.150438890238933,-0.000816224805323837,0.028138069540682015
0.001,0.0017,0.0009,5,False,6,3,2005.9001790494435,1.2000000921514178e-06,-0.150286612053105,-0.00023250947673720442,0.02993819986773933
0.001,0.0017,0.0009,5,True,6,7,1.6611007865362744,1.2073149675267626e-06,-0.02015715080411434,-0.00042578364977072073,0.0005197776764986415
0.001,0.0017,0.0009,5,True,7,8,2.18171566421127,1.2097621732103686e-06,-0.000347730088526017,-0.010197467292290334,0.001414153649234695
0.001,0.0017,0.0009,5,False,7,4,46722.36190921366,1.2003763659168544e-06,-0.12646319867954148,0.015696279695780586,-0.20082601724628102
0.001,0.0017,0.0009,5,False,7,1,33450.6533763084,1.2005205132715227e-06,-0.12314807748810172,0.019456966053204513,-0.36597516201615443
0.001,0.0017,0.0009,5,False,8,5,42212.94402211723,1.2006782369389547e-06,-0.11272718521856753,0.00855017891577534,0.034117748178520195
0.001,0.0017,0.0009,5,True,0,1,3.3885360201193215,1.207347773789936e-06,-0.01986506393189312,0.0001101208876859685,-0.003324555586194065
0.001,0.0017,0.0009,5,False,0,3,13304.460407702249,1.200000227968583e-06,-0.1498770914174715,0.0006364547871280738,-0.22149826629220748
0.001,0.0017,0.0009,5,False,0,6,13381.210470316597,1.200000454858716e-06,-0.14929028588902435,0.0006581987970013247,-0.22240095050221842
0.001,0.0017,0.0009,5,True,1,2,3.8141916390943913,1.2097859655945499e-06,-0.00013281217868197102,-0.009720945823336324,0.00047759082350302625
0.001,0.0017,0.0009,5,False,1,7,59378.68055117204,1.200130323463311e-06,-0.137277431268262,-0.008077745933850642,0.4651454202822947
0.001,0.0017,0.0009,5,False,3,0,8858.128420665398,1.2000002647697692e-06,-0.1498770991943782,-0.000705396812744429,-0.08542122385727856
0.001,0.0017,0.0009,5,True,3,4,1.4108241109828057,1.2072973791058444e-06,-0.020312662506506363,-0.00046787486120075157,0.001782196018686765
0.001,0.0017,0.0009,5,False,3,6,8683.301393013417,1.20000016882059e-06,-0.14941568073209477,0.00013817867603036282,-0.08449313722890255
0.001,0.0017,0.0009,5,True,4,5,3.8208685258154347,1.2098301620695238e-06,0.00019048454918453456,-0.009960164081692351,0.0010541962999956857
0.001,0.0017,0.0009,5,False,4,8,2375.1777035074365,1.2064939099734239e-06,-0.028994200851121817,-0.017645312797453867,0.03144983698813085
0.001,0.0017,0.0009,5,False,6,0,5571.708463106097,1.200000445727623e-06,-0.1502462578206969,-0.0009237552471632032,0.06537468712072514
0.001,0.0017,0.0009,5,False,6,3,5524.002694172994,1.2000001679233187e-06,-0.15052406675770097,-0.0002891726712289247,0.06720545795917131
0.001,0.0017,0.0009,5,True,6,7,2.293291670611208,1.2072112572962668e-06,-0.02108287404368009,-0.0008041678621998787,0.0009918727134008655
0.001,0.0017,0.0009,5,True,7,8,1.9116782046973255,1.2098251686826555e-06,0.00011651855289342921,-0.010487253890459554,0.0023206652522566058
0.001,0.0017,0.0009,5,False,7,4,46722.36190921366,1.2003763659168544e-06,-0.12646319867954148,0.015696279695780586,-0.20082601724628102
0.001,0.0017,0.0009,5,False,7,5,4464.030593341489,1.2116066036649432e-06,0.013500093855591129,0.003049562752513066,0.03255771448507229
0.001,0.0017,0.0009,5,False,7,1,33450.6533763084,1.2005205132715227e-06,-0.12314807748810172,0.019456966053204513,-0.36597516201615443
0.001,0.0017,0.0009,5,False,8,5,42212.94402211723,1.2006782369389547e-06,-0.11272718521856753,0.00855017891577534,0.034117748178520195
0.001,0.0017,0.0009,5,True,0,1,3.3885360201193215,1.207347773789936e-06,-0.01986506393189312,0.0001101208876859685,-0.003324555586194065
0.001,0.0017,0.0009,5,False,0,3,13304.460407702249,1.200000227968583e-06,-0.1498770914174715,0.0006364547871280738,-0.22149826629220748
0.001,0.0017,0.0009,5,False,0,6,13381.210470316597,1.200000454858716e-06,-0.14929028588902435,0.0006581987970013247,-0.22240095050221842
0.001,0.0017,0.0009,5,True,1,2,3.8141916390943913,1.2097859655945499e-06,-0.00013281217868197102,-0.009720945823336324,0.00047759082350302625
0.001,0.0017,0.0009,5,False,1,7,59378.68055117204,1.200130323463311e-06,-0.137277431268262,-0.008077745933850642,0.4651454202822947
0.001,0.0017,0.0009,5,False,3,0,8858.128420665398,1.2000002647697692e-06,-0.1498770991943782,-0.000705396812744429,-0.08542122385727856
0.001,0.0017,0.0009,5,True,3,4,1.4108241109828057,1.2072973791058444e-06,-0.020312662506506363,-0.00046787486120075157,0.001782196018686765
0.001,0.0017,0.0009,5,False,3,6,8683.301393013417,1.20000016882059e-06,-0.14941568073209477,0.00013817867603036282,-0.08449313722890255
0.001,0.0017,0.0009,5,True,4,5,3.8208685258154347,1.2098301620695238e-06,0.00019048454918453456,-0.009960164081692351,0.0010541962999956857
0.001,0.0017,0.0009,5,False,4,8,2375.1777035074365,1.2064939099734239e-06,-0.028994200851121817,-0.017645312797453867,0.03144983698813085
0.001,0.0017,0.0009,5,False,5,8,61818.26161104466,1.200188163075027e-06,-0.16757036989540527,-0.010797214746995635,0.07632187546840687
0.001,0.0017,0.0009,5,False,6,0,5571.708463106097,1.200000445727623e-06,-0.1502462578206969,-0.0009237552471632032,0.06537468712072514
0.001,0.0017,0.0009,5,False,6,3,5524.002694172994,1.2000001679233187e-06,-0.15052406675770097,-0.0002891726712289247,0.06720545795917131
0.001,0.0017,0.0009,5,True,6,7,2.293291670611208,1.2072112572962668e-06,-0.02108287404368009,-0.0008041678621998787,0.0009918727134008655
0.001,0.0017,0.0009,5,True,7,8,1.9116782046973255,1.2098251686826555e-06,0.00011651855289342921,-0.010487253890459554,0.0023206652522566058
0.001,0.0017,0.0009,5,False,7,4,46722.36190921366,1.2003763659168544e-06,-0.12646319867954148,0.015696279695780586,-0.20082601724628102
0.001,0.0017,0.0009,5,False,7,5,4712.716320533518,1.2113603763373472e-06,0.011778773571810296,0.001178445405091624,-0.008105900049519252
0.001,0.0017,0.0009,5,False,7,1,33450.6533763084,1.2005205132715227e-06,-0.12314807748810172,0.019456966053204513,-0.36597516201615443
0.001,0.0017,0.0009,5,False,8,5,42212.94402211723,1.2006782369389547e-06,-0.11272718521856753,0.00855017891577534,0.034117748178520195
0.001,0.0017,0.0009,5,True,0,1,3.3885360201193215,1.207347773789936e-06,-0.01986506393189312,0.0001101208876859685,-0.003324555586194065
0.001,0.0017,0.0009,5,False,0,3,13304.460407702249,1.200000227968583e-06,-0.1498770914174715,0.0006364547871280738,-0.22149826629220748
0.001,0.0017,0.0009,5,False,0,6,13381.210470316597,1.200000454858716e-06,-0.14929028588902435,0.0006581987970013247,-0.22240095050221842
0.001,0.0017,0.0009,5,True,1,2,3.8141916390943913,1.2097859655945499e-06,-0.00013281217868197102,-0.009720945823336324,0.00047759082350302625
0.001,0.0017,0.0009,5,False,1,7,59378.68055117204,1.200130323463311e-06,-0.137277431268262,-0.008077745933850642,0.4651454202822947
0.001,0.0017,0.0009,5,False,3,0,8858.128420665398,1.2000002647697692e-06,-0.1498770991943782,-0.000705396812744429,-0.08542122385727856
0.001,0.0017,0.0009,5,True,3,4,1.4108241109828057,1.2072973791058444e-06,-0.020312662506506363,-0.00046787486120075157,0.001782196018686765
0.001,0.0017,0.0009,5,False,3,6,8683.301393013417,1.20000016882059e-06,-0.14941568073209477,0.00013817867603036282,-0.08449313722890255
0.001,0.0017,0.0009,5,False,3,7,1734.079805945108,1.207282368717184e-06,-0.020486160400536326,-0.000381120811573935,-0.005885089257164166
0.001,0.0017,0.0009,5,True,4,5,3.8208685258154347,1.2098301620695238e-06,0.00019048454918453456,-0.009960164081692351,0.0010541962999956857
0.001,0.0017,0.0009,5,False,4,8,2375.1777035074365,1.2064939099734239e-06,-0.028994200851121817,-0.017645312797453867,0.03144983698813085
0.001,0.0017,0.0009,5,False,4,7,8279.775785434565,1.2000158336967095e-06,-0.15128582377151997,-0.0018777699261407097,0.05537917321201657
0.001,0.0017,0.0009,5,False,5,8,51373.630507282345,1.2000977697829371e-06,-0.1636523892940805,-0.0037907078239600004,0.18012207451993842
0.001,0.0017,0.0009,5,False,6,0,5571.708463106097,1.200000445727623e-06,-0.1502462578206969,-0.0009237552471632032,0.06537468712072514
0.001,0.0017,0.0009,5,False,6,3,5524.002694172994,1.2000001679233187e-06,-0.15052406675770097,-0.0002891726712289247,0.06720545795917131
0.001,0.0017,0.0009,5,True,6,7,2.293291670611208,1.2072112572962668e-06,-0.02108287404368009,-0.0008041678621998787,0.0009918727134008655
0.001,0.0017,0.0009,5,True,7,8,1.9116782046973255,1.2098251686826555e-06,0.00011651855289342921,-0.010487253890459554,0.0023206652522566058
0.001,0.0017,0.0009,5,False,7,4,46722.36190921366,1.2003763659168544e-06,-0.12646319867954148,0.015696279695780586,-0.20082601724628102
0.001,0.0017,0.0009,5,False,7,5,4712.716320533518,1.2113603763373472e-06,0.011778773571810296,0.001178445405091624,-0.008105900049519252
0.001,0.0017,0.0009,5,False,7,1,33450.6533763084,1.2005205132715227e-06,-0.12314807748810172,0.019456966053204513,-0.36597516201615443
0.001,0.0017,0.0009,5,False,8,5,11530.039445396269,1.2001848414897135e-06,-0.13302874202185297,-0.011000942241729879,-0.13590078767811123
0.001,0.0017,0.0009,5,True,0,1,3.3885360201193215,1.207347773789936e-06,-0.01986506393189312,0.0001101208876859685,-0.003324555586194065
0.001,0.0017,0.0009,5,False,0,3,13304.460407702249,1.200000227968583e-06,-0.1498770914174715,0.0006364547871280738,-0.22149826629220748
0.001,0.0017,0.0009,5,False,0,6,13381.210470316597,1.200000454858716e-06,-0.14929028588902435,0.0006581987970013247,-0.22240095050221842
0.001,0.0017,0.0009,5,True,1,2,3.8141916390943913,1.2097859655945499e-06,-0.00013281217868197102,-0.009720945823336324,0.00047759082350302625
0.001,0.0017,0.0009,5,False,1,7,59378.68055117204,1.200130323463311e-06,-0.137277431268262,-0.008077745933850642,0.4651454202822947
0.001,0.0017,0.0009,5,False,3,0,8858.128420665398,1.2000002647697692e-06,-0.1498770991943782,-0.000705396812744429,-0.08542122385727856
0.001,0.0017,0.0009,5,True,3,4,1.4108241109828057,1.2072973791058444e-06,-0.020312662506506363,-0.00046787486120075157,0.001782196018686765
0.001,0.0017,0.0009,5,False,3,6,8683.301393013417,1.20000016882059e-06,-0.14941568073209477,0.00013817867603036282,-0.08449313722890255
0.001,0.0017,0.0009,5,False,3,7,2163.234343983258,1.2072348839756363e-06,-0.020915846584169433,0.0006391822733447046,0.0006114618324725479
0.001,0.0017,0.0009,5,True,4,5,3.8208685258154347,1.2098301620695238e-06,0.00019048454918453456,-0.009960164081692351,0.0010541962999956857
0.001,0.0017,0.0009,5,False,4,8,2375.1777035074365,1.2064939099734239e-06,-0.028994200851121817,-0.017645312797453867,0.03144983698813085
0.001,0.0017,0.0009,5,False,4,7,8653.600580770677,1.2000178375268132e-06,-0.15156722237834733,-6.404216617826759e-05,0.05724136667270998
0.001,0.0017,0.0009,5,False,5,8,51373.630507282345,1.2000977697829371e-06,-0.1636523892940805,-0.0037907078239600004,0.18012207451993842
0.001,0.0017,0.0009,5,False,6,0,5571.708463106097,1.200000445727623e-06,-0.1502462578206969,-0.0009237552471632032,0.06537468712072514
0.001,0.0017,0.0009,5,False,6,3,5524.002694172994,1.2000001679233187e-06,-0.15052406675770097,-0.0002891726712289247,0.06720545795917131
0.001,0.0017,0.0009,5,True,6,7,2.293291670611208,1.2072112572962668e-06,-0.02108287404368009,-0.0008041678621998787,0.0009918727134008655
0.001,0.0017,0.0009,5,False,6,4,1414.7515941754536,1.2072594885598082e-06,-0.020847170240272987,-0.00671425999757146,-0.03317165492189046
0.001,0.0017,0.0009,5,True,7,8,1.9116782046973255,1.2098251686826555e-06,0.00011651855289342921,-0.010487253890459554,0.0023206652522566058
0.001,0.0017,0.0009,5,False,7,4,11328.931232864597,1.200185772251987e-06,-0.1381507029773617,0.015468826741593254,-0.1650942705870671
0.001,0.0017,0.0009,5,False,7,5,4712.716320533518,1.2113603763373472e-06,0.011778773571810296,0.001178445405091624,-0.008105900049519252
0.001,0.0017,0.0009,5,False,7,1,33450.6533763084,1.2005205132715227e-06,-0.12314807748810172,0.019456966053204513,-0.36597516201615443
0.001,0.0017,0.0009,5,False,8,5,11530.039445396269,1.2001848414897135e-06,-0.13302874202185297,-0.011000942241729879,-0.13590078767811123
0.001,0.0017,0.0009,5,True,0,1,3.3885360201193215,1.207347773789936e-06,-0.01986506393189312,0.0001101208876859685,-0.003324555586194065
0.001,0.0017,0.0009,5,False,0,3,13304.460407702249,1.200000227968583e-06,-0.1498770914174715,0.0006364547871280738,-0.22149826629220748
0.001,0.0017,0.0009,5,False,0,6,13381.210470316597,1.200000454858716e-06,-0.14929028588902435,0.0006581987970013247,-0.22240095050221842
0.001,0.0017,0.0009,5,True,1,2,3.8141916390943913,1.2097859655945499e-06,-0.00013281217868197102,-0.009720945823336324,0.00047759082350302625
0.001,0.0017,0.0009,5,False,1,7,69596.39543416072,1.2001629540555042e-06,-0.13626030604898856,-0.011127259289034568,0.37494598618945796
0.001,0.0017,0.0009,5,False,3,0,8858.128420665398,1.2000002647697692e-06,-0.1498770991943782,-0.000705396812744429,-0.08542122385727856
0.001,0.0017,0.0009,5,True,3,4,1.4108241109828057,1.2072973791058444e-06,-0.020312662506506363,-0.00046787486120075157,0.001782196018686765
0.001,0.0017,0.0009,5,False,3,6,8683.301393013417,1.20000016882059e-06,-0.14941568073209477,0.00013817867603036282,-0.08449313722890255
0.001,0.0017,0.0009,5,False,3,7,2163.234343983258,1.2072348839756363e-06,-0.020915846584169433,0.0006391822733447046,0.0006114618324725479
0.001,0.0017,0.0009,5,True,4,5,3.8208685258154347,1.2098301620695238e-06,0.00019048454918453456,-0.009960164081692351,0.0010541962999956857
0.001,0.0017,0.0009,5,False,4,8,2375.1777035074365,1.2064939099734239e-06,-0.028994200851121817,-0.017645312797453867,0.03144983698813085
0.001,0.0017,0.0009,5,False,4,7,8653.600580770677,1.2000178375268132e-06,-0.15156722237834733,-6.404216617826759e-05,0.05724136667270998
0.001,0.0017,0.0009,5,False,5,8,51373.630507282345,1.2000977697829371e-06,-0.1636523892940805,-0.0037907078239600004,0.18012207451993842
0.001,0.0017,0.0009,5,False,6,0,5571.708463106097,1.200000445727623e-06,-0.1502462578206969,-0.0009237552471632032,0.06537468712072514
0.001,0.0017,0.0009,5,False,6,3,5524.002694172994,1.2000001679233187e-06,-0.15052406675770097,-0.0002891726712289247,0.06720545795917131
0.001,0.0017,0.0009,5,True,6,7,2.293291670611208,1.2072112572962668e-06,-0.02108287404368009,-0.0008041678621998787,0.0009918727134008655
0.001,0.0017,0.0009,5,False,6,4,1414.7515941754536,1.2072594885598082e-06,-0.020847170240272987,-0.00671425999757146,-0.03317165492189046
0.001,0.0017,0.0009,5,True,7,8,1.9116782046973255,1.2098251686826555e-06,0.00011651855289342921,-0.010487253890459554,0.0023206652522566058
0.001,0.0017,0.0009,5,False,7,4,11328.931232864597,1.200185772251987e-06,-0.1381507029773617,0.015468826741593254,-0.1650942705870671
0.001,0.0017,0.0009,5,False,7,5,4712.716320533518,1.2113603763373472e-06,0.011778773571810296,0.001178445405091624,-0.008105900049519252
0.001,0.0017,0.0009,5,False,7,1,33450.6533763084,1.2005205132715227e-06,-0.12314807748810172,0.019456966053204513,-0.36597516201615443
0.001,0.0017,0.0009,5,False,8,5,11530.039445396269,1.2001848414897135e-06,-0.13302874202185297,-0.011000942241729879,-0.13590078767811123
0.001,0.0017,0.0009,5,True,0,1,1.5626783552684747,1.2073162187377306e-06,-0.02015244742141601,-0.0013506633259864425,-0.00034530840676151066
0.001,0.0017,0.0009,5,False,0,3,15770.349652099705,1.2000004956326668e-06,-0.14916374349773173,-0.0004965863247529425,0.18310638917043348
0.001,0.0017,0.0009,5,False,0,6,15500.476740678636,1.200000423179347e-06,-0.15009070897912297,-0.0008793602850149219,0.181454227908585
0.001,0.0017,0.0009,5,True,1,2,1.1076622453620053,1.2099654501734305e-06,0.0012627791675104156,-0.009375079647838678,-0.0015432357673282467
0.001,0.0017,0.0009,5,False,1,7,69596.39543416072,1.2001629540555042e-06,-0.13626030604898856,-0.011127259289034568,0.37494598618945796
0.001,0.0017,0.0009,5,False,3,0,50605.20057190098,1.2000004549905257e-06,-0.1509128872112213,0.0001019637500566169,0.42628620047134397
0.001,0.0017,0.0009,5,True,3,4,2.0641543288696504,1.2073273057129797e-06,-0.020046229943601498,-0.00013095608239653786,0.0018140168197804528
0.001,0.0017,0.0009,5,False,3,6,49866.26715355282,1.2000004882556752e-06,-0.15066498605634884,-0.0007284449742796772,0.4234513190014875
0.001,0.0017,0.0009,5,False,3,7,2163.234343983258,1.2072348839756363e-06,-0.020915846584169433,0.0006391822733447046,0.0006114618324725479
0.001,0.0017,0.0009,5,True,4,5,2.94367808417366,1.209762118202444e-06,-0.0003701685603108032,-0.010502345702167137,-0.0020331181255737853
0.001,0.0017,0.0009,5,False,4,8,2375.1777035074365,1.2064939099734239e-06,-0.028994200851121817,-0.017645312797453867,0.03144983698813085
0.001,0.0017,0.0009,5,False,4,7,8653.600580770677,1.2000178375268132e-06,-0.15156722237834733,-6.404216617826759e-05,0.05724136667270998
0.001,0.0017,0.0009,5,False,5,8,51373.630507282345,1.2000977697829371e-06,-0.1636523892940805,-0.0037907078239600004,0.18012207451993842
0.001,0.0017,0.0009,5,False,6,0,22768.993819798066,1.2000003256584633e-06,-0.14992651704722737,0.0007286715235724271,0.3007956384650609
0.001,0.0017,0.0009,5,False,6,3,22631.22380609553,1.2000006715692264e-06,-0.14894429243306395,0.0005649070664821512,0.2996129182571399
0.001,0.0017,0.0009,5,True,6,7,1.2790980066024713,1.2073791159088962e-06,-0.01959214277683477,0.0010858528248726606,0.0017059572784941985
0.001,0.0017,0.0009,5,False,6,4,1414.7515941754536,1.2072594885598082e-06,-0.020847170240272987,-0.00671425999757146,-0.03317165492189046
0.001,0.0017,0.0009,5,True,7,8,1.10682822992604,1.2097468948295234e-06,-0.0005399475181416158,-0.011237138653382326,0.0009524948825952669
0.001,0.0017,0.0009,5,False,7,4,11328.931232864597,1.200185772251987e-06,-0.1381507029773617,0.015468826741593254,-0.1650942705870671
0.001,0.0017,0.0009,5,False,7,5,4712.716320533518,1.2113603763373472e-06,0.011778773571810296,0.001178445405091624,-0.008105900049519252
0.001,0.0017,0.0009,5,False,7,1,33450.6533763084,1.2005205132715227e-06,-0.12314807748810172,0.019456966053204513,-0.36597516201615443
0.001,0.0017,0.0009,5,False,8,5,11530.039445396269,1.2001848414897135e-06,-0.13302874202185297,-0.011000942241729879,-0.13590078767811123
